text,intent,label_id
help! i need to cancel a transaction.,cancel_transfer,9
"i have to transfer money over to my mother, and i have tried numerous times and all that keeps happening is error messages.",beneficiary_not_allowed,8
my transfer is pending.,balance_not_updated_after_bank_transfer,6
"someone stole my phone, what is my next step?",lost_or_stolen_phone,43
did i do something incorrectly? where is my top-up?,pending_top_up,48
can i cancel a charge?,cancel_transfer,9
why is my cash still pending that i put in atm?,pending_cash_withdrawal,47
i would like to report an issue with my product and want to get it refunded,request_refund,52
a refund for a recent return has not arrived on my card.,Refund_not_showing_up,0
a duplicated payment was made for something.,transaction_charged_twice,63
how can i choose between visa and mastercard?,visa_or_mastercard,73
i got a message that my transfer is not possible. what is happening? i need this to go through please.,beneficiary_not_allowed,8
where do i request a disposable virtual card?,get_disposable_virtual_card,38
i don't understand why i was charged extra for withdrawing money?,cash_withdrawal_charge,20
"my transfer failed, why?",failed_transfer,36
have you sent out my card yet?,card_arrival,12
where can i order a card when i am in china?,card_about_to_expire,10
i sent payment with eu transfer and they still haven't received it. how long does it take?,pending_transfer,49
i cannot activate my card.,activate_my_card,1
i have used this account overseas recently. has there been an increase in fees that i am unaware of?,transfer_fee_charged,64
how many disposable cards per day am i allowed to have?,disposable_card_limits,30
"it's been two weeks and i haven't gotten my card, what do i do?",card_arrival,12
my statement has a dollar i have been charged showing up on it.,extra_charge_on_statement,35
"who do i talk to, to cancel a transfer?",cancel_transfer,9
the top-up verification code is missing,verify_top_up,71
why is my card not working?,card_not_working,15
there is money in my account that i didnt put there,cash_withdrawal_not_recognised,21
when should i expect to receive my card?,card_delivery_estimate,13
where do i change my pin?,change_pin,22
i don't know where a direct debit payment came from,direct_debit_payment_not_recognised,29
shopping on line i was declined when trying to buy something.,declined_transfer,28
when i'm traveling is it possible to add money automatically at certain time points?,automatic_top_up,5
"could i reactivate my card please, i couldn't find it but it turns out it was in my jacket pocket.",card_linking,14
why did my payment get declined?,declined_transfer,28
double check your funds may be declined,declined_transfer,28
"i couldn't use my contactless this morning, it wasn't accepted.",contactless_not_working,24
what do i have to do to prove my identity?,unable_to_verify_identity,68
do i get to have one of those virtual cards i've heard about?,getting_virtual_card,41
"i want to reactivate my card, i found it after thinking it was lost.",card_linking,14
are there limits to businesses that will accept this card?,card_acceptance,11
is there a location where i can change my pin?,change_pin,22
what are the limits for disposable virtual cards?,disposable_card_limits,30
i bought something in a foreign currency but the rate applied is wrong!,card_payment_wrong_exchange_rate,18
i withdrew cash and dont see it reflected on the balance,pending_cash_withdrawal,47
i'd like to transfer funds using my credit card.,topping_up_by_card,62
how do you determine your exchange rates because one of yours was off when i got cash,wrong_exchange_rate_for_cash_withdrawal,76
is it possible to exchange usd and gbp on the app?,exchange_via_app,34
i made a transfer from my uk account a couple of hours ago. could you please make sure everything went alright.,balance_not_updated_after_bank_transfer,6
i think the top up failed,top_up_failed,59
"it looks like someone else withdrew cash from my account, can you help?",cash_withdrawal_not_recognised,21
how can i change my pin without going to the bank?,change_pin,22
can i exchange currency to europe?,fiat_currency_support,37
what's my pin number?,get_physical_card,39
"i need your help to check my account, please! my card keeps being declined at the atm, and i've already tried two different ones!",declined_cash_withdrawal,27
i think i see a withdraw i did not make.,cash_withdrawal_not_recognised,21
some cash shows up on my app.,cash_withdrawal_not_recognised,21
why has my transfer not arrived yet?,transfer_not_received_by_recipient,66
my account isn't showing a transfer i made.,balance_not_updated_after_bank_transfer,6
will i need a new card or can i put my old card back into the app?,card_linking,14
how long will it take to refund me,Refund_not_showing_up,0
during the last month i used this account to make payments for my place abroad. i noticed the fees have increased and i wonder why. shouldn't frequent users have less fees as incentive to keep using instead of increasing them out of nowhere?,transfer_fee_charged,64
my top up hasn't gone through,pending_top_up,48
delete this account!,terminate_account,55
i thought i was going to receive more currency?,wrong_exchange_rate_for_cash_withdrawal,76
why wouldnt the atm give me money,declined_cash_withdrawal,27
i've just been married and need to update my name,edit_personal_details,31
atm refused to give me money,declined_cash_withdrawal,27
is it normal to get charged extra when i use my card?,card_payment_fee_charged,16
how do i go about ordering a card?,order_physical_card,44
i made a check deposit but the cash hasn't arrived in my account yet.,balance_not_updated_after_cheque_or_cash_deposit,7
can you explain why the atm is giving me less money than what i asked for?,wrong_amount_of_cash_received,75
how's the exchange rate looking right now?,exchange_rate,33
would i need to pay extra for exchanging currencies?,exchange_charge,32
how do i fix a broken card?,card_not_working,15
please tell me the types of currency i can hold.,fiat_currency_support,37
i transfered and yet it is still pending,pending_transfer,49
do you know why my card payment has been declined?,declined_card_payment,26
could my daughter open an account?,age_limit,2
are transfers to a beneficiary possible,beneficiary_not_allowed,8
"after reviewing my charges, i see i was charged a fee for a transfer i did, why?",transfer_fee_charged,64
i was needing you to see if the exchange rate is correct from when i got cash,wrong_exchange_rate_for_cash_withdrawal,76
in the past month i often used this account to manage payments for my new holiday villa. now all of a sudden your fees have increased exorbitantly! don't you have a rewards programme for frequent users?,transfer_fee_charged,64
can you tell me exactly what fees i will expect to see in regards to your cards?,order_physical_card,44
do i have to wait to get the pin or can i set up a pin,get_physical_card,39
my google pay seems to be acting up.,apple_pay_or_google_pay,3
how long is the wait for a us transfer?,transfer_timing,67
can you look to make sure the exchange rate is correct,wrong_exchange_rate_for_cash_withdrawal,76
i believe someone is using my card without my agreement!,compromised_card,23
the atm keeps declining my card! i tried two different atms already can you please check if everything is alright with my account??,declined_cash_withdrawal,27
what does it mean when it says i have a payment pending?,pending_card_payment,46
my account is showing a double charge.,transaction_charged_twice,63
how come i can see an extra charge for my transfer?,transfer_fee_charged,64
how would you use a disposable card?,get_disposable_virtual_card,38
this company sucks! can you terminate my account?,terminate_account,55
my card payment won't work.,declined_card_payment,26
"hi, i sent a payment to the wrong account number - can you cancel it as soon as possible?",cancel_transfer,9
what do i do if my card is not working?,card_not_working,15
is there a charge for sending out more cards?,getting_spare_card,40
is it possible to use apple pay to put money in my account?,apple_pay_or_google_pay,3
how do i go about linking a new card?,card_linking,14
i don't recall making that payment?,card_payment_not_recognised,17
can i use my card in another institutions atm?,atm_support,4
what does it mean when my top up is saying still pending?,pending_top_up,48
what is the cost for exchanging currencies?,exchange_charge,32
can i have a refund for one of your products?,request_refund,52
can i use my american express card to add money into my account?,supported_cards_and_currencies,54
can you tell me where i can order a virtual card?,getting_virtual_card,41
what is the process to link the new card?,card_linking,14
what is the length of a transaction completion?,transfer_not_received_by_recipient,66
"i need to use my disposable card multiple times a day, is there a cutoff limit?",disposable_card_limits,30
my top-up was declined,top_up_failed,59
can you tell me how i go about activating a new card?,activate_my_card,1
hi i'm sending some money over to an investment bank i do business and the transaction is being rejected. i'm not sure why as i think i have the right details.,failed_transfer,36
the app reverted after i topped-up,top_up_reverted,61
my card payment is showing pending however this transaction was a couple of days ago. is there a reason why it it still pending?,pending_card_payment,46
explain to me why a transfer would be declined.,declined_transfer,28
why isn't my card working anymore?,card_not_working,15
i don't remember my login code,passcode_forgotten,45
how do i re-add a card to the app?,card_linking,14
i'd like to delete my account.,terminate_account,55
"i put cash in my account, but i don't see it.",balance_not_updated_after_cheque_or_cash_deposit,7
my disposable virtual card won't work.,virtual_card_not_working,72
how can disposable cards be used?,get_disposable_virtual_card,38
need help with my card. it's not working.,card_not_working,15
what's the time frame on eu transfers? i purchased something a couple of days ago but the seller hasn't received my payment.,pending_transfer,49
how do i become aware of where my funds come from?,verify_source_of_funds,70
why is my withdrawl to cash still pending?,pending_cash_withdrawal,47
i am seeing in the app a some cash withdrawal that i did not do,cash_withdrawal_not_recognised,21
is topping up with cash allowed?,top_up_by_cash_or_cheque,58
which atms am i allowed to get money from?,atm_support,4
how do i top up my card using your app? i'm new to this.,topping_up_by_card,62
"i was out today looking forward to paying with my new card, turns out the payment kept getting declined. this is really sad, what's going on?",declined_card_payment,26
my phone was stolen! what do i need to do?,lost_or_stolen_phone,43
tell me more about getting a virtual disposable card.,get_disposable_virtual_card,38
tell me what i need to do to activate my card.,activate_my_card,1
i am having trouble verifying my id.,unable_to_verify_identity,68
"why did i get charged for something i bought online? even though it was international, i thought it would be covered.",transfer_fee_charged,64
i would like to know why a withdraw i made for some cash shows up as pending.,pending_cash_withdrawal,47
my account was charged twice for one purchase,transaction_charged_twice,63
how do i find out why my card won't work?,card_not_working,15
do you support the exchange of eur from my currency.,fiat_currency_support,37
"the service of this company sucks, i need to terminate my account.",terminate_account,55
i deposited money but my balance hasn't been updated yet.,balance_not_updated_after_cheque_or_cash_deposit,7
"i've made a transfer, how long until the money reaches my account?",transfer_timing,67
i'm having trouble verifying my id.,unable_to_verify_identity,68
can you tell me where i can order a disposable virtual card?,get_disposable_virtual_card,38
so what about the card pin?,get_physical_card,39
i am angry that i got charged for using my card.,card_payment_fee_charged,16
how do i get a disposable virtual card as well?,get_disposable_virtual_card,38
i think my top up is still pending?,pending_top_up,48
i am seeing inside the app a some cash withdrawal that is not mine,cash_withdrawal_not_recognised,21
the atm didnt return my card!,card_swallowed,19
how long will my top-up be pending?,pending_top_up,48
do you know if my top-up has been cancelled?,top_up_reverted,61
do you have to be 18 to make an account?,age_limit,2
i made a mistake this morning when i did a transfer. how do i reverse it?,cancel_transfer,9
help me to set up contactless payments.,contactless_not_working,24
"may monthly payment to apple has been declined but i don't know why, they are going to re-try the payment and it must go through, can you tell me what is going on please?",declined_card_payment,26
i would like to cancel my account.,terminate_account,55
i recently made a transfer but i need to cancel it as soon as possible. please let me know when this happens.,cancel_transfer,9
i tried activating my card and it didn't work,activate_my_card,1
i am seeing an extra fee on my statement what is that for?,extra_charge_on_statement,35
why am i being a charged for using my card?,card_payment_fee_charged,16
i have a payment that hasn't went through yet.,pending_card_payment,46
why is it asking me to verify my identity,why_verify_identity,74
i want to request a physical card,order_physical_card,44
my phone is missing or stolen.,lost_or_stolen_phone,43
are there any limits if i use these virtual cards?,disposable_card_limits,30
"my pin has been blocked, what should i do?",pin_blocked,50
which credit card top-ups do you accept?,supported_cards_and_currencies,54
payment did not process,beneficiary_not_allowed,8
how can i reset my passcode?,passcode_forgotten,45
"i am calling because the atm didn't give me the right amount of cash, but my app shows the actual amount i wanted to withdraw. what should i do to get my money back?",wrong_amount_of_cash_received,75
how do i obtain a second card?,getting_spare_card,40
i am seeing pending from the card payment i made.,pending_card_payment,46
"my id verification hasn't gone through yet, but can i use my account anyway?",why_verify_identity,74
how can i deposit money to my account?,transfer_into_account,65
i think someone may have cloned my card or something. my card isn't lost but i just saw a charge of 500 cash withdraw. can you help me?,cash_withdrawal_not_recognised,21
my phone has been stolen.,lost_or_stolen_phone,43
how many payments can i make using a virtual card?,disposable_card_limits,30
i was charged a fee after using my card and i shouldn't have been.,card_payment_fee_charged,16
"unable to complete transfer, states 'declined'",declined_transfer,28
i tried to use my disposable virtual card to pay a subscription to the gym and it got rejected. any ideas why?,virtual_card_not_working,72
what do i do since the machine swallowed my card. i need one.,card_swallowed,19
"i want to close an account but im not sure about setting up a new one in the future, what do you recommend",terminate_account,55
why was there a fee on my cash withdrawal?,cash_withdrawal_charge,20
i think i was charged by mistake on my debit statement.,direct_debit_payment_not_recognised,29
why was the exchange wrong for the item i purchased?,card_payment_wrong_exchange_rate,18
"why are you charging for cash withdrawals? i went to withdraw some money earlier today after getting my groceries, and it appears there is a fee that wasn't there before",cash_withdrawal_charge,20
i am very dissatisfied with the services that you are providing. i want to cancel my account.,terminate_account,55
i topped up about half an hour ago and the charge is still pending. i'm a new customer and today is my first time doing this. can you fix it? it doesn't seem to be working.,pending_top_up,48
i need the source of my funds verified. how do i do this?,verify_source_of_funds,70
please inform me how to get a new card as mine is about to expire.,card_about_to_expire,10
i want to use a payment card to top up my account. how can i do this?,supported_cards_and_currencies,54
"i was using foreign currency at an atm, but the rate was typed in wrong.",wrong_exchange_rate_for_cash_withdrawal,76
"someone has a copy of my card. i have my card with me, but someone just made a 500 cash withdrawal. help me.",cash_withdrawal_not_recognised,21
there's a cash withdrawal i am certain i did not make,cash_withdrawal_not_recognised,21
"i was charged twice for a restaurant, can you take the second charge off?",transaction_charged_twice,63
where is the cash i deposited?,balance_not_updated_after_cheque_or_cash_deposit,7
when will i receive a transfer from europe?,transfer_timing,67
do you allow currency exchanges?,fiat_currency_support,37
do you take checks?,top_up_by_cash_or_cheque,58
what do i need to do in order to get a new card?,order_physical_card,44
do i have to pay for a second card?,getting_spare_card,40
is there any way for you to find my card?,lost_or_stolen_card,42
what documentation is needed for the identity check?,verify_my_identity,69
"i'm going on a trip soon and i needed to convert my russian ruble to uk pounds, but when i did, your company charged me above the exchange rate. did you mess up my transaction?",card_payment_wrong_exchange_rate,18
i did a money transfer to my account and it is not showing there.,balance_not_updated_after_bank_transfer,6
how do i go about cancelling a transaction?,cancel_transfer,9
i'm not sure what i need to verify my identity.,verify_my_identity,69
since when do you charge to make a withdrawal? i've always done it for free. so how much is it now?,cash_withdrawal_charge,20
there was a transaction this morning that i'd like to reverse.,cancel_transfer,9
can a transaction be cancelled?,cancel_transfer,9
i would like to change my card pin.,change_pin,22
how do i use the app if i don't have my phone with me?,lost_or_stolen_phone,43
why is a transfer to beneficiary not possible?,beneficiary_not_allowed,8
"i tried to top up, but the funds show up as pending. i thought it was instant?",pending_top_up,48
i cannot locate the verification code for my top-up card. please help me.,verify_top_up,71
are there limits on the virtual cards?,disposable_card_limits,30
i sent some money but the intended recipient says it hasn't arrived,transfer_not_received_by_recipient,66
is it permissible to hold money in multiple currencies?,fiat_currency_support,37
my card was declined,declined_card_payment,26
how do i get refunded?,request_refund,52
what forms of id do you need for identity verification?,verify_my_identity,69
can i have a supplementary card?,getting_spare_card,40
they charged me wrong for a currency exchange on a purchase.,card_payment_wrong_exchange_rate,18
is there a way to do top up with apple pay,apple_pay_or_google_pay,3
help me obtain a virtual card,getting_virtual_card,41
"is there something wrong with your website? i tried topping up my account and it's been close to two hours now and it's still at pending for some reason. i just joined with you guys and this is the first attempt at this, so maybe i'm wrong, but shouldn't this be instant?",pending_top_up,48
i was charged twice for the same purchase!,transaction_charged_twice,63
i need someone to alert me as to what's going on. i had transferred an amount but the receiver is saying that the amount is somewhat less than what i sent over. i now have to make another transfer to make up the difference.,transfer_fee_charged,64
what is the estimated time on an urgent transfer from china?,transfer_timing,67
the refund isn't appearing in my account,Refund_not_showing_up,0
my payment has been returned.,reverted_card_payment?,53
why didn't my friend's transaction arrive yet?,transfer_not_received_by_recipient,66
do you accept cheques for top-up?,top_up_by_cash_or_cheque,58
"if i want to get an account for my daughter, can i do that?",age_limit,2
can i get a new card with new expiration date in china?,card_about_to_expire,10
i tried to make a transfer but it failed. will you tell me why?,failed_transfer,36
is it possible for me to top up with a cheque?,top_up_by_cash_or_cheque,58
what's your refund policy if i bought an item from you?,request_refund,52
i have a cash withdrawal on my statement that i am unsure of.,cash_withdrawal_not_recognised,21
am i able to modify my account details?,edit_personal_details,31
im worried about fraud how do you protect my account,verify_my_identity,69
i would like to know if you use visa or mastercard.,visa_or_mastercard,73
i cannot seem to find my pin. where is it?,get_physical_card,39
i tried to get funds in hard cash but it was rejected!,declined_cash_withdrawal,27
will you send me a new card in china?,card_about_to_expire,10
what do i do if i do not recognise a cash withdrawal?,cash_withdrawal_not_recognised,21
why is my top up still pending?,pending_top_up,48
will my employer be able to pay me with this service,receiving_money,51
why was i charged extra using my card?,card_payment_fee_charged,16
i have tried using my card for the first time at the atm of notting hill to withdrawal cash but it didn't work. does this mean my card isn't working?,declined_cash_withdrawal,27
how much would it cost me if i transfer?,top_up_by_bank_transfer_charge,56
are there any charges for topping up my card?,top_up_by_card_charge,57
am i able to use my account if the identity verification is not complete?,why_verify_identity,74
is it possible for me to top up with google pay?,apple_pay_or_google_pay,3
what is my top-up limit?,top_up_limits,60
can my children have an account?,age_limit,2
"i am tired of getting charged fees, and i have no idea why, please let me know whatwhen you charge fees for.",card_payment_fee_charged,16
please tell me which fiat currencies you support.,fiat_currency_support,37
my top up doesn't work,top_up_failed,59
"why wasn't it obvious that you charge for payments? if you put the fees in an easy to read format, this could have been avoided.",card_payment_fee_charged,16
"i want a card, but i'm not in the uk- can i get one still?",country_support,25
i may need to dispute a direct debit payment.,direct_debit_payment_not_recognised,29
"my wallet was stolen, along with my cards. how do i put a freeze on my cards and order a new one?",lost_or_stolen_card,42
can i convert money into different currencies?,exchange_via_app,34
"i'm having issues with my card. you guys keep declining it for some reason. i haven't had any issues up until this point. what is going on? i've tried a handful of times with the same, unfortunate, result!",declined_transfer,28
will i always be charged a fee for using my card?,card_payment_fee_charged,16
where can i activate my card?,activate_my_card,1
how can i top up my account with a cheque?,top_up_by_cash_or_cheque,58
will it cost extra to add money to an international card?,top_up_by_card_charge,57
"i just recently got a new beach condo in bora bora, and to furnish it i used this account a lot from overseas. it's upsetting, being a long-time customer of yours, that i saw extra fees on my account from my currency transfer. is this what i should expect from you in the future?",transfer_fee_charged,64
is there a cash withdrawal fee? because i just got charged?,cash_withdrawal_charge,20
i moved and would like to change my address.,edit_personal_details,31
help! i just realised someone has apparently withdrawn money using my card! it's from some odd remote town where i definitely haven't been. please freeze it immediately!,cash_withdrawal_not_recognised,21
i can still see money in my account after making a payment,balance_not_updated_after_bank_transfer,6
how can i move money from my account at a different bank to the account i have at this bank.,transfer_into_account,65
are there fees for receiving a sepa transfer?,top_up_by_bank_transfer_charge,56
if i exchange currencies on a frequent basis can i receive a discount?,exchange_charge,32
is it possible to get a physical card?,order_physical_card,44
"my card expires soon, will you send me one automatically?",card_about_to_expire,10
"i need a hand here, i need to top up cash.",top_up_by_cash_or_cheque,58
why is a transfer i have still pending?,pending_transfer,49
i bought something in another country but the exchange rate is wrong,card_payment_wrong_exchange_rate,18
what is this cash withdrawal on my statement?,cash_withdrawal_not_recognised,21
where do i need to go in the app to enter my card info?,card_linking,14
what should i do if i think my card was stolen?,lost_or_stolen_card,42
details need to be modified,edit_personal_details,31
why hasn't my payment gone through yet?,pending_card_payment,46
what are limits to top up,top_up_limits,60
i have no idea why my card payment did not work.,declined_card_payment,26
can i receive transfers from my employer this way?,receiving_money,51
i would like to verify my source of funds.,verify_source_of_funds,70
how long does it take for a transfer to finish pending?,pending_transfer,49
how can i tell what foreign exchange rate i will get?,exchange_rate,33
i need a transfer cancelled.,cancel_transfer,9
why isn't my topup working?,top_up_failed,59
what do i do if an atm stole my card?,card_swallowed,19
show me how to top up,topping_up_by_card,62
why was my virtual card declined when attempting to setup automatic billing?,virtual_card_not_working,72
why am i having trouble verifying my id?,unable_to_verify_identity,68
"i am wanting to refill my card, is there a charge?",top_up_by_card_charge,57
will i be charged to top off my account?,top_up_by_bank_transfer_charge,56
i am travelling and i was wondering what your exchange rates are,exchange_rate,33
i want to add funds to my account. what payment methods are accepted?,supported_cards_and_currencies,54
i cant transfer money into my account,beneficiary_not_allowed,8
while on vacation i used an atm to get cash and was overcharged. these charges are ridiculous and had i known about them i would have never used it.,wrong_exchange_rate_for_cash_withdrawal,76
i got a fee when paying with my card,card_payment_fee_charged,16
is there a discount for frequently exchanging currencies?,exchange_charge,32
are there any restrictions causing my transfer to be declined?,declined_transfer,28
"please put a freeze on my card, i am worried there has been some payments on it and i don't know what for.",card_payment_not_recognised,17
"went somewhere else, need to change details",edit_personal_details,31
explain how to verify my identity?,verify_my_identity,69
i don't have my access code for the app.,passcode_forgotten,45
why is my cash withdrawal pending?,pending_cash_withdrawal,47
i need to figure out who has access to my card there are some payments i didn't make that are showing on the app. could you please help?,card_payment_not_recognised,17
what is the limit for top-ups?,top_up_limits,60
why would my transfer result in a decline message?,declined_transfer,28
can i cancel an order if i haven't received the item yet? and how can i get my money back? please help. thanks.,request_refund,52
what do i owe for a new card?,order_physical_card,44
"i noticed an extra 1 charge on my statement, can you tell me why that is?",extra_charge_on_statement,35
why is there a fee for an extra pound in my statement?,extra_charge_on_statement,35
what type of fiat currencies do you support?,fiat_currency_support,37
my cash withdrawal is still showing as pending.,pending_cash_withdrawal,47
i just checked my account on the app and there is a payment on there that i did not make.,card_payment_not_recognised,17
"hi , i just came to know i made the wrong transaction yesterday. would you please make it correct?i need it by tomorrow.",cancel_transfer,9
i have foreign currency i would like to change how much will it cost me?,exchange_charge,32
how many virtual cards do i get?,disposable_card_limits,30
where do i go if i want to link my new card?,card_linking,14
my card hasn't shown up yet.,card_arrival,12
how long does it take for a top up to go through,pending_top_up,48
what do i need to see my source of money?,verify_source_of_funds,70
"if i were to transfer, what would the cost be?",top_up_by_bank_transfer_charge,56
is there a fee for sending additional cards?,getting_spare_card,40
i want to get a visa,visa_or_mastercard,73
how long until my card will get here?,card_delivery_estimate,13
may i get my salary paid out in a different currency?,receiving_money,51
for what reason is my transfer still pending now?,pending_transfer,49
what cards to do you support to top up.,supported_cards_and_currencies,54
card payment has be declined.,reverted_card_payment?,53
i think someone is using my card without my permission!,compromised_card,23
it won't let me activate my card.,activate_my_card,1
will you charge me more if i use a european bank card for a top up?,top_up_by_card_charge,57
i can't use my card for anything,card_not_working,15
how long will it take to verify my account?,unable_to_verify_identity,68
reasons for top up cancellation.,top_up_reverted,61
"i only have one more us credit card, is it accepted?",supported_cards_and_currencies,54
"my card was used without my permission, what do i do?",compromised_card,23
i need information explaining why my top-up failed to go through,top_up_failed,59
can i add funds to the card directly from my bank account?,transfer_into_account,65
what is the age limit?,age_limit,2
where can i find my fund information?,verify_source_of_funds,70
what locations are cards delivered to?,order_physical_card,44
why is there a fee on a card payment?,card_payment_fee_charged,16
i just completed a bank transfer and the balance didn't update,balance_not_updated_after_bank_transfer,6
will there be any charges for money received?,top_up_by_bank_transfer_charge,56
where is the nearest mastercard atm?,atm_support,4
i think a fee was applied for paying with a card.,card_payment_fee_charged,16
i wasn't applied the correct exchange rate for an item i bought,card_payment_wrong_exchange_rate,18
why haven't i seen the cash from the cheque i deposited yet?,balance_not_updated_after_cheque_or_cash_deposit,7
what countries are you issuing cards for?,country_support,25
"so my top-up failed, could you tell me why?",top_up_failed,59
what does pending mean?,pending_card_payment,46
why is there a verification to identity,why_verify_identity,74
why do i have to pay extra for using my card?,card_payment_fee_charged,16
i bought this item and was charged the wrong amount can i get a refund?,request_refund,52
i am not able to prove my identity,unable_to_verify_identity,68
how do i deactivate my account?,terminate_account,55
there is a duplicate payment on my card. why?,transaction_charged_twice,63
when can i expect money to be transferred to my account?,transfer_timing,67
"hi! i was wondering if you can help me. i used the city centre atm to get some cash, but the machine declined my card. my account shows that transaction is still pending. i didn't receive the money, so please cancel that transaction.",pending_cash_withdrawal,47
can i make online purchases with my card?,card_acceptance,11
how do i get my salary through this account?,receiving_money,51
"in the app, where do i find my card pin?",get_physical_card,39
make me understand why i am charged an extra fee when i use the atm.,cash_withdrawal_charge,20
what is the charge for sending out more cards?,getting_spare_card,40
why hasn't my transfer gone through yet?,pending_transfer,49
i see a direct debit transaction in my app that i didn't make.,direct_debit_payment_not_recognised,29
how long will my transaction take?,transfer_not_received_by_recipient,66
i am unable to use my card for some reason.,card_not_working,15
i just got my new card and tried using it and it was declined?,declined_card_payment,26
i need australian dollars instead of uk currency.,exchange_via_app,34
is there a limit to the number of disposable cards i can have?,disposable_card_limits,30
"do you hold money and if so, what currencies do you accept?",fiat_currency_support,37
how do i finalize a card payment,pending_card_payment,46
help me cancel a transaction.,cancel_transfer,9
can my children have their own account?,age_limit,2
is there a foreign currencies charge?,exchange_charge,32
"looks like my card payment was made twice by mistake. i went to pay at the store earlier which rejected once, second time it worked. app is on pending for one of the payments. can you please remove one of them as it's wrong and clearly was declined?",transaction_charged_twice,63
i made a cash withdrawal and was charged a fee incorrectly can you help with this?,cash_withdrawal_charge,20
are you aware of any charges for receiving money?,top_up_by_bank_transfer_charge,56
why was my withdrawal declined,declined_cash_withdrawal,27
card payment still pending.,pending_card_payment,46
why am i charged an extra fee on my card?,card_payment_fee_charged,16
i'm worried my card might be lost in the mail? how long does it usually take to arrive?,card_delivery_estimate,13
how much will i be charged for exchanging foreign currency,exchange_charge,32
do you accept mastercard?,supported_cards_and_currencies,54
how do i avoid charges in the future,card_payment_fee_charged,16
can i deposit a check here?,top_up_by_cash_or_cheque,58
how do i transfer money from my bank account?,transfer_into_account,65
"my american express is experiencing a problem with apple play with top up, can you fix it?",apple_pay_or_google_pay,3
i topped off my card is that something you will charge me for?,top_up_by_card_charge,57
how do i change my details?,edit_personal_details,31
how can i track card you sent,card_arrival,12
i was taking out funds and was unable to regain my card.,card_swallowed,19
my card isn't working at all. what happened?,card_not_working,15
help me set up a new pin?,change_pin,22
what countries do your accounts support?,country_support,25
"i'm interested in using fiat currencies, which do you support?",fiat_currency_support,37
"hi. about two hours ago i made a transfer from my bank which is in the uk, but i don't see it yet! would you check what's going on with it, please?",balance_not_updated_after_bank_transfer,6
"hey, i attempted to top up my card today and for some reason it didn't work. when i did it the other way it worked just fine. could you help me figure out why this is happening please?",top_up_failed,59
why was the exchange rate incorrect for an item i recently bought?,card_payment_wrong_exchange_rate,18
i made a cash deposit a few days ago and it's still not reflected in my account. do you know what might have happened?,balance_not_updated_after_cheque_or_cash_deposit,7
is there a way to use a cheque to top up my account?,top_up_by_cash_or_cheque,58
i noticed a duplicate charge on my statement.,transaction_charged_twice,63
isn't my top-up supposed to mean its complete?,pending_top_up,48
how do i get top up to work for my card,apple_pay_or_google_pay,3
i need to move money from one of my other accounts to this one.,transfer_into_account,65
"i have checked my statements multiple times, but my refund that i requested a while back is not showing on my account. is there a reason for this? can i get some help getting my money back from this transaction?",Refund_not_showing_up,0
can i exchange currencies with my account?,exchange_via_app,34
what is this 1 charge on my statement?,extra_charge_on_statement,35
how do i use my card if i lost my phone?,lost_or_stolen_phone,43
"errors keep showing up every time i try to make this transfer and i am on a time crunch, could you please help.",failed_transfer,36
can i use my apple watch to pay for gas?,apple_pay_or_google_pay,3
the app doesn't know it's me.,unable_to_verify_identity,68
the exchange rate at which my card payment is at is wrong,card_payment_wrong_exchange_rate,18
what is my card pin,get_physical_card,39
"i have done a transfer within the country the day before yesterday, but it's still not there yet. can you please check what's going on with that, the account number is the right one, i've checked that several times already.",transfer_not_received_by_recipient,66
can i use this app to change dollars into euros?,exchange_via_app,34
"i'm not in the uk, can i get a card?",country_support,25
why am i required to verify my identity?,why_verify_identity,74
when i made a cash transfer abroad the wrong exchange rate was applied,wrong_exchange_rate_for_cash_withdrawal,76
i'm interested in learning more about product refunds.,request_refund,52
i have questions about how to transfer money to my account.,transfer_into_account,65
why was my atm withdrawl declined,declined_cash_withdrawal,27
last week i put a cash deposit into my account and it is still isn't there.,balance_not_updated_after_cheque_or_cash_deposit,7
"someone has a copy of my card !! i definitely still have it here but someone just made a 500 cash withdrawal, help!",cash_withdrawal_not_recognised,21
can i add a card that i just found again to the app?,card_linking,14
how many disposable cards can i make in a single day?,disposable_card_limits,30
what do i need to do to transfer my paycheck to my account?,receiving_money,51
"looks like my card payment was duplicated after all. i went to pay at the store earlier, got declined once,second time it works. app still stays pending for one of the payments. can you remove one of them as it's wrong and clearly was declined?",transaction_charged_twice,63
i am out of money in my account and i was wondering if i could do a bank transfer is put more in it?,transfer_into_account,65
the atm keeps declining my card. i tried at two different atms. can you tell me if there's an issue with my account?,declined_cash_withdrawal,27
"even though i made a cash deposit, i am not seeing it in my account.",balance_not_updated_after_cheque_or_cash_deposit,7
where do you support?,country_support,25
is cash good to top up with?,top_up_by_cash_or_cheque,58
what are the disposable virtual card limits?,disposable_card_limits,30
i need help- i got mugged yesterday and they took everything so i can't use the app.,lost_or_stolen_phone,43
a friend was telling me about her disposable cards. what would i have to do to be able to get that feature?,disposable_card_limits,30
i think something went wrong with my exchange between russian ruble and uk pounds. i was overcharged during the swap.,card_payment_wrong_exchange_rate,18
where are the virtual cards located?,getting_virtual_card,41
can my account be topped-up by friends of mine.,topping_up_by_card,62
how can i link the new card?,card_linking,14
will i be able to top up by cheque?,top_up_by_cash_or_cheque,58
what are acceptable documents to prove my identity?,verify_my_identity,69
"i lost my phone, what should i do?",lost_or_stolen_phone,43
i can't find my phone.,lost_or_stolen_phone,43
exchange rate for my card payment is wrong,card_payment_wrong_exchange_rate,18
how can i use my american express to add money into my account?,supported_cards_and_currencies,54
where can i see where funds came from?,verify_source_of_funds,70
how long do transfers take to go though,balance_not_updated_after_bank_transfer,6
how can i go about getting a refund?,request_refund,52
why am i not able to get cash from the atm?,declined_cash_withdrawal,27
why isn't my cash deposit showing up in my account?,balance_not_updated_after_cheque_or_cash_deposit,7
my card payment failed.,declined_card_payment,26
how do i retrieve a trapped card from a atm?,card_swallowed,19
i'm on vacation in europe but i desperately need to change my pin. can i do this from abroad?,change_pin,22
can i receive a new card while i am in china?,card_about_to_expire,10
explain pending transactions.,pending_cash_withdrawal,47
how long does it take for cards to be delivered after ordering them?,card_delivery_estimate,13
i feel like too much money was taken during my currency exchange.,wrong_exchange_rate_for_cash_withdrawal,76
i tried to withdraw 40 pounds but only 20 came out. did you steal my money?,wrong_amount_of_cash_received,75
my transfer isn't there,balance_not_updated_after_bank_transfer,6
in exchange for top ups will you take fees?,top_up_by_card_charge,57
i have lost my phone or it has been stolen.,lost_or_stolen_phone,43
how would i use a disposable card?,get_disposable_virtual_card,38
i attemped a transfer and it didn't go through.,failed_transfer,36
i have not received the amount of cash i was supposed to.,wrong_amount_of_cash_received,75
where are your cards delivered to?,order_physical_card,44
i transferred some money but the balance stayed the same.,balance_not_updated_after_bank_transfer,6
can i let other people have access to my account in order to top up?,topping_up_by_card,62
what happens to the funds if a merchant refuses the payment,reverted_card_payment?,53
i cannot view the refunded amount in my account.,Refund_not_showing_up,0
has my card been lost in delivery?,card_arrival,12
my money transfer has not arrived.,transfer_not_received_by_recipient,66
why am i charged a fee for getting cash?,cash_withdrawal_charge,20
what atms can i use my card?,atm_support,4
tell me why my virtual disposable card won't work.,virtual_card_not_working,72
i think that the card is stolen. what are my next steps?,lost_or_stolen_card,42
"i have made a payment by my card, and its still pending since a long time. could you please tell me when it will process.",pending_card_payment,46
why did i need to verfiy my identity?,why_verify_identity,74
help! i made a transfer in error and need to cancel it before it's complete!,cancel_transfer,9
how do i exchange currency?,exchange_via_app,34
i don't want to verify my identity,why_verify_identity,74
who accepts this card?,card_acceptance,11
how old do you need to be to open an account?,age_limit,2
how can i verify my indentity?,verify_my_identity,69
"i got my american express in apple pay, why is top up not working on my device?",apple_pay_or_google_pay,3
is there a money transfer fee?,transfer_fee_charged,64
a couple weeks ago there was a debit taken from my account from a transaction i don't recall. is it possible to trace this transaction to make sure i'm not being scammed?,direct_debit_payment_not_recognised,29
how come i got blocked for entering wrong pins?,pin_blocked,50
how do i link one of your card that i already have?,card_linking,14
when can i use money sent to my account?,transfer_timing,67
i would like to change my address.,edit_personal_details,31
i did not get any money but still was charged,wrong_amount_of_cash_received,75
"i transferred some money recently and saw a fee on my account, what's that for?",transfer_fee_charged,64
what should i do with my atm that got stuck?,card_swallowed,19
what is the charge for a physical card?,order_physical_card,44
"my card has not been delivered yet and its been a week since i ordered it, please help",card_arrival,12
why does it cost more to pay with my card?,card_payment_fee_charged,16
does it cost anything to buy something from another country? like is there going to be hidden transfer fees or currency conversion fees?,transfer_fee_charged,64
"bank transfer to account did not show up, please help?",balance_not_updated_after_bank_transfer,6
what process should i use to transfer money into my account?,transfer_into_account,65
how will i know where my funds are coming from?,verify_source_of_funds,70
will i receive a new card when mine expires?,card_about_to_expire,10
how long before i can see that my cash withdrawal has taken place?,pending_cash_withdrawal,47
why am i having trouble withdrawing cash?,declined_cash_withdrawal,27
i entered the wrong pin too many times and now i think it's blocked. what do i do?,pin_blocked,50
"how long do transfers to international banks take? i made one to france a couple of days ago, but it's still not there.",balance_not_updated_after_bank_transfer,6
why hasn't my return cleared my account?,Refund_not_showing_up,0
would reinstalling the app solve the problem?,contactless_not_working,24
my card has been charged two separate times for a single transaction.,transaction_charged_twice,63
i am not recognizing a debit payment from my account.,direct_debit_payment_not_recognised,29
can i get a card if i live in the usa?,country_support,25
where is my top-up generated from?,verify_source_of_funds,70
"i do not remember purchasing anything for 1, and it is on my statement. can you please tell me what that is about?",extra_charge_on_statement,35
why didnt my top up go through,top_up_reverted,61
why would my card payment be reverted?,reverted_card_payment?,53
i want to close my account. the service you provide is unsatisfactory to me.,terminate_account,55
please update me on whether you have received the funds for the refund of the large purchase i made recently. i have requested this from the merchant days ago but still haven't got anything.,Refund_not_showing_up,0
i noticed that i got charged extra for using the card.,card_payment_fee_charged,16
"if i was mugged and lost everything, how do i access my account and app?",lost_or_stolen_phone,43
what is this extra charge with my purchase?,card_payment_fee_charged,16
how long does it take for money to transfer? i sent some to a friend and it hasn't gone through yet.,transfer_not_received_by_recipient,66
is it possible to get both a visa and a mastercard?,visa_or_mastercard,73
i made a withdrawal from my account but it has not posted?,pending_cash_withdrawal,47
i need my card asap!,card_delivery_estimate,13
i want to go back on what i did this morning,cancel_transfer,9
will i be charged for adding money by transfer?,top_up_by_bank_transfer_charge,56
fix my top up,top_up_failed,59
i can't activate my card?,activate_my_card,1
i need to check status as my friend hasn't got money i sent.,transfer_not_received_by_recipient,66
what fiat currencies are supported for holding and exchange?,fiat_currency_support,37
is the atm broken? i can't get cash from it.,declined_cash_withdrawal,27
my atm transaction was cancelled.,declined_cash_withdrawal,27
where did your guys exchange rates come from?,exchange_rate,33
i can't pull my card out of the atm. help me.,card_swallowed,19
i want a refund on a direct debit.,direct_debit_payment_not_recognised,29
what are the policies of disposable cards?,disposable_card_limits,30
i did not get the cash that is showing up in my app.,cash_withdrawal_not_recognised,21
what am i supposed to do if the funds haven't show up from a transfer completed this morning?,pending_transfer,49
what do i need to do to verify my identity?,verify_my_identity,69
can my pin be changed in any cash machine?,change_pin,22
talk me through modifying my details.,edit_personal_details,31
tell me why my transfer was declined.,declined_transfer,28
what is happening? i have tried to transfer money 5x already. is the system down? this shouldnt be happening as this is a basic transfer.,failed_transfer,36
i need information about an extra 1 fee in my statement.,extra_charge_on_statement,35
i bought something this morning and the payment is still pending,pending_card_payment,46
help me cancel a transfer.,cancel_transfer,9
i have a new card and need to activate it,activate_my_card,1
when will the check i deposited post to my account?,balance_not_updated_after_cheque_or_cash_deposit,7
how do i return something for a full refund?,request_refund,52
i do not see a top-up processed.,pending_top_up,48
does the app allow for exchanges between currencies?,exchange_via_app,34
which identity details are required,why_verify_identity,74
how can i top up with google play?,apple_pay_or_google_pay,3
help me terminate and close my account.,terminate_account,55
i think there's been an unauthorized cash withdrawal from my account.,cash_withdrawal_not_recognised,21
"i would like to activate my card to use now, can you help me?",activate_my_card,1
if i don't have all my documents can they still verify my identity?,verify_my_identity,69
what currencies do you offer?,fiat_currency_support,37
i know i have enough funds in my account but my card payment hasn't worked for some reason. what do i do?,declined_card_payment,26
what is the process for activating my card?,activate_my_card,1
where can i go to get a virtual card?,getting_virtual_card,41
is there a way you can have money from a purchase i made refunded to my account.,request_refund,52
the cash deposit i made this morning has not been credited to my account,balance_not_updated_after_cheque_or_cash_deposit,7
what about a auto top-up?,automatic_top_up,5
i can't access my money. is it because somethings wrong with the top-up? i set it up correctly.,top_up_failed,59
my app says that i'm not verified.,unable_to_verify_identity,68
am i able to get a refund for a purchase?,request_refund,52
"there's a weird payment showing in my app that i definitely haven't made myself, as i haven't used the card at all that day. please cancel that and return my money.",direct_debit_payment_not_recognised,29
i am having to wait for my transfer to be fully processed. it seems to be taking a very long time in the pending phase. what is the normal turn around time that i can expect to see it completed?,pending_transfer,49
i don't know why my credit card was declined while i was trying to top-up. was it something on my end or was there something wrong with the top-up function?,top_up_failed,59
my withdrawals were going smooth until i got declined today. what is going on?,declined_cash_withdrawal,27
where is the top up verification code found?,verify_top_up,71
how do i troubleshoot when contactless doesn't work?,contactless_not_working,24
i just noticed my transfer was declined and i don't know why. can you help me?,declined_transfer,28
how do i go about getting a refund?,request_refund,52
i have a strange transaction on my account which appears to pertain to a cash withdrawal i made outside nandos in leeds. what is that for? is it fraud?,cash_withdrawal_charge,20
i was charged twice for an in-store purchase that i thought was declined. my app says that it's still pending for one of the payments. please make sure one of the charges is removed.,transaction_charged_twice,63
i withdrew cash and was charged,cash_withdrawal_charge,20
do i have a say when it's delivered?,card_delivery_estimate,13
i tried to pay contactless at the bus today and it didn't work. any ideas why?,contactless_not_working,24
did you deactivate my card it's not working anymore,card_not_working,15
can i quickly send a transfer from china? how long will it take?,transfer_timing,67
how can i find an atm that accepts this card?,atm_support,4
why do you need so much information about me,why_verify_identity,74
what is the process for using my credit card to transfer money?,topping_up_by_card,62
why can't i take money from my account?,declined_cash_withdrawal,27
my card is about to expire.,card_about_to_expire,10
i got a message that i need to verify my identity what do i do?,verify_my_identity,69
i ordered my card but it hasn't been delivered yet,card_arrival,12
why is there a fee associated with card use?,card_payment_fee_charged,16
i need to freeze my card as soon as possible. i just checked my account and saw that there have been several payments that i don't recognize over the course of a few days. can we investigate and get my money back?,card_payment_not_recognised,17
there are two of the same charges on my account.,transaction_charged_twice,63
i made a purchase and was charged at the wrong foreign exchange rate.,card_payment_wrong_exchange_rate,18
"i have made 5 attempts to make a very standard survey, yet i can't get it to work. what is the problem? is there an issue related to your system?",failed_transfer,36
my card would not work at a shop.,declined_card_payment,26
i got less cash at the atm than i asked for. why?,wrong_amount_of_cash_received,75
what happened to my cash deposit?,balance_not_updated_after_cheque_or_cash_deposit,7
is it acceptable to use my card anywhere?,card_acceptance,11
where can i find a virtual card?,getting_virtual_card,41
there is not a refund in my statement.,Refund_not_showing_up,0
i need to close my account. your company is terrible!,terminate_account,55
"unbeknownst to me, there was an additional charge on my prior transaction. a notification of sorts should be required and explained before future payments are made.",card_payment_fee_charged,16
why was i charged a fee? i thought shopping was free?,card_payment_fee_charged,16
is american express accepted?,supported_cards_and_currencies,54
"as i double checked that i have the correct account details that i submitted , they're right for sure. transfer is still pending so far.",pending_transfer,49
do you have a tracking number for the card i was sent?,card_arrival,12
"help! i keep checking my account, but my refund is not showing. i requested that a seller refund my money a while back, but there is no money showing in my account. what can you do for me?",Refund_not_showing_up,0
where can i update my pin number?,change_pin,22
do you ship your cards anywhere?,order_physical_card,44
what is my card's pin?,get_physical_card,39
can someone please assist me with finding my nearest atm?,atm_support,4
how are the exchange rates determined?,exchange_rate,33
i sent a check into the system but still haven't received the cash yet,balance_not_updated_after_cheque_or_cash_deposit,7
what on earth is up with the exchange rate! this should have been a much higher amount of cash,wrong_exchange_rate_for_cash_withdrawal,76
what steps are taken to transfer money into my account?,transfer_into_account,65
what countries do your accounts send and receive to?,country_support,25
"i've tried many times to make a payment, but it's not going through. what's wrong?",declined_card_payment,26
where do i go to cancel a transaction?,cancel_transfer,9
"hurry and refund me, i am waiting",Refund_not_showing_up,0
do you have charges now when you pay with a card?,card_payment_fee_charged,16
using an atm caused me to incur an additional fee. why?,cash_withdrawal_charge,20
can my account have different types of currency in it.,fiat_currency_support,37
what is the highest amount of top ups i'm allowed?,top_up_limits,60
you operate in which countries?,country_support,25
can i use app to freeze my card and dispute fraud?,compromised_card,23
i am in the eu. can i get one of your cards?,country_support,25
it won't let me verify my identity.,unable_to_verify_identity,68
why is my refund missing from my statement?,Refund_not_showing_up,0
why have i been charged twice?,transaction_charged_twice,63
i withdrew 100 but only received 20,wrong_amount_of_cash_received,75
why has my top up failed?,top_up_failed,59
"there is a fee for a transfer, please explain that to me.",transfer_fee_charged,64
i bought an item that i was charged a different exchange rate for.,card_payment_wrong_exchange_rate,18
"i have a cheque here, can i use it to top off my account?",top_up_by_cash_or_cheque,58
what cash stations take this card?,atm_support,4
why does my account have a pending cash withdrawal?,pending_cash_withdrawal,47
do you charge anything for topping up?,top_up_by_bank_transfer_charge,56
i was made to pay an additional pound!,extra_charge_on_statement,35
what is the strange cash withdrawal on my statement?,cash_withdrawal_not_recognised,21
what exchange rate is it?,exchange_rate,33
how to i go about getting my virtual card,getting_virtual_card,41
which fiat currencies can i use through this app?,fiat_currency_support,37
can it add money every so often automatically while i travel?,automatic_top_up,5
there is a transaction showing in my app that i did not make as i have not used that card all day. please reimburse this amount to my account.,direct_debit_payment_not_recognised,29
i was charged multiple times for one purchase,transaction_charged_twice,63
why do you need me to verify who i am?,why_verify_identity,74
"my top-up was reverted, why did this happen?",top_up_reverted,61
my card payment was reverted,reverted_card_payment?,53
i need to know why a money transfer is available.,pending_transfer,49
how can i request cash back? the atm just gave me a different amount than what i've been actually charged though...,wrong_amount_of_cash_received,75
how old do you need to be to use the banks services?,age_limit,2
am suspicious of my card's security,compromised_card,23
how do i complete the id check?,verify_my_identity,69
how do i get a virtual card for one time use,get_disposable_virtual_card,38
"i need the right foreign money, at the right rate, at atms, when i go abroad.",wrong_exchange_rate_for_cash_withdrawal,76
is there a way to find an atm around me?,atm_support,4
how can i switch on my new card?,activate_my_card,1
"in terms of holding and exchange, what fiat currencies do you use.",fiat_currency_support,37
i put some cash into my account but it's not displaying that on my balance.,balance_not_updated_after_cheque_or_cash_deposit,7
what is my foreign exchange rate?,exchange_rate,33
where do i find my card pin?,get_physical_card,39
can i have my card delivered on a specific day?,card_delivery_estimate,13
how do i use cash to top up my account?,top_up_by_cash_or_cheque,58
i'd like like to know where i can order a virtual card?,getting_virtual_card,41
why was my card payment cancelled?,reverted_card_payment?,53
my card is about to expire. are there any costs with a replacement card? how quick do you mail it to me?,card_about_to_expire,10
will my money be of equal value when i travel abroad?,exchange_rate,33
is there a charge for transfers?,top_up_by_bank_transfer_charge,56
there is a missing transfer on my account,balance_not_updated_after_bank_transfer,6
i cannot seem to activate card,activate_my_card,1
"i recently deposited some money into my account, but it still isn't showing up. what's going on?",balance_not_updated_after_cheque_or_cash_deposit,7
"phone is at a hotel, can i still use app",lost_or_stolen_phone,43
how is it possible to add another card to account,getting_spare_card,40
i was contacted by a seller with a message that they never received my money. i am 100 sure it was taken from my account so i definitely need this sorted out soon.,reverted_card_payment?,53
i think my card is broken,card_not_working,15
where can i find mastercard atms?,atm_support,4
why am i to verify the top-ups?,verify_top_up,71
a mortgage payment i'm making is giving me an error message. this is the first time i'm making this payment and want to know what's wrong.,failed_transfer,36
is there a top up fee for transfer?,top_up_by_bank_transfer_charge,56
may i get one of your cards? i live in the eu.,country_support,25
i tried to make a transfer and it didn't work.,failed_transfer,36
the exchange rate was wrong in the foreign country i got cash in.,wrong_exchange_rate_for_cash_withdrawal,76
they charged me for paying with my card.,card_payment_fee_charged,16
i noticed an extra fee when i paid with my card.,card_payment_fee_charged,16
"i put my check in the bank, but i haven't gotten my cash yet?",balance_not_updated_after_cheque_or_cash_deposit,7
after making a payment with my card it doesn't seem to have worked. it's just showing to be pending. when will this actually be going through?,pending_card_payment,46
i left my phone at the hotel i was staying at so i can't use the app!,lost_or_stolen_phone,43
i would like to make a transfer. how much does it cost?,top_up_by_bank_transfer_charge,56
where do i obtain my virtual card?,getting_virtual_card,41
how can i exchange currencies using your app?,exchange_via_app,34
"if i exchange currencies on a regular basis, is there a discount?",exchange_charge,32
why was my account charged for using an atm?,cash_withdrawal_charge,20
there should be a cash withdrawal that i haven't seen yet.,pending_cash_withdrawal,47
i did a money transaction and dont have a receipt,transfer_not_received_by_recipient,66
where is my cash deposit in my balance?,balance_not_updated_after_cheque_or_cash_deposit,7
why is a payment showing up on my card as pending?,pending_card_payment,46
has my top up been reverted?,top_up_reverted,61
i made a transfer recently but it has not changed on my dashboard.,pending_transfer,49
i don't know why my payment didn't work.,declined_card_payment,26
report stolen card,lost_or_stolen_card,42
why did i get a different card then requested?,visa_or_mastercard,73
help me order a new card that's going to be expired soon.,card_about_to_expire,10
"my card payment is still on hold, why is it so?",pending_card_payment,46
i was charged for using my card?,card_payment_fee_charged,16
cash withdrawal was incorrect at atm.,wrong_amount_of_cash_received,75
"help, the atm didn't give me all the money i requested",wrong_amount_of_cash_received,75
please explain to me the process of getting a virtual card.,getting_virtual_card,41
i just moved to the us how do i get a card?,country_support,25
i would like to delete my account.,terminate_account,55
"i think there may be something wrong with my card. i have never had issues with withdraws before, but this morning on the way to work it was suddenly declined.",declined_cash_withdrawal,27
i am still waiting for my card.,card_arrival,12
is there a fee for topping up,top_up_by_card_charge,57
i lost my card. can you help me?,lost_or_stolen_card,42
do you charge for physical cards,order_physical_card,44
"my bank is in europe, how long will the transfer take?",transfer_timing,67
what's the process for topping up my card?,topping_up_by_card,62
can i edit my details?,edit_personal_details,31
why do i need to verify my funds?,verify_source_of_funds,70
what is the fee for topping up a us card?,top_up_by_card_charge,57
what do you charge for top ups?,top_up_by_card_charge,57
i want a card. what is the procedure?,order_physical_card,44
i have a duplicate payment showing up on the app. how do i stop myself being charged for the thing twice?,transaction_charged_twice,63
"if i need an additional card, is there a fee for that?",getting_spare_card,40
"please help me get a new card, i reside in the united states.",country_support,25
i want to order a card. where do you deliver to?,order_physical_card,44
can you tell me why i haven't received my new card?,card_arrival,12
i think someone is using my card to make transactions i don't remember.,compromised_card,23
"my friend deposited 100 into my account, but it is not showing up!",balance_not_updated_after_cheque_or_cash_deposit,7
"hi,i tried to get some money out but the machine was not working .the transaction still seems in progress! can you please check what's going on.i don't want to be charged for money that i did not received.",pending_cash_withdrawal,47
why can't i use a disposable card?,disposable_card_limits,30
do i get a real card?,order_physical_card,44
there is an important thing from china that i need to transfer. approximately how long will this take?,transfer_timing,67
i've made a transfer from france two days ago but i was wondering if international transfers take longer to arrive because it hasn't made it yet.,balance_not_updated_after_bank_transfer,6
"in receiving cash, the wrong exchange rate was used for my transaction.",wrong_exchange_rate_for_cash_withdrawal,76
i recently bought something in foreign currency and i am unsure of the exchange rate. is this rate applied correctly?,card_payment_wrong_exchange_rate,18
the amount of cash i requested to withdrawal did not match what i received when exchanged,wrong_exchange_rate_for_cash_withdrawal,76
"i would like to use the bank transfer feature, but i can't find it. can you please give me the details?",transfer_into_account,65
are there any extra fees for adding money into the international card?,top_up_by_card_charge,57
will my card be a mastercard or a visa?,visa_or_mastercard,73
when can i expect my card? i live in the us.,card_delivery_estimate,13
there's a direct debit payment that i don't recognize.,direct_debit_payment_not_recognised,29
"to deliver to the us, how long will it take?",card_delivery_estimate,13
my pin was entered wrong and now i am blocked. please unblock.,pin_blocked,50
"can you let me know where my refund money is? i requested a refund a few days back, but it's not showing up yet. do you guys have the money yet? maybe it's just not in my account. let me know when it will become available, please.",Refund_not_showing_up,0
which atm's am i able to change my pin?,change_pin,22
someone stole my cards!,lost_or_stolen_phone,43
i'll send a check to top up my account,top_up_by_cash_or_cheque,58
how do i know which atms will accept this card?,atm_support,4
i have a card payment i didn't make,card_payment_not_recognised,17
how much is the limit for top-ups?,top_up_limits,60
"my money is gone. i had topped up recently and saw it was there, but now it's disappeared, what's going on?",top_up_reverted,61
i had trouble with an incorrect rate being applied when using the atm with foreign currency.,wrong_exchange_rate_for_cash_withdrawal,76
i'm not recognizing the card payment.,card_payment_not_recognised,17
i see that i have been charged multiple times for the same transaction.,transaction_charged_twice,63
i have young kids. can they use this service?,age_limit,2
can i re-link a lost card with the app?,card_linking,14
why hasn't my refund been appiled to my account?,Refund_not_showing_up,0
i tried transferring to an account but it won't let me.,beneficiary_not_allowed,8
"i tried using my card, but it doesn't work.",card_not_working,15
why hasn't my top-up gone through?,pending_top_up,48
i'm suddenly getting an error while attempting a transfer that it isn't possible. why? i've done it before.,beneficiary_not_allowed,8
how do i make my transfer go through,declined_transfer,28
i think something went wrong with my card delivery as i haven't received it yet.,card_arrival,12
how man currencies can i hold?,fiat_currency_support,37
why wouldn't the atm give me my money?,declined_cash_withdrawal,27
"i desperately need to transfer something from china, please give me the wait time.",transfer_timing,67
i think the atm ate my card.,card_swallowed,19
i've completely forgot the code to get into the app.,passcode_forgotten,45
how many transactions can go on a disposable card?,disposable_card_limits,30
can i add funds with a card from the united states,supported_cards_and_currencies,54
i do not recognise this card payment.,card_payment_not_recognised,17
payment i did not do,card_payment_not_recognised,17
"its been 3 days, how long will my transfer take to get to my wallet?",transfer_timing,67
why was i charged for transferring money?,transfer_fee_charged,64
how much does it cost to make transfers?,top_up_by_bank_transfer_charge,56
my contactless payments have not been completed successfully.,contactless_not_working,24
"i'm checking my statements and i saw a purchase from a couple weeks ago that i don't recall at all. not only that, but i don't even know the business that charged it. i'm not sure if i did it or not, but can we check it and see if we can trace it back to make certain?",direct_debit_payment_not_recognised,29
how to cancel a transaction,cancel_transfer,9
how is my atm deposit not available yet?,pending_cash_withdrawal,47
what is the virtual card and how can i get one?,getting_virtual_card,41
i don't have a virtual card - how do i get one?,getting_virtual_card,41
what countries are you supporting?,country_support,25
how long does the cash withdrawal take to pend?,pending_cash_withdrawal,47
i've got charges on my account i did not authorize. can i get this money back from the last couple of days that it's been coming out? i also need to freeze my card.,card_payment_not_recognised,17
i am having issues with identity verification,unable_to_verify_identity,68
my account is blocked because i entered the wrong pin too many times. help me unblock.,pin_blocked,50
i need a new login code,passcode_forgotten,45
what is the procedure for getting another card?,getting_spare_card,40
"when i tried to transfer funds to my friend today i was unable to do so, why?",failed_transfer,36
"i don't know what my passcode is, can you help?",passcode_forgotten,45
how come when i tried to pay contactless at the bus it didnt work?,contactless_not_working,24
i want to talk about an order that i placed a long time ago and have yet to receive. i demand a refund due to lack of delivery of the product! i refuse to pay for something i never got.,request_refund,52
what reason did my top-up fail for?,top_up_failed,59
my statement has a charge that shouldn't have been made.,request_refund,52
what is the normal time to make an international transfer? i made one a few days ago that still hasn't arrived.,balance_not_updated_after_bank_transfer,6
why hasn't my payment shown up yet?,pending_card_payment,46
it says the transfer wasn't accepted.,declined_transfer,28
i was double-charged for a transaction,transaction_charged_twice,63
is it just visa or can i also use mastercard?,visa_or_mastercard,73
someone besides me might be using my card.,compromised_card,23
where is the card pin?,get_physical_card,39
"i completed an in country transfer a few days ago and was sure to check the account information several times since the transaction was completed, but the funds are still not available. what is the problem?",transfer_not_received_by_recipient,66
"my card will expire next month, will i need to order a new one?",card_about_to_expire,10
will you accept a cheque to top up my account?,top_up_by_cash_or_cheque,58
is there a way to fix my top up,top_up_failed,59
i still don't have a refund.,Refund_not_showing_up,0
after going over my transactions for the last couple of months i noticed a pretty large charge that i know i did not make. i know it's been a while but can i still dispute this charge?,direct_debit_payment_not_recognised,29
there is a payment i don't recognize,card_payment_not_recognised,17
i topped up my card but the money disappeared.,topping_up_by_card,62
how can i get my money back for a payment i didnt make,direct_debit_payment_not_recognised,29
my atm withdrawal was cancelled,declined_cash_withdrawal,27
can i see my available money?,verify_source_of_funds,70
i don't understand why i was charged an additional fee for this service. can you clarify?,card_payment_fee_charged,16
i tried to do a transfer and it's saying it declined.,declined_transfer,28
how do you top up with a cheque?,top_up_by_cash_or_cheque,58
does apple pay give the option to top up?,apple_pay_or_google_pay,3
"hi, i am unable to use my card in atm. i had tried my card in two atms but both atms declined it. could you please check my account?",declined_cash_withdrawal,27
the receipient doesn't see my money transfer.,transfer_not_received_by_recipient,66
how long does it take for my payment to process?,pending_card_payment,46
i would like to cancel my previous purchase.,request_refund,52
my exchange rate was wrong for an item i bought!,card_payment_wrong_exchange_rate,18
can i get a mastercard?,visa_or_mastercard,73
how can i cancel this transaction?,cancel_transfer,9
how long until the card arrives?,card_delivery_estimate,13
how do i deal with a stolen card?,lost_or_stolen_card,42
i am waiting for the money to enter my account. how long does it take?,transfer_timing,67
how do i link an already existing card?,card_linking,14
the attempted transfer failed.,failed_transfer,36
"my card payment has been declined, do you know why?",declined_card_payment,26
can you tell me the names of the fiat currencies that i can use at your institution?,fiat_currency_support,37
i have an incorrect charge and would like a refund.,request_refund,52
"how long do tranfers from a uk account usuallt take for you? i just made a transfer and nothing shows up, so just wondering if things went ok",balance_not_updated_after_bank_transfer,6
"my account shows i have been charged twice for the same meal. how do i get the second payment voided and returned to me? i do not eat out much and my family is living paycheck to paycheck, mostly. i cannot afford to spend more money than necessary, as is, so i must see to it that the cost be promptly credited back onto my card.",transaction_charged_twice,63
"how come you charge for cash withdrawals? i withdrew cash after buying groceries today, and there seems to be a new fee",cash_withdrawal_charge,20
the atm didn't give me enough money! i asked for more than it gave. what do i do?,wrong_amount_of_cash_received,75
what's the transfer time from europe?,transfer_timing,67
how do i reset my passcode?,passcode_forgotten,45
i don't recognize this debit transaction in my billing statement?,direct_debit_payment_not_recognised,29
my credit card cancelled a payment for a purchase.,reverted_card_payment?,53
how do i link my replacement card?,card_linking,14
"this company is bad, please delete my account.",terminate_account,55
which countries does your service work in?,country_support,25
please help me get a visa card.,visa_or_mastercard,73
how much money can i withdraw before fees? i noticed a fee on my card but i didn't think i had hit the limit of how much i could withdraw in a month.,cash_withdrawal_charge,20
"my account is blocked, how do i log in now",pin_blocked,50
can i get paid for this in another currency?,receiving_money,51
my identity can't be verified for some reason,unable_to_verify_identity,68
do you accept all cards and currencies?,supported_cards_and_currencies,54
can i reactivate a card?,card_linking,14
is there a way to undo a transaction?,cancel_transfer,9
i am still waiting for a transfer to show up,pending_transfer,49
what is the exchange rate?,exchange_rate,33
i think my card is broke?,card_not_working,15
is the exchange rate the same on weekends as the weekdays?,exchange_rate,33
can my friend send me money?,receiving_money,51
the store card reader would not accept my card.,declined_card_payment,26
why was i charged extra on my last uk pound to russian ruble exchange?,card_payment_wrong_exchange_rate,18
i tried to use my card to withdrawal money from the atm in notting hill but it didn't work. this is the first time i've tried using it. is my card working?,declined_cash_withdrawal,27
instructions for activating card,activate_my_card,1
the atm keeps declining my transaction . i tried two different atms already can you please check if everything is okay with my account?,declined_cash_withdrawal,27
what do i do if i lost my phone?,lost_or_stolen_phone,43
can you freeze my card because someone used it while i was out of town. i did not make these purchases.,compromised_card,23
where do i get a disposable card,get_disposable_virtual_card,38
i think that the exchange rate was wrong for the payment made last saturday - i was charged extra.,card_payment_wrong_exchange_rate,18
"please help me with this transfer, for some reason i can't transfer to a cryptocurency account",declined_transfer,28
do i need a photo id to activate a my new card?,activate_my_card,1
where can i use my mastercard?,card_acceptance,11
"i want to get a visa and mastercard, is it possible to get both from you?",visa_or_mastercard,73
do i have to top-up with my credit card before i can transfer?,topping_up_by_card,62
do i receive the physical card for free,order_physical_card,44
i'm pretty sure my top up failed. how do i fix this?,top_up_failed,59
how do you exchange currencies,exchange_via_app,34
where do i go to receive a virtual card,getting_virtual_card,41
do i have to pay for exchanging currencies?,exchange_charge,32
why is the refund not on my statement?,Refund_not_showing_up,0
can i use any currency to add money?,supported_cards_and_currencies,54
i made a cash deposit almost a week ago but it's still not there!! please sort this out asap i need the money,balance_not_updated_after_cheque_or_cash_deposit,7
"my card payment is showing up as pending for a very long time, what's going on with that, it should be going through at some point?",pending_card_payment,46
why have i not yet received my virtual card?,getting_virtual_card,41
what age can sign up for services?,age_limit,2
"for the identity check, do i need any kind of documentation?",verify_my_identity,69
there is more than one charge on my account for a transaction.,transaction_charged_twice,63
why is my top-up showing as reverted?,top_up_reverted,61
"i needed to make a payment on my account, but i typed in the incorrect number. the app won't allow me to cancel this transaction. i need it cancelled asap!!",cancel_transfer,9
"i finally got my new card and was very excited to use it today. however, my payment kept declining. what is happening?",declined_card_payment,26
someone made a mistake on my money transfer because i was charged extra fees.,transfer_fee_charged,64
can someone please help assist me by explaining to me why my pass-code is not working?,passcode_forgotten,45
i'm really upset because i made a typo during a transfer and now i've sent money to the wrong account. i can't fix this with the app. please help me immediately!,cancel_transfer,9
do you know how i can verify that i did a top-up to my card?,verify_top_up,71
how do i exchange aud for gbp?,exchange_via_app,34
is it possible for a friend to personally send me a payment?,receiving_money,51
what was the cause for my card to be declined?,declined_cash_withdrawal,27
this disposable virtual card is not working.,virtual_card_not_working,72
my salary is received in the form of gbp. do i need to do anything specific to configure this?,receiving_money,51
is there a way to change name?,edit_personal_details,31
why are you charging me for atm withdrawal? it has always been free before.,cash_withdrawal_charge,20
can i add to my account using a cheque?,top_up_by_cash_or_cheque,58
how do i set up my credit card to send transfers?,topping_up_by_card,62
i noticed that my card was charged more than once for one thing.,transaction_charged_twice,63
how can i get new card?,contactless_not_working,24
what steps do i need to take to exchange currencies?,exchange_via_app,34
how long does it take to get my card? can i choose when to receive it?,card_delivery_estimate,13
my top-up has failed.,top_up_failed,59
my friends would like to add to my account. what is the procedure?,topping_up_by_card,62
my payment had a wrong exchange rate.,card_payment_wrong_exchange_rate,18
i noticed my card was used in a small town that i have never been to. can you stop the card from being used more?,compromised_card,23
i think i was double charged,transaction_charged_twice,63
"i desperately need to top-up my card, so why is it being declined? can you solve this for me? i need to use my card immediately!",top_up_failed,59
why is there a direct debit i didn't make showing in the app?,direct_debit_payment_not_recognised,29
i shouldn't be charged any fee for transferring .,transfer_fee_charged,64
seems like my top-up has not gone through,pending_top_up,48
"my new card has arrived, what's the activation procedure?",activate_my_card,1
i was denied cash at an atm,declined_cash_withdrawal,27
"i got some cash at an atm earlier, but now app is showing that i withdrew more than i did. help!",wrong_amount_of_cash_received,75
the activation process for my card isn't working.,activate_my_card,1
is this where i order a virtual card?,getting_virtual_card,41
"why did the person i transferred money to not receive the correct amount? what should i do to get them the right amount, do i have to transfer more money to them?",transfer_fee_charged,64
can friends i have top-up my account?,topping_up_by_card,62
how long will my cash withdrawal take,pending_cash_withdrawal,47
there is a direct debit transaction that i did not authorize,direct_debit_payment_not_recognised,29
"my card is stuck in an atm machine, how do i get it back quickly?",card_swallowed,19
"i am not a premium customer but i want a virtual card, how do i get it",disposable_card_limits,30
how to change my address.,edit_personal_details,31
why didnt my topup go through?,top_up_failed,59
where can i find the auto-top up feature?,automatic_top_up,5
help me find the transfer that i did.,balance_not_updated_after_bank_transfer,6
can i have a third card?,getting_spare_card,40
i would like to exchange currencies,exchange_via_app,34
how do i get a new card when my old one expires?,card_about_to_expire,10
can i order another card?,getting_spare_card,40
why was one of my transfers declined?,declined_transfer,28
where can i receive my card?,order_physical_card,44
you applied the wrong exchange rate while i was traveling outside the country.,wrong_exchange_rate_for_cash_withdrawal,76
"i received my american express in apple pay, is there a reason why top up is not working?",apple_pay_or_google_pay,3
there is random cash in my account.,cash_withdrawal_not_recognised,21
please help me get a refund?,request_refund,52
do you let me choose between visa and mastercard?,visa_or_mastercard,73
what are the disposable cards used for?,get_disposable_virtual_card,38
"how long does it take for transfers to finish? i sent funds to my pal, and she says that she has not gotten anything.",transfer_not_received_by_recipient,66
lost my card in atm,card_swallowed,19
my phone was taken! can you place cancel my account so no one uses it,lost_or_stolen_phone,43
how long does it take for a money transfer to show up?,pending_transfer,49
"the transfer keeps rejected, i tried to transfer some money to friends but it keeps getting rejected for some reason, would you please check the issue?",failed_transfer,36
what do i do to stop unauthorized transactions on my card? i was never in the place from which the transactions on my bill were made and i never made them. please help!,compromised_card,23
do i need to do anything special for my friend to send money to my account?,receiving_money,51
my phone is missing.,lost_or_stolen_phone,43
my money transfer has not happened yet,pending_transfer,49
"money was taken out without my consent,",cash_withdrawal_not_recognised,21
where is my new card? i have been waiting a week!,card_arrival,12
when going to the atm to take out some cash today my withdrawal was declined. i need to fix this problem as soon as possible. whats going on?,declined_cash_withdrawal,27
can you explain why my payment was charged a fee?,card_payment_fee_charged,16
do you guys have any age restrictions?,age_limit,2
did my transfer fail?,failed_transfer,36
when should i expect to see my transfer hit my account?,transfer_timing,67
the card payment didn't work,reverted_card_payment?,53
when will i receive the cash payment from the check i deposited?,balance_not_updated_after_cheque_or_cash_deposit,7
why is it required to verify my identity?,why_verify_identity,74
the cheque i deposited isn't showing in my account,balance_not_updated_after_cheque_or_cash_deposit,7
i'm interested in getting a virtual card. how do i get one?,getting_virtual_card,41
the exchange rate from my card payment isn't right.,card_payment_wrong_exchange_rate,18
i'm still waiting for the top-up!,pending_top_up,48
"i topped up by card a while ago and it's still pending, surely it should be done by now?",pending_top_up,48
do you accept cheques for top ups?,top_up_by_cash_or_cheque,58
how can my friend transfer money to me?,receiving_money,51
"is there a top-up feature, if there isn't a lot of money left?",automatic_top_up,5
can you tell me why my card is not working? i keep trying to use it but it keeps rejecting my payment. i am being careful and entering the info correctly but it still happens.,declined_card_payment,26
do you support any currency?,fiat_currency_support,37
can i send a cheque to do my top ups?,top_up_by_cash_or_cheque,58
what is the most efficient way to activate my new card?,activate_my_card,1
"i did not get my card yet, is it lost?",card_arrival,12
do i have to setup apple pay to use it,apple_pay_or_google_pay,3
the cheque i sent to you to have deposited a couple days ago has not cleared in my account yet. what is the issue?,balance_not_updated_after_cheque_or_cash_deposit,7
"hi, i tried topping up for the first time today i'm a new customer, and the transaction has shown as pending for the last half an hour. can you fix it?",pending_top_up,48
why doesn't it show that i did a balance transfer?,balance_not_updated_after_bank_transfer,6
i have my card here with me and someone has just made a withdrawal for 500. please help!,cash_withdrawal_not_recognised,21
are cards available to those outside of the uk?,country_support,25
where's my virtual card,getting_virtual_card,41
"i topped up recently and saw the money go through, but now it's just gone? what's going on",top_up_reverted,61
"something is wrong, my top-up is gone and i don't know what happened to my money.",top_up_reverted,61
why was my transfer charged a fee?,transfer_fee_charged,64
what currencies and methods can i use to top up my account?,supported_cards_and_currencies,54
in which countries can i get a card?,country_support,25
how do i activate my new card,activate_my_card,1
"i would like to close my account, as i'm not happy.",terminate_account,55
why can't i verify my identity?,unable_to_verify_identity,68
when will my payment go through?,pending_card_payment,46
how many uses are the disposable cards good for?,disposable_card_limits,30
why is my money not in my account. i have already sent it out.,balance_not_updated_after_cheque_or_cash_deposit,7
my transaction needs to be canceled.,cancel_transfer,9
i want to get my hands on one of those virtual cards!,getting_virtual_card,41
i am not able to purchase anything online! i have been using my card on multiple sites over a period of two weeks and none of the payments have gone through. why is this happening?,reverted_card_payment?,53
is the cash withdrawal going to show?,pending_cash_withdrawal,47
i should have received a refund however it is not showing on my statement,Refund_not_showing_up,0
i placed my order a week ago. is it ok that my card isn't here yet?,card_delivery_estimate,13
tell me your opinion on the exchange rate.,exchange_rate,33
is it possible to get one of your cards in the european union?,country_support,25
my top-up is not working. why is that?,top_up_failed,59
i want to cancel a transaction.,cancel_transfer,9
my money is nowhere to be found? i talked up earlier and seen it. now it has vanished. what is going on?,top_up_reverted,61
"i want to withdraw money, where can i go?",atm_support,4
my card payment was cancelled it seems.,reverted_card_payment?,53
i don't think my card payment exchange rate is correct.,card_payment_wrong_exchange_rate,18
i need a single use card for shopping online,get_disposable_virtual_card,38
i want to replace my current pin.,change_pin,22
i tried to get some money but the machine was not working .the transaction still seems in progress! can you please check what's going on.i don't want to be charged for money that i did not received.,pending_cash_withdrawal,47
"if you send me more cards, are there any charges?",getting_spare_card,40
i am on vacation in spain and think someone saw my pin when can i change it at a local atm?,change_pin,22
why isn't the recipient seeing the transaction? i just sent the money.,transfer_not_received_by_recipient,66
what is this charge on my account for a cash withdrawl?,cash_withdrawal_charge,20
let me know when you charge extra for payments please. i just checked the app earlier when i saw that there was an additional fee on one of the payments that i wasn't warned about before.,card_payment_fee_charged,16
do i need to re-apply to order a new card when my old one's about to expire?,card_about_to_expire,10
i requested a higher amount for my cash withdrawal,wrong_amount_of_cash_received,75
there is a single payment on my card which shows as pending.,pending_card_payment,46
do you support all cards and currencies?,supported_cards_and_currencies,54
i am still waiting for a cash withdrawal to show,pending_cash_withdrawal,47
cash from this morning has not deposited,balance_not_updated_after_cheque_or_cash_deposit,7
please delete my account. i am not happy with the service from your company.,terminate_account,55
how do i link a new card?,card_linking,14
i ordered online weeks ago and i never received my package in the mail and i don't want to wait any more. so if i could get my money back now that would be great.,request_refund,52
my pin hasn't arrived in the post! how do i cancel it or get a new one?,get_physical_card,39
how can i know where my card will be accepted?,card_acceptance,11
how can i look at where my available cash is coming from?,verify_source_of_funds,70
wheres my money receipt,transfer_not_received_by_recipient,66
im going to need to make a transfer from a uk account but i need it to go through asap. is that going to be possible or will it take forever?? im hoping it will be a couple hours and not a couple weeks.,balance_not_updated_after_bank_transfer,6
where is the tracking number for the card you sent me?,card_arrival,12
can i open up an account for my child?,age_limit,2
"i need some help, i thought you guys accepted crypto top ups?? it won't seem to let me do it. i put money in my account and now it's gone and i didn't spend it. where did it go??",top_up_reverted,61
help! what should i do? my phone was stolen yesterday.,lost_or_stolen_phone,43
how do i find the code needed in order to verify my top-up card?,verify_top_up,71
why do i have to verify the top-up that i started?,verify_top_up,71
my card is not able to be activated how do i get it to work?,activate_my_card,1
the bank machine didn't give my card back how do i get a new one fast?,card_swallowed,19
why did my cash deposit not show up?,balance_not_updated_after_cheque_or_cash_deposit,7
how much is it to exchange currency,exchange_charge,32
are there any extra hidden fees for exchanging currencies?,exchange_charge,32
tell me about the card pin?,get_physical_card,39
what's the foreign exchange rate i will receive?,exchange_rate,33
how much would it cost me for a bank transfer to top up my account?,top_up_by_bank_transfer_charge,56
what is the procedure for me to get more cards on my account?,getting_spare_card,40
how long until my transfer will be available to me,balance_not_updated_after_bank_transfer,6
"i tried to top-up, why didn't it work?",top_up_failed,59
still waiting on that card,card_arrival,12
how do i change my information?,edit_personal_details,31
what can i use to verify my identify?,verify_my_identity,69
"hi, it's urgent, please freeze my card. as someone has withdrawn money using my card in odd remote town. since i have not done this withdrawal. do it fast.",cash_withdrawal_not_recognised,21
please explain to me how to know where my funds are from.,verify_source_of_funds,70
in the app i see a payment that is not mine.,card_payment_not_recognised,17
when shipped to the us how long is delivery time?,card_delivery_estimate,13
is it possible to get one the your cards in the eu?,country_support,25
please tell me where i can update my details since i moved.,edit_personal_details,31
"how do i activate my card, so that i can start using it?",activate_my_card,1
why was i blocked from withdrawing from the atm?,declined_cash_withdrawal,27
how long does it take to prove my identity?,unable_to_verify_identity,68
"hi, i draw out some money from the atm today. the atm has given me wrong amount and the application is displaying more amount than i withdraw.",wrong_amount_of_cash_received,75
is there a reason i need to verify top up,verify_top_up,71
what locations can a card be delivered to?,order_physical_card,44
the atm did not give me as much cash as i requested.,wrong_amount_of_cash_received,75
why was i charged twice for my item!,transaction_charged_twice,63
am i able to exchange currencies?,fiat_currency_support,37
how can i add money from my amex card,supported_cards_and_currencies,54
what are the fees for top ups?,top_up_by_card_charge,57
i would like a virtual card...how do i get one?,getting_virtual_card,41
how long does it take for cash withdrawals to hit my account?,pending_cash_withdrawal,47
what currencies do you accept?,fiat_currency_support,37
does it cost to add money to my card?,top_up_by_card_charge,57
can i use app to reset pin attempts?,card_not_working,15
"my top-up was supposed to be done, but now the money is gone! is there a glitch in your system?",top_up_reverted,61
what do you need for the identity verification,verify_my_identity,69
my card hasn't arrived yet. what do i do?,card_arrival,12
can i top up my balance with a cheque?,top_up_by_cash_or_cheque,58
how can i tell if someone else is using my card?,compromised_card,23
"can i still use my account, even though the identity verification has not passed yet?",why_verify_identity,74
what currencies can i exchange between on your app?,exchange_via_app,34
the date my card expires is coming up,card_about_to_expire,10
i paid with my card and ended up being charged a fee.,card_payment_fee_charged,16
why did you give me so little currency?,wrong_exchange_rate_for_cash_withdrawal,76
what do you need for my identity check?,verify_my_identity,69
how long will the transfer take?,pending_transfer,49
i'm not familiar with a card payment.,card_payment_not_recognised,17
i am unable to access my app due to forgetting my passcode.,passcode_forgotten,45
i'm on holiday and i noticed a different amount for exchange rate. can you explain?,card_payment_wrong_exchange_rate,18
i tried to transfer money to a receiver and they didn't get the right amount. what is going on and who do i contact to help me?,transfer_fee_charged,64
"i am seeing unathorized transactions in the app, on my account.",cash_withdrawal_not_recognised,21
i need help cancelling a transaction.,cancel_transfer,9
"i've got a weird problem i purchased something a week or maybe it was two weeks ago, and the funds have come back into my account! can you explain this?",reverted_card_payment?,53
why can't the person i sent the money transfer to see it?,transfer_not_received_by_recipient,66
can i use google pay for topping -up,apple_pay_or_google_pay,3
my top-up didn't go through,top_up_failed,59
"if i have more than one disposable card, can i make five payments on each of them?",disposable_card_limits,30
my transfer didn't arrive to the recipient,transfer_not_received_by_recipient,66
"i went to an atm to get cash, but the app says the withdrawal is still pending. how is that possible when i already have the cash with me?",pending_cash_withdrawal,47
what is the maximum for auto top-up?,automatic_top_up,5
"i am having issues using contactless payments, could my card be damaged?",contactless_not_working,24
is there a certain age i need to be?,age_limit,2
help! the atm won't give me my card back.,card_swallowed,19
"a couple weeks ago some money was deducted from my account by some seller that i don't remember. i'm pretty sure i didn't do that, but is it possible to trace back who that is just to make sure?",direct_debit_payment_not_recognised,29
i need to change my address,edit_personal_details,31
"can my daughter also have a card issued in her name, but linked to my account?",getting_spare_card,40
i need to verify my identity. how do i do that?,verify_my_identity,69
how many days does it take until funds are in my account?,transfer_timing,67
why do i see an extra 1 charge on my statement?,extra_charge_on_statement,35
how can i top up with this cheque i got?,top_up_by_cash_or_cheque,58
i don't see me 'top up' in my wallet,topping_up_by_card,62
"i already paid to top-up but the funds aren't available yet, where are they?",pending_top_up,48
where are you getting your exchange rates from?,exchange_rate,33
why cant you just refund me instead of a merchant,Refund_not_showing_up,0
"i'm trying to verify my top-up card, but i can't find the code...?",verify_top_up,71
i can't add any more money.,top_up_failed,59
what is the matter?,direct_debit_payment_not_recognised,29
"i need you to stop the transfer i just started as soon as possible, i just realized it's not correct!",cancel_transfer,9
what can you use the disposable cards for?,get_disposable_virtual_card,38
"i went to withdraw some cash earlier today, but seems the atm gave me the wrong amount of cash! the amount showing up in the app is a lot more",wrong_amount_of_cash_received,75
"i think something went wrong, i didn't get the right amount.",wrong_amount_of_cash_received,75
would i be able to get an account for my child?,age_limit,2
can i make transactions before identity verification?,why_verify_identity,74
what are some reasons that would cause atm machines to decline my card? it has happened to me multiple times!,declined_cash_withdrawal,27
i pulled cash from the atm earlier. why is it still pending if i already have the cash?,pending_cash_withdrawal,47
why did i not get the amount i specified at the atm?,wrong_amount_of_cash_received,75
why is my pin blocked?,pin_blocked,50
i don't know where my phone is.,lost_or_stolen_phone,43
where do you mail physical cards?,order_physical_card,44
"i have tried to submit a transfer a couple of times now, and for some reason, it continues to be unsuccessful. do you know why this may be?",beneficiary_not_allowed,8
let me know how many disposable cards i can have?,disposable_card_limits,30
i forgot my passcode. now what?,passcode_forgotten,45
my contactless is non-functional.,contactless_not_working,24
"my cash withdrawal shows pending, why?",pending_cash_withdrawal,47
please help me regarding a direct debit in the app that i don't recognize.,direct_debit_payment_not_recognised,29
where do i have access to a virtual card?,getting_virtual_card,41
how do i link an old card?,card_linking,14
"my card has an expiration date, will you send a new one automatically?",card_about_to_expire,10
i've been waiting longer than expected for my card.,card_arrival,12
i wish to cancel a transfer,cancel_transfer,9
why is the identity check involved?,why_verify_identity,74
is it possible to get both mastercard and visa card from you?,visa_or_mastercard,73
is there a mastercard atm nearby?,atm_support,4
i have been charged two times for one transaction.,transaction_charged_twice,63
what do you do to transfer money to my account?,transfer_into_account,65
can i get my money back on an item?,request_refund,52
"what is this card payment, i do not recognize it.",card_payment_not_recognised,17
i don't have the device i used to log onto the platform so i can't access it.,lost_or_stolen_phone,43
is there a way to top up using my apple watch?,apple_pay_or_google_pay,3
why is a transaction still pending?,pending_cash_withdrawal,47
my card didn't work in one of the shops.,declined_card_payment,26
you provide support in what countries?,country_support,25
what are then rules on beneficiaries?,beneficiary_not_allowed,8
how long does it take to process transfers from europe?,transfer_timing,67
can i transfer something urgently from china? how long does it take?,transfer_timing,67
can you tell me why the transfer isn't showing up on my account?,balance_not_updated_after_bank_transfer,6
is there a topping up limit?,top_up_limits,60
i would rather the mastercard.,visa_or_mastercard,73
are your cards supported in the eu?,country_support,25
how do i link a card that i already have?,card_linking,14
can you tell me what i need to do to have my pin changed?,change_pin,22
why does my statement show an extra fee?,extra_charge_on_statement,35
transferring money using credit card,topping_up_by_card,62
does this app have the same exchange rate as third parties?,exchange_rate,33
i can't find the money i just added to my account.,pending_top_up,48
i received a fee i should not have.,card_payment_fee_charged,16
when will a transfer from the us post?,transfer_timing,67
"i found my card, i would like to reactivate it.",card_linking,14
where is the tracking number for the card?,card_arrival,12
"if my salary is in gbp, do i need to do something?",receiving_money,51
why was i declined at the atm today when i was trying to make a withdraw?,declined_cash_withdrawal,27
i got less cash because of the exchange rate.,wrong_exchange_rate_for_cash_withdrawal,76
"where can i find out the fee structure for my account? i have been charged fees for some transactions, but not for other ones. i can't find a pattern in these fees.",card_payment_fee_charged,16
"i made a cash deposit, but it hasn't shown up in my balance yet.",balance_not_updated_after_cheque_or_cash_deposit,7
"hi, i am unable to see transaction in my account which i made couples of hours ago from my uk account. please help me in this.",balance_not_updated_after_bank_transfer,6
i have been double charged,transaction_charged_twice,63
i don't understand where this debit came from and want it removed.,direct_debit_payment_not_recognised,29
why must i prove id,verify_my_identity,69
can i change my pin without going to a bank?,change_pin,22
how do i order my card?,order_physical_card,44
my withdrawal was cancelled.,declined_cash_withdrawal,27
"i live in the eu, can i get one of your cards?",country_support,25
what does it mean when it says that i have a payment that is pending?,pending_card_payment,46
where can i edit personal details?,edit_personal_details,31
how do i transfer funds directly from my credit card?,topping_up_by_card,62
"if my pin number is rejected, how do i solve it?",pin_blocked,50
can you tell me the countries you operate in?,country_support,25
i was just shopping online for some tickets and the payment was declined by you. why has this happened? i am certain i have the right amount of funds in my account.,declined_card_payment,26
i would like to transfer money into my account.,transfer_into_account,65
why was i charged a fee to transfer money?,transfer_fee_charged,64
this debit is not my transcation. how do i get my money out back?,direct_debit_payment_not_recognised,29
how do i check to see why my card payment was declined?,declined_card_payment,26
there is some cash that is showing up on my app.,cash_withdrawal_not_recognised,21
where can user find pin?,get_physical_card,39
can an american resident apply to get a card?,country_support,25
how do i dispute a payment i didnt make,card_payment_not_recognised,17
where is the money i pushed it's on my mobile app as being withdrawn.,wrong_amount_of_cash_received,75
"after i attempted a transfer, it failed.",failed_transfer,36
what age do i have to be?,age_limit,2
how come when i got cash the exchange rate was different than it should be,wrong_exchange_rate_for_cash_withdrawal,76
why is the payment showing as pending from things i bought this morning?,pending_card_payment,46
"hello, i have noticed a problem on my recent withdrawal at the banks atm machine. i made a transaction and upon receiving my funds from the machine, a fee was assessed to my withdrawal. are these types of transactions free of charge?",cash_withdrawal_charge,20
i have a direct debit on my records that is strange and i need help.,direct_debit_payment_not_recognised,29
i have been charged twice this week for a couple of things on my card. can you please check this out for me and return the double charged items back?,transaction_charged_twice,63
if i want to change my pin number can i directly from an atm?,change_pin,22
"my card is expiring, how do i get a new one?",card_about_to_expire,10
is it a good time to exchange?,exchange_rate,33
what went wrong with my transfer?,declined_transfer,28
there is a direct debit set up that was not authorized by me.,direct_debit_payment_not_recognised,29
"it seems my card payment was completed twice. i paid at the store previously and the first one did not seem to go through. after a second attempt, it did go through. i now see within the app that i have been charged twice with one of them pending. can you please remove the pending amount because it is clearly something that was declined?",transaction_charged_twice,63
please help me! a payment i made had an error on the account number and i can't cancel on my side. can you cancel it?,cancel_transfer,9
i want to get a refund.,request_refund,52
someone might be using my card that is not me.,compromised_card,23
how do i use a cheque to top up?,top_up_by_cash_or_cheque,58
how old do i need to be to get an account for myself,age_limit,2
what currencies can be exchanged in the app?,exchange_via_app,34
top up not available in my wallet.,topping_up_by_card,62
i requested a virtual card but it is not showing up. why?,getting_virtual_card,41
i just realized i made the wrong transaction yesterday. would you please make it correct?i need it by tomorrow please.,cancel_transfer,9
is the card welcomed by everybody?,card_acceptance,11
i broke my card,card_not_working,15
"recently, a few weeks ago there was a transaction made on my account by some seller that i don't recognize. i am very certain that didn't happen and will like for you to trace back to make sure.",direct_debit_payment_not_recognised,29
why can't i see the top-up amount i just added to my account?,topping_up_by_card,62
can i use my account although the identity verification has not been accepted yet?,why_verify_identity,74
do i get charged if i top up with my european bank card?,top_up_by_card_charge,57
can i select my card scheme or do you choose it for me?,visa_or_mastercard,73
i've already tried 5 times to complete a transfer that's just standard. what's the deal? is your system down at this time?,failed_transfer,36
what is the exchange rate like on this app?,exchange_rate,33
the exchange rate that was applied for an international purchase was wrong.,card_payment_wrong_exchange_rate,18
is there a limit for top-ups?,top_up_limits,60
could you please put a freeze on my card? there are some payments on it that i don't know where they came from.,card_payment_not_recognised,17
why is a transfer to a beneficiary not possible?,beneficiary_not_allowed,8
i didn't make this direct debit transaction,direct_debit_payment_not_recognised,29
is the fee with my cash withdrawal a mistake?,cash_withdrawal_charge,20
why is there a fee for my transfer?,transfer_fee_charged,64
"my card payment reverted back, i think.",reverted_card_payment?,53
a payment on my statement is wrong.,card_payment_not_recognised,17
there was a limited amount of money available at the time of my transaction.,wrong_amount_of_cash_received,75
what is the daily limit on my card?,top_up_limits,60
"the other bank confirmed a transfer i made, but this account is not reflecting it yet.",balance_not_updated_after_bank_transfer,6
i made a payment and it appears it is showing twice,transaction_charged_twice,63
how long dies it take for transfers to reflect on my balance,transfer_timing,67
am i going to be charged for topping up by transfer?,top_up_by_bank_transfer_charge,56
how long does it take for a refund to appear?,Refund_not_showing_up,0
why is the exchange rate on my card payment different than i expected?,card_payment_wrong_exchange_rate,18
i have just read my statement and there is a payment i don't recognise.,card_payment_not_recognised,17
i want to close my account  i will never do business with you again.,terminate_account,55
is verifying my identify important?,why_verify_identity,74
my card is showing multiple charges for the same items on my recent statement. i was wondering what actions of needed to take to fix this issue,transaction_charged_twice,63
would i be charged any fees if i added money to my account using an international card?,top_up_by_card_charge,57
"you can activate your card in a few seconds by going to account, hitting activate, and just following the directions.",activate_my_card,1
will the duplicated payment be refunded?,transaction_charged_twice,63
this company is terrible! can you delete my account?,terminate_account,55
which flat currencies do you support for holding and exchange?,fiat_currency_support,37
where do i get a disposable virtual card?,get_disposable_virtual_card,38
"in regards to top-ups, can i do them via google pay?",apple_pay_or_google_pay,3
how come my cash deposit is not showing up. this can't be right. there must be some mistake. where did my cash go. you better not have lost it as i need this money asap.,balance_not_updated_after_cheque_or_cash_deposit,7
"no transactions are being accepted, what's wrong with my card?",card_not_working,15
hello i have lost my phone and i'm worried someone's going to steal money from me,lost_or_stolen_phone,43
i got my new card but i am not sure if it need s activated and how?,activate_my_card,1
what steps do i need to do to delete my account?,terminate_account,55
i visited the atm but got less money than what i requested. why?,wrong_amount_of_cash_received,75
i have to transfer something to china as fast as i can. how long will it take to arrive in china?,transfer_timing,67
i checked the app and saw an extra cash withdrawal that i didn't authorize,cash_withdrawal_not_recognised,21
my withdrawal from the atm was cancelled.,declined_cash_withdrawal,27
i would like a card please.,order_physical_card,44
what's up with the fee for getting cash?,cash_withdrawal_charge,20
how many times can i use the disposable virtual card i have?,disposable_card_limits,30
what areas are cards delivered to?,order_physical_card,44
how come my transfer got declined,declined_transfer,28
"i submitted a cheque couple days ago, nothing happened to my account yet.would you please check what could be the possible issue?",balance_not_updated_after_cheque_or_cash_deposit,7
"i want to activate my card, how do i do it?",activate_my_card,1
can i transfer money to my credit card?,topping_up_by_card,62
delete my account now please.,terminate_account,55
what is the youngest age for an account?,age_limit,2
i went to do a transfer and it was declined.,declined_transfer,28
is there a reason there's an extra fee on my statement?,extra_charge_on_statement,35
i wanted to purchase something online but the payment was returned back to me. this has been going on for a couple of weeks. please tell me what is going on here?,reverted_card_payment?,53
how can i delete my account?,terminate_account,55
can you please explain disposable virtual cards for me?,get_disposable_virtual_card,38
can i set my own top-up limit?,top_up_limits,60
my card hasn't arrived.,card_arrival,12
can you tell me how to tell where my funds come from?,verify_source_of_funds,70
what's the deal? my card was just denied for top up. why is it not going through?,top_up_failed,59
help me find my card pin!,get_physical_card,39
"i need a card reactivation, i had reported my card lost but i ran across it in my jacket.",card_linking,14
i've been unable to pay contactless with my card for over a week now. is there a way to fix this issue?,contactless_not_working,24
when will i get my money? it's been too long.,transfer_not_received_by_recipient,66
what cash machines will let me change my pin?,change_pin,22
how long should i wait for top up go go through ?,pending_top_up,48
what information do you need to verify my source of funds?,verify_source_of_funds,70
"somebody has stolen my card, i need help please.",lost_or_stolen_card,42
i could not get the atm to work,declined_cash_withdrawal,27
someone transferred money to me and it doesn't show,pending_transfer,49
i seem to be unable to make any transactions.,card_not_working,15
i purchased something abroad but the exchange rate is incorrect.,card_payment_wrong_exchange_rate,18
can i get a disposable virtual card?,get_disposable_virtual_card,38
there is a direct debit that's not mine.,direct_debit_payment_not_recognised,29
how do i know if my top-up went through?,pending_top_up,48
why am i not able to withdraw cash from this atm?,declined_cash_withdrawal,27
"i made a mistake and did a transaction to a wrong account, can i cancel?",cancel_transfer,9
can i return an item?,request_refund,52
i think my top up was reversed.,top_up_reverted,61
i tired to get cash in the atm but it was cancelled,declined_cash_withdrawal,27
when are you going to activate my card?,activate_my_card,1
can i use this account to receive my salary?,receiving_money,51
i contacted the seller and he won't respond. please just refund me my money.,Refund_not_showing_up,0
can you tell me if a creditrefund is coming from a seller? i asked for refund directly from them and am still waiting. it's been a week now and i still havn't seen my refund yet.,Refund_not_showing_up,0
i did a transaction this morning and now i want to cancel it.,cancel_transfer,9
i have a pending cash withdrawal,pending_cash_withdrawal,47
how do i input a new address?,edit_personal_details,31
i was attempting to top up with my card but the money has vanished!,topping_up_by_card,62
why am i being charged for the same thing twice?,transaction_charged_twice,63
can i top up with check?,top_up_by_cash_or_cheque,58
"i need some money transferred asap, how long does the process take?",transfer_timing,67
why isn't my pending transfer finished?,pending_transfer,49
there is a payment that has not processed.,pending_card_payment,46
what are the steps i need to take to verify my identity?,verify_my_identity,69
are there any restrictions for the disposable cards that i need to be aware of?,disposable_card_limits,30
i need to know the process to transfer money into my account.,transfer_into_account,65
i withdrew money but the full amount wasn't dispensed.,wrong_amount_of_cash_received,75
what number of times can i top-up?,top_up_limits,60
can i pick a new pin?,change_pin,22
what currencies are approved to add money?,supported_cards_and_currencies,54
there is a charge i dont recognize,card_payment_not_recognised,17
what happened to the money after i put in the wrong info and it got declined,topping_up_by_card,62
i made a cash deposit to my account but it is not there,balance_not_updated_after_cheque_or_cash_deposit,7
can i receive a refund for my item?,request_refund,52
what's taking my top-up so long?,pending_top_up,48
why am i charged a fee for withdrawing cash?,cash_withdrawal_charge,20
"there is an extra charge on my account i didn't authorise, it's just 1, what is it?",extra_charge_on_statement,35
what should i do if my smart phone is lost or stolen?,lost_or_stolen_phone,43
extra charge during transfer,transfer_fee_charged,64
why was a fee charged to me for transferring money?,transfer_fee_charged,64
how long do i have to wait for a transfer from the us?,transfer_timing,67
how much can i expect to pay to top up a us card?,top_up_by_card_charge,57
my card stopped working,card_not_working,15
"i transferred the rent payment for my new place a couple days ago but the landlord says it's not there yet, despite showing up as done on my side. i checked the account number i sent it to and it's definitely correct. can you please verify if the transaction really went through or not?",transfer_not_received_by_recipient,66
which cash machines will allow me to change my pin?,change_pin,22
i need my card immediately.,card_delivery_estimate,13
can i change my pin at a nearby atm when in spain? i think someone saw my pin and i need to change it but am on vacation.,change_pin,22
can i get a card outside the uk?,country_support,25
my physical card is not working,card_not_working,15
what happened to the money that i deposited?,top_up_reverted,61
my refund is missing from my statement.,Refund_not_showing_up,0
why wasn't i able to transfer to another account?,beneficiary_not_allowed,8
"would i be able to get another card for my account, so i could give one to my daughter?",getting_spare_card,40
what are the steps i need to do if i have a stolen card?,lost_or_stolen_card,42
what is the wait time for delivery to the us?,card_delivery_estimate,13
google pay isn't working. what is wrong?,apple_pay_or_google_pay,3
cash has been deposited this morning but it hasn't came through.,balance_not_updated_after_cheque_or_cash_deposit,7
can someone else use my account if they have my phone? i lost mine.,lost_or_stolen_phone,43
are there cash machines where i can change my pin?,change_pin,22
i havn't received my pin yet.,get_physical_card,39
is there any way to auto top-up?,automatic_top_up,5
how long does a us transfer take,transfer_timing,67
how can i add money to my account from another account i have?,transfer_into_account,65
can you tell me what cards and currencies you support?,supported_cards_and_currencies,54
"with this app, will i be able to exchange currency?",exchange_via_app,34
is there a reason why my card was declined when i attempted to withdraw money?,declined_cash_withdrawal,27
a transaction shows duplicate times.,transaction_charged_twice,63
why hasn't my cash arrived from a deposited check?,balance_not_updated_after_cheque_or_cash_deposit,7
can i use it all over the world?,country_support,25
when will money be available in my account?,transfer_timing,67
what factors effect the exchange rate?,exchange_rate,33
someone might have had access to my card.,compromised_card,23
how do i convert currencies with the app?,exchange_via_app,34
can i dispute a debit payment that i am seeing that i didn't make from a couple of months ago?,direct_debit_payment_not_recognised,29
please help me with the activation of the new card.,activate_my_card,1
to many charges on my card how do i go about fixing that?,transaction_charged_twice,63
my salary comes in gbp can i change my options somewhere?,receiving_money,51
i have a top up card. where is the verification code?,verify_top_up,71
i just made a top-up but it shows as pending! i use your service all the time and have never had a problem before. why does it keep showing up as pending?,pending_top_up,48
"hi, i made a transfer yesterday that i need to reverse. i need to put the money in a different account.",cancel_transfer,9
can i exchange currencies usign this app?,exchange_via_app,34
will you work with any fiat currencies?,fiat_currency_support,37
the wrong exchange rate was used when i bought something with a foriegn currency.,card_payment_wrong_exchange_rate,18
"when i used one of the atms in the city centre today, i tried to take out some money, but for whatever reason, the machine declined my card. just checked it out in my account and that amount is still showing as pending! is there any way that you can cancel this transaction, because i did not receive any money whatsoever from the atm",pending_cash_withdrawal,47
what was the 1 fee i got,extra_charge_on_statement,35
was my card payment reverted?,reverted_card_payment?,53
"help, i was charged twice!",transaction_charged_twice,63
is this app capable of exchanging currencies?,exchange_via_app,34
what is this fee debit on my account?,extra_charge_on_statement,35
the app rejected my top up,top_up_failed,59
"the card i thought was lost was just in my jacket, so can i reactivate it since i found it this morning?",card_linking,14
is there a limit to top-up amounts?,top_up_limits,60
why is the exchange rate different on my recent purchase?,card_payment_wrong_exchange_rate,18
i didn't get all the cash i requested for at the atm,wrong_amount_of_cash_received,75
which atm's will accept my card?,atm_support,4
what is identity check?,why_verify_identity,74
i lost my phone. what do i do to block someone else from using my account?,lost_or_stolen_phone,43
"i need to transfer something asap from china, how long will it take to post to my account?",transfer_timing,67
what different currencies can i get?,exchange_via_app,34
how can i receive my salary in another currency?,receiving_money,51
is it possible for a person who lives in the us to get a card?,country_support,25
what to do if my physical card is not working?,card_not_working,15
what is the estimated wait time for transfers from the us?,transfer_timing,67
why would i not be able to do a transfer to a beneficiary?,beneficiary_not_allowed,8
why hasn't my withdrawal shown on my statement?,pending_cash_withdrawal,47
can i use google play as my primary app to top up?,apple_pay_or_google_pay,3
please check payments on my card. there is a duplicate and i only bought it once.,transaction_charged_twice,63
i have a strange payment in my statement,card_payment_not_recognised,17
i got my american express in apple bay but top up is not working,apple_pay_or_google_pay,3
is there anywhere my card will not be accepted?,card_acceptance,11
my transaction was just declined when i was using my disposable virtual card. what can i do?,virtual_card_not_working,72
where is my deposit?,balance_not_updated_after_cheque_or_cash_deposit,7
is a physical card also available,order_physical_card,44
i am trying to revert a transcation i did this morning,cancel_transfer,9
"it seems you keep declining my transfers. before, it's always worked very well.just now when i tried to buy something the card was declined. i tried more than once and it was the same thing each time.",declined_transfer,28
why is it saying i have a pending payment?,pending_card_payment,46
do you do swift transfers?,top_up_by_bank_transfer_charge,56
can you help my fix my contactless?,contactless_not_working,24
any hidden fees associated with the international card if money is added?,top_up_by_card_charge,57
what can i do to make my physical card work?,card_not_working,15
where do i verify a top-up card?,verify_top_up,71
"can anyone help me, i lost my wallet and they've started withdrawing from my account.",cash_withdrawal_not_recognised,21
what is the tracking number for my card that was mailed?,card_arrival,12
does my account have the option to hold multiple currencies?,fiat_currency_support,37
why isn't my top up showing? was the money reversed?,top_up_reverted,61
please tell me why my top-up failed.,top_up_failed,59
how do i go about exchanging currencies with this app?,exchange_via_app,34
my top-up didn't work.,top_up_failed,59
what is the process for activating my card and using it?,activate_my_card,1
someone mugged my and stole everything. i can't use the app. what should i do?,lost_or_stolen_phone,43
the transfer was accepted but now it's stuck on pending. when will it go through?,pending_transfer,49
i have been waiting for my card payment to be moved from pending status for an unusually long time. what is going on here and do you have an idea of when i can expect it to go through?,pending_card_payment,46
my card was not accepted.,declined_card_payment,26
how do i stop fraud to my account?,compromised_card,23
"hae there, i have a transaction that is in progress despite the fact that the atm was not working, what do i do to avoid being charged?",pending_cash_withdrawal,47
why has my top-up been returned to my account?,top_up_reverted,61
can i add money in intervals to my account? i will be traveling.,automatic_top_up,5
i need help from someone in your department with finding my nearest atm.,atm_support,4
i would like to know what the restrictions are for the disposable cards.,disposable_card_limits,30
i was charged a fee for a transfer.,transfer_fee_charged,64
why am i charged a fee for using my card on some purchases?,card_payment_fee_charged,16
i need help proving that this is really me and to verify my identity.,unable_to_verify_identity,68
i didn't receive the correct amount of cash,wrong_amount_of_cash_received,75
what are disposable cards?,get_disposable_virtual_card,38
where did my funds come from?,verify_source_of_funds,70
i have a trip coming up and want to add money automatically.,automatic_top_up,5
i was unable to activate my card.,activate_my_card,1
do i have to use a bank approved atm to withdraw money?,atm_support,4
will my gpb update my salary,receiving_money,51
do you know which businesses will accept my card?,card_acceptance,11
why was i declined getting cash?,declined_cash_withdrawal,27
"i transferred money from the us, how long does it take?",transfer_timing,67
what should i do if i don't know my password?,passcode_forgotten,45
is there a reason my top up hasn't gone through,pending_top_up,48
why are all my identity details required,why_verify_identity,74
i tried to buy something online but my funds were transferred back to my account. what is happening?,reverted_card_payment?,53
"what's going on with the top-up? all it says is pending, pending, pending! i use your service several times a week and have never had a problem before! what's going on here?",pending_top_up,48
why are fees charged for cash withdrawals? i went to withdraw some money earlier today after shopping. there's a new fee that there.,cash_withdrawal_charge,20
what fiat money can i used in the exchange and holding?,fiat_currency_support,37
it's been a couple days how much longer do i have to wait for my transfer?,transfer_timing,67
can you tell me if there are limits to disposable virtual cards?,disposable_card_limits,30
why would i be charged a fee for card payment?,card_payment_fee_charged,16
how can i go about resetting my passcode?,passcode_forgotten,45
i didn't set up the direct debit i have,direct_debit_payment_not_recognised,29
i was wondering how i could have two charges for the same item happen more than once in a 7 day period. is there anyway i could get this corrected asap.,transaction_charged_twice,63
"the activation process did not work, please help?",activate_my_card,1
am i able to choose my card?,visa_or_mastercard,73
"my app says i made a withdrawal, but i didn't.",cash_withdrawal_not_recognised,21
"i followed the instructions to transfer money using my card, but then the money disappeared and i don't know what happened.",topping_up_by_card,62
is it ok for a friend to send me money?,receiving_money,51
how can you transfer my salary to my correct currency?,receiving_money,51
i would like to reactivate my card that i previously reported lost. i located the card this morning.,card_linking,14
my transaction from earlier needs to be reversed.,cancel_transfer,9
why isn't my refund showing in my statement?,Refund_not_showing_up,0
someone else made a direct debit transaction on my account,direct_debit_payment_not_recognised,29
why was i charged 1 in a transaction?,extra_charge_on_statement,35
how do i check security settings using the app?,card_not_working,15
how can i create many temporary cards daily?,disposable_card_limits,30
where has my transferred money gone?,transfer_not_received_by_recipient,66
i already have an account. why can't i use it unless my identity is verified?,why_verify_identity,74
will my friend be able to top off my account?,topping_up_by_card,62
i requested a refund from next because the dress i purchased had three arm holes. they said they sent the refund last wednesday which is nearly a week ago and i still don't have it. why not?,Refund_not_showing_up,0
what is the fee for a foreign currency exchange?,exchange_charge,32
do i need to wait for my card before i get pin,get_physical_card,39
how long does a transfer from the us take?,transfer_timing,67
"i found my card, how can i use it again?",card_linking,14
the app is having trouble verifying my identity.,unable_to_verify_identity,68
"i did transfer, why is it pending",pending_transfer,49
there is an extra small charge on my card! what do i do?,extra_charge_on_statement,35
i would like to change my adress,edit_personal_details,31
can i be charged for exchanging foreign currency?,exchange_charge,32
how can i top up automatically?,automatic_top_up,5
can you explain what this random 1 charge is?,extra_charge_on_statement,35
my statement contained a one pound extra fee,extra_charge_on_statement,35
"i have been double charged for a couple of things this week, and would appreciate a refund for the duplicate charges.",transaction_charged_twice,63
"i was suppose to be getting a refund for something i purchased a while ago, but it still hasnt been applied to my account. when will i get my money back?",Refund_not_showing_up,0
how can i obtain a disposable virtual card?,get_disposable_virtual_card,38
"hi, today i have withdrawn cash from atm but i got wrong amount and in the app it is showing much more amount than that.",wrong_amount_of_cash_received,75
how do i discontinue my account?,terminate_account,55
i have trouble proving my identity.,unable_to_verify_identity,68
i got a extra 1 fee in my statement,extra_charge_on_statement,35
do i pay a fee for sepa transfers?,top_up_by_bank_transfer_charge,56
what information am i going to have to have in order to do a transfer with my card?,topping_up_by_card,62
i am not happy with your company. please delete my account asap.,terminate_account,55
can i track history on funds?,verify_source_of_funds,70
a debit came through that i need to dispute.,direct_debit_payment_not_recognised,29
how do i find my top-up card's verification code?,verify_top_up,71
why has my beneficiary been denied?,beneficiary_not_allowed,8
can i tell if my top off didn't work? it doesn't seem to have.,top_up_failed,59
what do i do when my card is about to expire?,card_about_to_expire,10
why do i see an extra fee on my statement?,extra_charge_on_statement,35
why can't i take cash out of the atm?,declined_cash_withdrawal,27
why has my payment been declined? i paid by card.,declined_card_payment,26
i have forgotten my password.,passcode_forgotten,45
"i paid with my card and got charged an extra fee, what's up with that?",card_payment_fee_charged,16
which cards do you support for top up?,supported_cards_and_currencies,54
hello i changed my mind and really need a refund on one of things i bought recently. can you please cancel the transaction and get me my money back. pls it's urgent,request_refund,52
the atm didn't give me the amount i asked for,wrong_amount_of_cash_received,75
do you offer disposable virtual cards too?,get_disposable_virtual_card,38
can you check why i wasn't able to top up?,top_up_failed,59
i am having problems with a top-up.,top_up_failed,59
why and i being charged this fee?,card_payment_fee_charged,16
why is the cash withdrawal under pending?,pending_cash_withdrawal,47
there's a payment in the app that i didn't authorize.,card_payment_not_recognised,17
why am i being double charged for something?,transaction_charged_twice,63
the right amount of cash was not sent to me.,wrong_amount_of_cash_received,75
i would like to know why so much identity information is required?,why_verify_identity,74
i'm having difficulties changing aud for gbp. how do i do this?,exchange_via_app,34
i would like to know what exchange rates you use?,exchange_rate,33
i transferred some money but the receiver can't pick it up for some reason.,transfer_not_received_by_recipient,66
are both visa and mastercard offered?,visa_or_mastercard,73
i have to quickly transfer something to china. how long will it take to arrive there?,transfer_timing,67
a while ago i requested a refund from a seller. i keep checking my statement but i have not been refunded yet. i'm confused why i haven't gotten my money back yet but i need your help getting it please.,Refund_not_showing_up,0
why did you charge me for a cash withdrawal?,cash_withdrawal_charge,20
there is a charge for 1 on my statement. i do not think that i bought anything that costed 1. what is going on?,extra_charge_on_statement,35
somebody used my card to make a purchase,card_payment_not_recognised,17
what is the time frame for a transfer from the us?,transfer_timing,67
"i want to reactivate my card, i thought i had lost it but found it again in my jacket.",card_linking,14
will i get charged for topping off my card?,top_up_by_card_charge,57
i have a fee and i don't know why,card_payment_fee_charged,16
"i am a new customer, and i happened to look at my app and there is a charge i am not familiar with. could you tell me why the extra charge is there?",extra_charge_on_statement,35
i need to know where this charge is coming from?,card_payment_not_recognised,17
"i want to transfer money to a beneficiary, but i couldn't.",beneficiary_not_allowed,8
i only got 20 of the 100 that i attempted to withdraw.,wrong_amount_of_cash_received,75
is there a way to make my money usable in another country?,exchange_via_app,34
there is a direct debit that i don't recognize.,direct_debit_payment_not_recognised,29
how can i verify if a cash withdrawal was made from my account? i still have my card with me but i did not authorize the withdrawal that just occurred.,cash_withdrawal_not_recognised,21
oh no! i lost my card! help!,lost_or_stolen_card,42
"can i add other people to my account, so they can top up?",topping_up_by_card,62
do i need to order a new card before it expires?,card_about_to_expire,10
am i supposed to verify my identity?,why_verify_identity,74
is my pin the same thing as my passcode?,get_physical_card,39
when can i expect the transfer to be complete?,transfer_timing,67
how high is the exchange fee?,exchange_charge,32
is there a transfer fee?,transfer_fee_charged,64
online banking is not showing my cheque or cash deposit so the balance is incorrect.,balance_not_updated_after_cheque_or_cash_deposit,7
i need to reset my passcode. where do i go to do that?,passcode_forgotten,45
i'm still waiting on a payment,pending_card_payment,46
what can you tell me about the card pin?,get_physical_card,39
"my salary is in gbp, do i need to exchange it before putting it into my account?",receiving_money,51
"i am unhappy with my purchase, how do i cancel the order?",request_refund,52
"for some reason, the money i added was returned.",top_up_reverted,61
what currencies do you accept for adding money to my account?,supported_cards_and_currencies,54
where on the website do i go to link my card?,card_linking,14
"i need to top up, can i use google pay?",apple_pay_or_google_pay,3
i'm seeing a direct debit payment that is not me.,direct_debit_payment_not_recognised,29
the exchange rate you gave me for my cash withdrawal is wrong,wrong_exchange_rate_for_cash_withdrawal,76
"in my app, a direct debit payment that i didn't do shows up.",direct_debit_payment_not_recognised,29
where did my money come from?,verify_source_of_funds,70
"if i need to cash foreign transfers, how does that work?",exchange_rate,33
i made an online purchase and the order has not shown up. give me my money back.,request_refund,52
in what increments can i top-up my card?,automatic_top_up,5
how to change the pin on my card?,change_pin,22
"your card pin can be changed at any visa or mastercard atm with pin services, excluding countries such as belgium, luxembourg, austria, germany, spain, and france.",change_pin,22
can i deposit money using apple pay?,apple_pay_or_google_pay,3
will it cost more money if my currency needs to be exchanged?,exchange_charge,32
how do i see my updated balance after i make a cheque or cash deposit?,balance_not_updated_after_cheque_or_cash_deposit,7
the exchange rate applied was incorrect when i was traveling outside the country.,wrong_exchange_rate_for_cash_withdrawal,76
what is the reason why the transfer shows as pending?,pending_transfer,49
"i made a mistake when making my last transfer, please cancel before it goes thru.",cancel_transfer,9
i have a transfer waiting.,pending_transfer,49
why did my top up get pulled back out?,top_up_reverted,61
how long will it take to get my refund,Refund_not_showing_up,0
what is the verification process for a top up card?,verify_top_up,71
why does my transfer keep failing? i've tried 5 times and they all failed.,failed_transfer,36
i just got an error message saying my transfer is not possible? why is that? i've transferred money before and it worked without problem,beneficiary_not_allowed,8
why do my transfers keep failing?,failed_transfer,36
"i have one of your cards, but i don't know how to link it.",card_linking,14
is it possible to cancel transactions?,cancel_transfer,9
the exchange rate for my electronic payment is incorrect.,card_payment_wrong_exchange_rate,18
i bought an item and noticed the exchange rate was not correct.,card_payment_wrong_exchange_rate,18
can you tell me why the card payment came back?,reverted_card_payment?,53
i tried to do a transfer and it hasn't worked!,failed_transfer,36
my top-up hasn't gone through,pending_top_up,48
why can't i find my pin?,get_physical_card,39
why was i denied the option to transfer money to a selected beneficiary?,beneficiary_not_allowed,8
can i top up from my apple watch?,apple_pay_or_google_pay,3
"hello, i tried to top up with my card, but it didn't work. i just got it a couple days before and it works fine. what's the deal? can you check into this?",top_up_failed,59
why can't i verify my id?,unable_to_verify_identity,68
"the product is not working, can i get a refund?",request_refund,52
"hey i want to get a refund on something i bought, but not sure how to go about it. can you please just cancel the payment, i have not received the item yet.",request_refund,52
i tried activation my card and it didn't employment,activate_my_card,1
i have an american express that i'd like to add money to my account with.,supported_cards_and_currencies,54
i see an unfamiliar direct debit payment.,direct_debit_payment_not_recognised,29
how do i unblock my card?,pin_blocked,50
how can the recipient see my money transaction?,transfer_not_received_by_recipient,66
is my pending cash withdrawal processed?,pending_cash_withdrawal,47
do you have a list of businesses that accept this card?,card_acceptance,11
from where are coming your exchange rates?,exchange_rate,33
"i need a new card, my old card is expiring.",card_about_to_expire,10
what would the approximate delivery date be if i transferred something urgently to china?,transfer_timing,67
i have a service fee that i've never seen before. it showed up after i bought something from an international seller online.,transfer_fee_charged,64
why wont the atm give me cash?,declined_cash_withdrawal,27
i am waiting for my card to arrive.,card_delivery_estimate,13
how to decide if i get a visa or mastercard?,visa_or_mastercard,73
how many countries do you work in?,country_support,25
my refund is still pending,Refund_not_showing_up,0
what do you charge to top up us cards?,top_up_by_card_charge,57
"hi, i am facing issue with my card payment while shopping online as payment is getting reverted. i am struggling with this issue around two weeks. please advise.",reverted_card_payment?,53
there's a delay in my top-up,pending_top_up,48
"i've use this account all the time, including over this past month, to pay for things from my new place abroad. i'm a really good customer, so why do i suddenly have new fees? i should be rewarded instead of charged more fees.",transfer_fee_charged,64
"i got cash from an atm earlier but it shows up as pending in the app. how can this still be pending, i already received the cash?",pending_cash_withdrawal,47
what are the charges if i exchange foreign currency?,exchange_charge,32
why was there a fee for my cash withdrawal?,cash_withdrawal_charge,20
is identity verification required for me to use my account?,why_verify_identity,74
how much more do you charge for currency exchange?,exchange_charge,32
help! i think someone has made a cash withdrawal with my card!,cash_withdrawal_not_recognised,21
i have a pending payment on my card. why?,pending_card_payment,46
i don't have any idea what's going on but all of my transfers keep getting declined. i have double-checked over all of my recipient names and they are correct.,declined_transfer,28
"i tried to make a top-up and it was canceled, why is that?",top_up_reverted,61
my card payment is pending.,pending_card_payment,46
does delivery to the us take long?,card_delivery_estimate,13
will i need to order a new card since mine expires next month?,card_about_to_expire,10
there are a couple of payments with my card shown in the app that in reality i didn't make. maybe someone has access to my card?can you check whats the issue ?,card_payment_not_recognised,17
i keep being asked to verify my identity. is this normal?,why_verify_identity,74
why would my beneficiary not be allowed?,beneficiary_not_allowed,8
"although i transferred some money, it has not as of yet, arrived.",balance_not_updated_after_bank_transfer,6
where can i change my pin?,change_pin,22
do i get charged if i get money?,top_up_by_bank_transfer_charge,56
help. my card is broken.,card_not_working,15
how long will it take to have my card mailed to me?,card_delivery_estimate,13
my app is showing a payment that i know i did not do. can you please cancel that transaction and credit my account please?,direct_debit_payment_not_recognised,29
how can i order virtual cards?,getting_virtual_card,41
it is listed in my app that i made a payment which i did not actually make,card_payment_not_recognised,17
my top-up has been reverted and i would like to know why.,top_up_reverted,61
currently my card is broken.,card_not_working,15
"hey, my card was declined at an atm in the city centre theatre. my account says the transaction is pending, though. i didn't get the money, though, so what does that mean?",pending_cash_withdrawal,47
can you limit my top up?,top_up_limits,60
can i change my pin at any cash machines?,change_pin,22
there is an atm withdrawl in the app i don't recognize.,cash_withdrawal_not_recognised,21
i see a charge on my account that i don't recall making. i feel like my account may have been compromised.,card_payment_not_recognised,17
where are you cards supported?,country_support,25
i have a transaction showing multiple times.,transaction_charged_twice,63
please list the countries you support.,country_support,25
i wanted to use my contactless at the metro today but it didn't accept it!,contactless_not_working,24
"extra fees on a cash withdrawal, not cool.",cash_withdrawal_charge,20
why can't i take 100 out,wrong_amount_of_cash_received,75
how much will it be in order to pay with a bank transfer using sepa?,top_up_by_bank_transfer_charge,56
i transferred some money but it hasn't arrived.,transfer_not_received_by_recipient,66
can you send me a new card and block my current one. i'm in spain and my wallet was stolen.,lost_or_stolen_card,42
the money i transferred didnt arrive,transfer_not_received_by_recipient,66
why do you keep declining my payment?i tried several times with this card and it is just not working.,declined_card_payment,26
my attempted transfer failed.,failed_transfer,36
how can i activate my card,activate_my_card,1
i was expecting my new card and am wondering why i haven't received it yet?,card_arrival,12
what's the card you sent me's tracking number?,card_arrival,12
"i was wondering why my payment hasn't gone through yet, its been a while.",pending_card_payment,46
how do you do exchanges?,exchange_rate,33
i have a 1 euro fee on my statement.,extra_charge_on_statement,35
which countries do you support?,country_support,25
"i was wondering, can i get my pay in another currency?",receiving_money,51
can i change my pin abroad?,change_pin,22
my card isn't here yet.,card_arrival,12
how long am i to wait before the transfer gets to my account?,transfer_timing,67
did my refund go through? it's not on my statement.,Refund_not_showing_up,0
will i be charged if someone needs to send me money?,top_up_by_bank_transfer_charge,56
"i don't know my pin, how can i find that out?",get_physical_card,39
why is my withdrawal from the atm still showing as pending?,pending_cash_withdrawal,47
i had cash transferred but the balance did not change.,balance_not_updated_after_bank_transfer,6
is there a way to do top up with cash deposit,top_up_by_cash_or_cheque,58
why is my transfer not showing,balance_not_updated_after_bank_transfer,6
there are some strange charges on my card that i didn't make from a few days ago. is my card stolen and if so should i cancel it? will i get refunded the charges?,card_payment_not_recognised,17
can i activate a card in the app?,card_linking,14
my card was topped this morning but i can't see the funds. why didn't it complete?,pending_top_up,48
i need to get visa and mastercard,visa_or_mastercard,73
can i use my card wherever i want?,card_acceptance,11
what source do my fund come from?,verify_source_of_funds,70
i need to actuate my card.,activate_my_card,1
can i have money of different country of origin.,fiat_currency_support,37
"i am dissatisfied, i would like to close my account.",terminate_account,55
is there a way to revert a transaction?,cancel_transfer,9
why is the cash transaction still showing as not completed?,pending_cash_withdrawal,47
my top up is incomplete.,pending_top_up,48
where is the pin for my card located?,get_physical_card,39
my account says i have a pending transfer.,pending_transfer,49
i'm trying to transfer money into my account.,transfer_into_account,65
i lost my phone. can i use my card without the app?,lost_or_stolen_phone,43
can i use cash to top up my account?,top_up_by_cash_or_cheque,58
i didn't receive the correct amount of cash when i exchanged it overseas.,wrong_exchange_rate_for_cash_withdrawal,76
"i do not remember the code, what should i do?",passcode_forgotten,45
what is the cause of the delay in applying my card payment to my account?,pending_card_payment,46
why are top-ups being verified?,verify_top_up,71
can i get paid in a different currency?,receiving_money,51
i want a refund because my package has been taking too long to arrive. how do i go about doing that?,request_refund,52
i exchange currencies a lot. can i get a discount?,exchange_charge,32
why are my transfers getting declined?,declined_transfer,28
please terminate my account.,terminate_account,55
a fee shouldn't apply to me if my card was stolen.,lost_or_stolen_card,42
my account balance doesn't reflect an update i made by cheque yesterday. is something wrong or is the system slow?,balance_not_updated_after_cheque_or_cash_deposit,7
"if i am not in the country and i need to change my pin, how can this be done?",change_pin,22
is there a possibility to open an account for my sons and daughters?,age_limit,2
will i be charged for topping up by card?,top_up_by_card_charge,57
please tell me why the purchase i made online returned payment. i really wanted this item and i've been trying for 2 weeks.,reverted_card_payment?,53
when i was transferring money i was charged extra why?,transfer_fee_charged,64
what can i expect at card expiration?,card_about_to_expire,10
please list what fiat currencies are supported for both holding and exchanging.,fiat_currency_support,37
what foreign exchange rate will i get on weekdays and on the weekends?,exchange_rate,33
do i really need to verify my identity?,why_verify_identity,74
what is taking so long with my top up?,pending_top_up,48
can i order a new card? mine is about to expire.,card_about_to_expire,10
can i use your app to exchange between usd and gbp,exchange_via_app,34
i didn't get all the cash i asked for,wrong_amount_of_cash_received,75
i don't think my transfer wen through. why?,failed_transfer,36
where are the virtual cards?,getting_virtual_card,41
"i need assistance finding out why i am unable to top-up my card, it keeps getting refused. it is extremely imperative i get this resolved quickly.",top_up_failed,59
why didn't the money i transferred into my account get added to my balance?,balance_not_updated_after_bank_transfer,6
can i resent my passcode?,passcode_forgotten,45
"i deposited cash this morning, but it's not showing up in my account. can you tell me where's my money?",balance_not_updated_after_cheque_or_cash_deposit,7
how long does it actually take for a card payment to go through? there's one stuck since a couple of days already that doesn't seem to move,pending_card_payment,46
what is the exchange rate like?,exchange_rate,33
where can i obtain my virtual card?,getting_virtual_card,41
when will my transfer arrive from europe?,transfer_timing,67
why have i been charged an extra 1?,extra_charge_on_statement,35
"if i need a pin for my card, where is it located?",get_physical_card,39
are there any top-up limits involved?,top_up_limits,60
i am not satisfied with your company and wish to delete all accounts immediately.,terminate_account,55
can i change my pin number at a cash machine?,change_pin,22
what do i do for the identity check?,verify_my_identity,69
do you have any card fees if i want to add money using an international card?,top_up_by_card_charge,57
i got mugged yesterday and lost access to the app. i need to regain it.,lost_or_stolen_phone,43
i am sick of this damn company and want to close out my account.,terminate_account,55
my card hasn't been working for even small transactions today.,card_not_working,15
i want to see what this fee is on my card payment.,card_payment_fee_charged,16
something is wrong with my exchange rate charge,card_payment_wrong_exchange_rate,18
why does my identity need to be verified?,why_verify_identity,74
is there somewhere i can send a check to add to my account?,top_up_by_cash_or_cheque,58
what's the process for terminating an account?,terminate_account,55
why hasn't arrived yet a transaction i did to my friend?,transfer_not_received_by_recipient,66
why do you charge for payments? why aren't your charges clearly laid out in the agreement?,card_payment_fee_charged,16
why am i being told this transfer will not go thru,beneficiary_not_allowed,8
i need to exchange some foreign currency. what's the charge for doing that?,exchange_charge,32
i want to get few more physical cards,getting_spare_card,40
"i have a disposable virtual card here, so would you tell me what to do with it?",get_disposable_virtual_card,38
where can i see who sent me funds,verify_source_of_funds,70
i need a quick transfer from china. how long would that take?,transfer_timing,67
what if i don't want to disclose all of my identity details?,why_verify_identity,74
"while on vacation in spain i think someone saw my pin and i now need to change it, can i do this at an atm in spain?",change_pin,22
guide me on how to unblock my pin,pin_blocked,50
where can i use a disposable card?,disposable_card_limits,30
how can i request cash back? the atm gave me the wrong amount that i've been charged though...,wrong_amount_of_cash_received,75
we need both a visa and a mastercard.,visa_or_mastercard,73
why is my card payment still pending?,pending_card_payment,46
"hi, i'm in progress of purchasing a flat and am trying to make to make a payment. an error is appearing, and i need assistance.",failed_transfer,36
i need quickly transfer something from china. about how long will it take?,transfer_timing,67
how long does it take for something to be delivered to the u.s?,card_delivery_estimate,13
what's the closest place to withdraw money?,atm_support,4
there is a payment showing that i know i didn't make. i didn't use my card that day and i'm sure of it. can you please cancel that transaction and return my money? thankyou,direct_debit_payment_not_recognised,29
"i think my card is broken or something. i tried using it and it wouldn't go through, please help.",card_not_working,15
why did i get charged extra?,card_payment_fee_charged,16
can you explain the transfer fee to me?,transfer_fee_charged,64
i need to create several disposable cards per day.,disposable_card_limits,30
my card data has been exposed.,compromised_card,23
why was a fee changed for my transfer?,transfer_fee_charged,64
i must make a transfer from china and it is urgent. how long before the transfer is complete?,transfer_timing,67
what is the amount of disposable cards i can have?,disposable_card_limits,30
if my kids wanted to use your service how old would they have to be?,age_limit,2
there is a direct debit transaction on my statement that i think is not mine. how do i remove?,direct_debit_payment_not_recognised,29
i don't understand why my payment was declined. i thought everything was ok.,declined_card_payment,26
topping up my card is not working because i believe the top up is pending,pending_top_up,48
i might have been charged on my debit statement by fraud.,direct_debit_payment_not_recognised,29
i need another card,getting_spare_card,40
i made a cash withdrawal but the pending status is taking forever.,pending_cash_withdrawal,47
i think my top up has been reverted,top_up_reverted,61
why was my virtual card rejected?,virtual_card_not_working,72
why can't i use my virtual card for subscription services?,virtual_card_not_working,72
when did i get a 1 extra fee on my statement?,extra_charge_on_statement,35
how come my cash withdrawal came with an unnecessary fee?!,cash_withdrawal_charge,20
what do i need to do to activate my new card?,activate_my_card,1
what should i do if i want to get another card for someone in my family?,getting_spare_card,40
what countries can i use the card in?,country_support,25
can i use my card anywere?,card_acceptance,11
"i deposited cash into my account, why do i not see it?",balance_not_updated_after_cheque_or_cash_deposit,7
where'd the rest of my cash go from the atm,wrong_amount_of_cash_received,75
my atm transaction was unsuccessful.,declined_cash_withdrawal,27
"my entire gym bag, including my wallet, was stolen out of my locker today. everything in my wallet is gone - how do i block the card to make it can't be used?",lost_or_stolen_card,42
what is going on? my balance still hasn't updated and it has been two weeks since i deposited my money!,balance_not_updated_after_cheque_or_cash_deposit,7
"i'm running out of money, can i auto top up?",automatic_top_up,5
where is the money i put in the bank?,balance_not_updated_after_cheque_or_cash_deposit,7
"i need to change my name, since i just got married",edit_personal_details,31
"one of my card payments, i don't recognise the name of the merchant.",card_payment_not_recognised,17
how can i get my card back out?,card_swallowed,19
"i am seeing a weird payment showing up that i know i did not make, how can i get it cancelled?",direct_debit_payment_not_recognised,29
how soon will i see the transfer in my account?,transfer_timing,67
what do you require for identification verification?,verify_my_identity,69
"help, my phone was stolen, please advise!",lost_or_stolen_phone,43
where is my pin number located?,get_physical_card,39
my transfer has been declined.,declined_transfer,28
my account shows the card payment cancelled.,reverted_card_payment?,53
how can i receive a virtual card?,getting_virtual_card,41
a payment is showing twice. why is that?,transaction_charged_twice,63
how are foreign exchange rates determined?,exchange_rate,33
i need to expedite my card,card_delivery_estimate,13
there is a fraudulent payment!,card_payment_not_recognised,17
can i exchange money from abroad without additional costs?,exchange_charge,32
someone else might be using my card without my permission.,compromised_card,23
how long will it take for my transfer to stop pending,pending_transfer,49
i noticed the exchange rate for cash withdrawal isn't right.,wrong_exchange_rate_for_cash_withdrawal,76
change currency,exchange_via_app,34
"i made a mistake on the last transfer i made, who must i speak with to cancel?",cancel_transfer,9
are top-ups allowed using apple pay?,apple_pay_or_google_pay,3
"apple pay is not accepting my american express card, can you assist me with this problem?",apple_pay_or_google_pay,3
i want to return an item for a refund can i do that?,request_refund,52
when will my top up go through?,pending_top_up,48
there is a direct debit i do not recognise in my statement,direct_debit_payment_not_recognised,29
i would like to see the source of my money.,verify_source_of_funds,70
what is the amount of disposable cards i can have each day?,disposable_card_limits,30
why am i unable to verify my id?,unable_to_verify_identity,68
"there are transactions i didn't make, someone else must have used my card.",compromised_card,23
help! there is a cash withdrawl on the account that i didn't make!,cash_withdrawal_not_recognised,21
what are the disposable card limits?,disposable_card_limits,30
i was double charged,transaction_charged_twice,63
"i initiated a bank transfer form europe, how long will this take?",transfer_timing,67
what do i need for the identity verification?,verify_my_identity,69
why do you need code verification for my top up?,verify_top_up,71
i have a charge i did not make.,card_payment_not_recognised,17
can you please reactivate my card?,card_linking,14
what do i do if i see a cash withdrawal on my account that i don't remember making?,cash_withdrawal_not_recognised,21
i am still waiting for a transfer i did,balance_not_updated_after_bank_transfer,6
i have a duplicate payment on my card.,transaction_charged_twice,63
is there a charge for using transfers for top ups?,top_up_by_bank_transfer_charge,56
when will my card be delivered?,card_delivery_estimate,13
"after i got my cash, i found out my exchange rate was wrong.",wrong_exchange_rate_for_cash_withdrawal,76
my card payments have stopped.,reverted_card_payment?,53
i can't find how to top up my account with a check. where is that?,top_up_by_cash_or_cheque,58
i need assistance addressing a direct debit that i did not do myself.,direct_debit_payment_not_recognised,29
if i don't have much money in the account can i auto top-up?,automatic_top_up,5
"can you check about unauthorized use of my card, i think someone is using mine without my knowledge?",compromised_card,23
the atm is messed up. it gave me less than i wanted.,wrong_amount_of_cash_received,75
my new landlord is a lier and is trying to rip me off by saying i've not paid my rent when i have paid my rent. what is going on? they say the money hasn't got to them but i see it going out of my account. can you check that the money went to the right place?,transfer_not_received_by_recipient,66
i think there has been a purchase made that wasn't by me.,card_payment_not_recognised,17
"i show another charge on my card from when i used it, why?",card_payment_fee_charged,16
i deposited cash this morning and i am still waiting,balance_not_updated_after_cheque_or_cash_deposit,7
can i have a refund?,request_refund,52
what is the refund process?,request_refund,52
how do i change the pin?,change_pin,22
and do you have virtual cards instead of physical ones?,getting_virtual_card,41
i moved. i need to update my details.,edit_personal_details,31
how old do my kids have to be use this?,age_limit,2
my top up isnt there yet where do i find it,topping_up_by_card,62
"while i was checking out in the grocery store, i realized i needed cash so i requested some. however, i noticed there was a fee for this transaction. why did i get charged a fee?",cash_withdrawal_charge,20
why did my top-up fail?,top_up_failed,59
why am i being charged twice?,transaction_charged_twice,63
am i charged a fee to transfer funds?,transfer_fee_charged,64
where is the top-up verification code?,verify_top_up,71
are all fiat currencies supported?,fiat_currency_support,37
i tried to top up. why was it denied?,top_up_failed,59
can you give me the restrictions of the disposable cards?,disposable_card_limits,30
why do you keep declining my transfers? it's always been working really well so far but when i tried to buy something just now the card got declined . i tried couple of times already but same thing is happening .,declined_transfer,28
what is the limit to disposable cards you can have?,disposable_card_limits,30
how do i find the pin?,get_physical_card,39
what do i do if i believe to be a victim of credit card fraud?,compromised_card,23
i just have one other card from the us. is that okay?,supported_cards_and_currencies,54
why did i get charged a fee for transferring money?,transfer_fee_charged,64
the machine didn't work earlier when i went to get money out and now my account says transaction in progress.why?,pending_cash_withdrawal,47
if i want to select a new pin what do i do?,change_pin,22
can i get a card although i'm not in the uk,country_support,25
i withdrew cash abroad and the exchange rate applied is wrong.,wrong_exchange_rate_for_cash_withdrawal,76
"i made a bank transfer earlier from my uk account. i don't see it yet, can you check the status?",balance_not_updated_after_bank_transfer,6
where do we mail the card?,order_physical_card,44
help me. my phone has been lost or stolen!,lost_or_stolen_phone,43
what is your check-cashing policy?,top_up_by_cash_or_cheque,58
how do i withdraw money?,atm_support,4
"i have been charged a fee, i didn't know about this fee before! when do you charge extra for card payments?",card_payment_fee_charged,16
"i'm not sure why my payment has been declined? please tell me why, i thought it was all good.",declined_card_payment,26
"stolen phone, what should i do",lost_or_stolen_phone,43
my wallet got stolen a couple hours ago and now i've seen there already is a withdrawal. help this is absolutely urgent i don't want to loose more money,cash_withdrawal_not_recognised,21
am i the only one who can top-up my account?,topping_up_by_card,62
why am i being charged fees on some transactions but not on others? what am i missing here? i cannot find where to see the fee structure on my account. help!,card_payment_fee_charged,16
how long does a transfer take?,pending_transfer,49
i attempted to top up my account but it's been frozen in a pending state for well over an hour now! is this normal? i'm a new customer and this is my first time doing this. i assumed it would be done quicker than this.,pending_top_up,48
transfer could not be completed due to being declined.,declined_transfer,28
what steps do i have to take to change my pin?,change_pin,22
"hello, please look into this matter urgently. as i have lost my wallet and i can see one withdrawal, now i do not want to loose more money.",cash_withdrawal_not_recognised,21
how long will it take for the money to reach my account?,transfer_timing,67
i can't use the app because i got mugged yesterday and they took everything. please help.,lost_or_stolen_phone,43
can you explain where i can find the auto-top option?,automatic_top_up,5
get an item refund,request_refund,52
i wanted to know what discounts were offered for current exchanges as it is something that occurs frequently.,exchange_charge,32
why would i have a pending payment?,pending_card_payment,46
whats types of currency can i exchange?,exchange_via_app,34
why did i have to pay extra because i paid with card?,card_payment_fee_charged,16
are there any specific cash machines that i have to go to in order to change my pin?,change_pin,22
can i choose delivery times to suite me?,card_delivery_estimate,13
i made a mistake and need to cancel a transfer.,cancel_transfer,9
can you explain your exchange rate policy to me?,exchange_rate,33
is it possible to delete the account?,terminate_account,55
how can i use american express to add money to my account?,supported_cards_and_currencies,54
what is the pending payment on my card about?,pending_card_payment,46
my address details have changed and i want to update them,edit_personal_details,31
how can i get my money that i didn't get from the atm?,wrong_amount_of_cash_received,75
i do not have my pin yet,get_physical_card,39
i need to track the card sent to me.,card_arrival,12
how can i get another card?,getting_spare_card,40
i see a direct debit transaction in my history that i did not set up.,direct_debit_payment_not_recognised,29
i need a fast transfer from china? how fast will it be?,transfer_timing,67
the transfer that i was trying to complete was declined. what was the cause?,declined_transfer,28
"i want to reactivate my card, i thought i had lost it but i found it.",card_linking,14
i forgot my password,passcode_forgotten,45
is there any age limit?,age_limit,2
i did a transfer but the balance is the same.,balance_not_updated_after_bank_transfer,6
do you know why my card payment is declined?,declined_card_payment,26
"my top-up was cancelled, could my bank be the problem?",top_up_reverted,61
i think i was charged extra on my payment on last saturday. maybe the exchange rate was wrong? i'd like a refund.,card_payment_wrong_exchange_rate,18
what happens when a beneficiary can't receive my transfer?,beneficiary_not_allowed,8
why can't i use my american express with apple pay to top up my account?,apple_pay_or_google_pay,3
please let me know how to place an order for a virtual card,getting_virtual_card,41
it looks like my card payment might have been reverted.,reverted_card_payment?,53
my card never arrived.,card_arrival,12
"if i'm getting my identity verified, what all do i need?",verify_my_identity,69
i want to return an item.,request_refund,52
when are you going to transfer the money?,transfer_not_received_by_recipient,66
how long does it take for me to get my new card?,card_arrival,12
when will my top up be applied?,pending_top_up,48
i need help reapplying my top-up. it seems it isn't working.,top_up_failed,59
can i choose my visa or mastercard?,visa_or_mastercard,73
i am waiting for a payment to be processed,pending_card_payment,46
can you tell me what the transfer policy is?,top_up_by_bank_transfer_charge,56
i have another card from the u.s. will you be able to accept that one?,supported_cards_and_currencies,54
can you tell me why my transfer is failing and help resolve?,failed_transfer,36
why can i not take out cash?,declined_cash_withdrawal,27
money transfer help? how long?,transfer_timing,67
"my bag was stolen from me yesterday, so i can't use any apps or anything. i need some help.",lost_or_stolen_phone,43
"i put some money in my account the other day and it's not gone in yet, can you help with this?",balance_not_updated_after_cheque_or_cash_deposit,7
can i change my pin at the atm?,change_pin,22
"i would like an account for my children, how do i go about doing this?",age_limit,2
i just have one additional card from the usa. do you support that?,supported_cards_and_currencies,54
can you make sure i get a mastercard and not a visa?,visa_or_mastercard,73
my source of funds require verification.,verify_source_of_funds,70
i believe my card payment has reverted,reverted_card_payment?,53
can i choose the day it's delivered?,card_delivery_estimate,13
"i changed the currency, but why is it costing more?",card_payment_wrong_exchange_rate,18
is it possible to edit my personal details on the app?,edit_personal_details,31
whats the minimum age to have an account,age_limit,2
i put the wrong pin too many times and now it is blocked. can you help me unblock it?,pin_blocked,50
how long does it take for my top up to clear?,pending_top_up,48
do i get charged for withdrawals?,cash_withdrawal_charge,20
i just bought an item and changed my mind. i have not received it yet how can i get refunded. thank you.,request_refund,52
i'm not able to activate my card how do i fix this problem?,activate_my_card,1
how do i get money from friends?,receiving_money,51
what does it mean if my cash withdrawal does not show up properly?,pending_cash_withdrawal,47
how do i authenticate my top-up?,verify_top_up,71
how long does a funds transfer take from one back to another?,transfer_timing,67
why wouldn't my contactless work for the metro?,contactless_not_working,24
in which countries does your app work,country_support,25
how can i create a disposable virtual card?,get_disposable_virtual_card,38
"i'm not sure what is going on here. i've received payment back into my account for an item i've already received, from about 2 weeks ago.",reverted_card_payment?,53
how long will this card payment stay pending?,pending_card_payment,46
i need to change my home address.,edit_personal_details,31
do you have any limit on the auto top-up?,automatic_top_up,5
why do you need all these details about my identity?,why_verify_identity,74
"i tried to get money out of the notting hill atm earlier, but i wasn't able to get anything out. is there a problem with my card? it's the first time i tried using it.",declined_cash_withdrawal,27
i made a terrible mistake when typing in my account number. i accidently sent money to the wrong account. i noticed the app won't allow me to void the transaction. can someone help me with this immediately?,cancel_transfer,9
what is the top up rate charge for using a card in the us?,top_up_by_card_charge,57
where are the atms that accept this card?,atm_support,4
my card activation is failing.,activate_my_card,1
i dont have identification,unable_to_verify_identity,68
what countries have access to this service.,country_support,25
is there a disposable virtual card?,get_disposable_virtual_card,38
do top-up limits exist?,top_up_limits,60
i found a charge for a direct debit that was not made by me.,direct_debit_payment_not_recognised,29
where can i use my card?,card_acceptance,11
how long does it take for the transfer to go through?,transfer_not_received_by_recipient,66
someone else used my card!,compromised_card,23
"i'm having an issue with transaction. i topped up my account and saw it went through, but that was a few days ago and the money isn't in my account any more. what's up with that?",top_up_reverted,61
i'm supposed to have a refund but it isn't there,Refund_not_showing_up,0
are there any express fees if i want my new card faster?,card_about_to_expire,10
help me. my transfer was declined. how could this happen?,declined_transfer,28
how long does it take for a transfer to arrive,transfer_not_received_by_recipient,66
my card was stolen and used to make several purchases. please freeze my card so no one can use it.,compromised_card,23
how can i tell if there is a top-up limit?,top_up_limits,60
how fast can you fix an error in payment? i made a payment in the wrong account yesterday and it needs to be adjusted by tomorrow for my rent.,cancel_transfer,9
how can someone add money to my account?,topping_up_by_card,62
i wanted to purchase some crypto. the app will not let me. what's going on here? i really want to make this exchange.,beneficiary_not_allowed,8
what documents do i need to verify who i am,verify_my_identity,69
i was mugged. they took everything. i can't use the app. what do i do?,lost_or_stolen_phone,43
where can i go to find out how to verify my identity?,verify_my_identity,69
"what is going on, i have entered my passcode and its not working",passcode_forgotten,45
"hello, i just checked my statement and there seems to be a payment from my card that i have never seen before.",card_payment_not_recognised,17
i want one of the virtual cards!,getting_virtual_card,41
what documents do you need to verify my identity?,verify_my_identity,69
the nfc payment wouldn't work on the bus today. help?,contactless_not_working,24
do you give refunds?,request_refund,52
"i am adding money, what currencies do you accept to do this?",supported_cards_and_currencies,54
how do i link the new card?,card_linking,14
where can i find instructions to change my pin?,change_pin,22
what fiat currencies can i use for holding and exchanging?,fiat_currency_support,37
is a new debit card free?,getting_spare_card,40
i'd like to use my american express to place money into my account.,supported_cards_and_currencies,54
for what reason was my transfer declined?,declined_transfer,28
how do i modify my account details?,edit_personal_details,31
where do i go to see the source of my available money?,verify_source_of_funds,70
why do you keep declining my payment? i tried several times already with this card and it's just not working,declined_card_payment,26
when i purchased a product in another country the currency exchange was incorrect.,card_payment_wrong_exchange_rate,18
"i am interested in giving a second card to my daughter, how can i make this happen?",getting_spare_card,40
what are the steps for the identity checks?,verify_my_identity,69
"hi, i would like to file a claim for an inquiry. i am a frequent customer of the company in question and have never had any issue with my purchases, payments, or otherwise. however, the price deducted for an item i purchased a couple of weeks ago has been returned to my checking account. was there an issue with my payment? the item has already been delivered to me.",reverted_card_payment?,53
how do i locate my pin now that i have my card?,get_physical_card,39
physical cards are what i need more of,getting_spare_card,40
are you only able to get a card if you're in the uk?,country_support,25
"i did what you told me earlier and contacted the seller for a refund directly, but nothing is happening! it's been a week and i still haven't got anything. please just give me back my money",Refund_not_showing_up,0
can i get a disposable card? how many can i have? how often can i use them?,disposable_card_limits,30
i deposited a cheque and its been days and i still haven't received the cash!!,balance_not_updated_after_cheque_or_cash_deposit,7
"so, the card pin?",get_physical_card,39
what would be a reason my transfer got declined?,declined_transfer,28
tell me why my card payment has been declined.,declined_card_payment,26
help me with my contactless which isn't working.,contactless_not_working,24
"how long do eu transfers actually take? i recently bought something online a few days ago, sent the money immediately online but the seller says it's still not there yet.",pending_transfer,49
what steps do i have to go through in order to activate my new card?,activate_my_card,1
can i give a second card for this account to my daughter?,getting_spare_card,40
what does pending payment mean?,pending_card_payment,46
can i reset my pin if it is blocked?,pin_blocked,50
i ordered a card and would like to know how to track the delivery progress of it.,card_arrival,12
why was there an extra charge because i used my card to pay?,card_payment_fee_charged,16
the exchange rate is wrong from something i got in another country,card_payment_wrong_exchange_rate,18
how do i get a refund for an unauthorized direct debit payment?,direct_debit_payment_not_recognised,29
not sure what my password is.,passcode_forgotten,45
"when i top-up, the app reverts it.",top_up_reverted,61
what is the rate for exchange fees?,exchange_charge,32
i would like to top up my account automatically. how do i do that?,automatic_top_up,5
what do i do about a debit on my account that i didn't make?,direct_debit_payment_not_recognised,29
my client was converting their russian ruble into uk pound currency when they noticed their bill was much too high for the exchange. what happened?,card_payment_wrong_exchange_rate,18
is a copy of the police report necessary for completing the report process?,lost_or_stolen_card,42
i need to change my data.,edit_personal_details,31
are there any top-up limits that i must follow?,top_up_limits,60
"i decided i no long want something that i ordered, and want a refund. how do i go about doing that?",request_refund,52
i would like to know any restrictions for the disposable cards.,disposable_card_limits,30
why was i charged an extra fee when using the card?,card_payment_fee_charged,16
why did my card get charged twice for a transaction?,transaction_charged_twice,63
what will my exchange rate be?,exchange_rate,33
i can't do the verification.,why_verify_identity,74
why did my top-up not get approved this time?,top_up_reverted,61
why was my payment reversed?,reverted_card_payment?,53
i attempted to get money using a foreign currency at an atm but the rate was highly inaccurate!,wrong_exchange_rate_for_cash_withdrawal,76
is there a fee to add money to an international card?,top_up_by_card_charge,57
i wanted to top up my account and it doesn't look like it worked,top_up_failed,59
does the exchange rate change each day for purchases? there is a different rate on my purchase.,card_payment_wrong_exchange_rate,18
do i get a discount if i exchange currencies a lot?,exchange_charge,32
what to do about stolen phone,lost_or_stolen_phone,43
can i track the card that was just sent to me?,card_arrival,12
what do i do if i detect fraudulent use on my car?,compromised_card,23
does it cost anything to do currency exchanges?,exchange_charge,32
i have duplicate charges for the same transaction,transaction_charged_twice,63
"i made a deposit a couple of days back it's, as of yet, not gone in! it would be ideal if you assist me with this",balance_not_updated_after_cheque_or_cash_deposit,7
"if i don't live in the uk, can i get a card?",country_support,25
my purchases from this morning are showing up as payment pending. can you tell me why?,pending_card_payment,46
"i think someone saw my pin and i am on vacation in spain, can i change it locally at an atm?",change_pin,22
could you please tell me your exchange rates?,exchange_rate,33
why won't my card accept any transactions?,card_not_working,15
i am not able to see the card pin anywhere?,get_physical_card,39
is there a reason that the atm declined my transaction?,declined_cash_withdrawal,27
my transfer was rejected,declined_transfer,28
how long will it take for my cash withdrawal to stop pending,pending_cash_withdrawal,47
why did i get charged a fee on my card?,card_payment_fee_charged,16
my card payment wasn't declined,declined_card_payment,26
why hasn't my top up gone through?,pending_top_up,48
how can i get my google pay top up to work?,apple_pay_or_google_pay,3
at what age can a person open an account?,age_limit,2
will there be extra charges regarding to adding money into my international card?,top_up_by_card_charge,57
what is the age to open an account?,age_limit,2
i have a top up that didn't go through. why?,top_up_failed,59
what is the minimum age to open an account?,age_limit,2
i have to verify the source of my funds,verify_source_of_funds,70
i want to transfer money to a beneficiery. why can't i?,beneficiary_not_allowed,8
i need to update my demographics.,edit_personal_details,31
please stop my purchase.,request_refund,52
i am trying to exchange crypto and it's not working. tell me how to fix this.,beneficiary_not_allowed,8
i have a strange cash withdrawal in my statement,cash_withdrawal_not_recognised,21
why has my card been declined?,declined_card_payment,26
there was a direct debit from my account and i didn't authorise it,direct_debit_payment_not_recognised,29
i keep checking my statements but nothing shows up. i requested a refund a long time ago but seems it's not reaching my account for some reason. would you please help me get the money back from the seller.,Refund_not_showing_up,0
what is the fee charged with this card payment?,card_payment_fee_charged,16
"could you help me reactivate my card? it was previously lost, but i found it this morning in my jacket.",card_linking,14
"when i got cash, i'm pretty sure there was a glitch that overcharged me.",cash_withdrawal_charge,20
it seems i need to get information on limits for top-ups.,top_up_limits,60
how much am i charged for a sepa transfer?,top_up_by_bank_transfer_charge,56
"hello, just now i got to know withdrawal of money from of my account. as someone used my card to withdraw amount in any odd remote area. since i have not been in that area, please freeze my card immediately.",cash_withdrawal_not_recognised,21
the app is showing a payment i never made.,card_payment_not_recognised,17
i have to make more then a few disposable cards per day.,disposable_card_limits,30
"i usually don't get charged for transfers, why was i this month?",transfer_fee_charged,64
"apparently, i went out today to use my new card and was informed my payment was decline. this is really embarrassing, what happen?",declined_card_payment,26
"do i need to select a preference to receive my salary payments in gbp and, if so, where?",receiving_money,51
in regards to the pin of the card?,get_physical_card,39
i can't log in,passcode_forgotten,45
i was charged more than once for a card payment i made.,transaction_charged_twice,63
how do i tell if my top up was reverted?,top_up_reverted,61
verify top-up card help?,verify_top_up,71
can you give me information about verification code?,verify_top_up,71
my card is not working when i try to use it.,card_not_working,15
"hey, i try to make a bank transfer from my uk account a few hours ago, but it haven't show up yet. please check my account to make sure everything alright with it?",balance_not_updated_after_bank_transfer,6
do you have any options to top up with a cheque on my account?,top_up_by_cash_or_cheque,58
"hi, i have been transferring money to my friends since morning, but all my transactions were getting failed. can you please look into this issue.",failed_transfer,36
is there a limit to how much i can top-up?,top_up_limits,60
how do i go about ordering another card?,getting_spare_card,40
i'm having problems making a transfer to another account. i keep getting a declined message. i know that the information i'm putting in is accurate because i have checked it more than once.,declined_transfer,28
will there be additional costs of i make a withdrawal from a local atm of british pounds? i need some cash to feel comfortable on the journey home,wrong_exchange_rate_for_cash_withdrawal,76
i happened to forget my password,passcode_forgotten,45
what's the deal with verifying the top-up?,verify_top_up,71
what all is needed for the identity verification?,verify_my_identity,69
i got an unexpected charge on my transfers. how can i correct this?,transfer_fee_charged,64
what are the fees to get a physical card?,order_physical_card,44
"i attempted to use my card while i was intoxicated, and i failed to input my pin, and the machine kept my card. how soon can i have it back?",pin_blocked,50
can am i able to exchange currencies?,exchange_via_app,34
i am still waiting to find out the status of my refund. i have made previous attempts to find out what the status is to no avail. will you please look into this for me?,Refund_not_showing_up,0
why did the atm machine fail to give me a cash withdrawal?,declined_cash_withdrawal,27
i can't figure out how to transfer money into my account.,transfer_into_account,65
why hasn't my balance been updated from the check deposit i made?,balance_not_updated_after_cheque_or_cash_deposit,7
"if i want to topup by card, how do i do it?",supported_cards_and_currencies,54
i transferred some money and it didint arrive,transfer_not_received_by_recipient,66
how do i know where the funds come from?,verify_source_of_funds,70
is there a reason my transfer would have been declined?,declined_transfer,28
"i can't find my card, it is lost.",lost_or_stolen_card,42
the new card that was just sent to me was declined multiple times yesterday when i tried to use it at a restaurant to pay for my dinner. i am really disappointed and embarrassed that my card was denied when i tried to use it to pay for my friend's birthday dinner.,declined_card_payment,26
how is the exchange rate doing?,exchange_rate,33
can i make a withdraw if i am out of country from with out any fees at an atm?,wrong_exchange_rate_for_cash_withdrawal,76
i tried to deposit a cheque into my account and it is not letting me.,top_up_by_cash_or_cheque,58
i can't get my virtual card to work.,virtual_card_not_working,72
i put some money in my account the other day but now its gone? why is this?,top_up_reverted,61
hello i changed my mind and want a refund on one of things i bought recently. can you please cancel the transaction and get me my money back. please it's urgent.,request_refund,52
are there any discounts for frequent currency exchanges?,exchange_charge,32
why am i being charged certain fees? i noticed a fee after i withdrew some money for groceries earlier today.,cash_withdrawal_charge,20
how long does it take for me to get my pin,get_physical_card,39
how long do money transfers take? my friend really needs the money i sent a couple of hours ago but it's not there yet.,transfer_not_received_by_recipient,66
why did withdrawing money cost me extra?,cash_withdrawal_charge,20
why is my virtual card is being declined?,virtual_card_not_working,72
explain why i can't do a transfer to an account.,beneficiary_not_allowed,8
lost password,passcode_forgotten,45
what can i pay with out fees,card_payment_fee_charged,16
is there a problem with the payment that i see is still pending?,pending_card_payment,46
"hi, i checked my transactions and saw that i was charged twice during a restaurant visit. i would like to get my money back.",transaction_charged_twice,63
why is my transfer taking so long. i thought it was supposed to only take 1 day if i made a transfer to someone. can you wee what went wrong?,transfer_not_received_by_recipient,66
"i want a disposable virtual card, how do i do that?",get_disposable_virtual_card,38
i don't want the transaction to go through now,cancel_transfer,9
the exchange rate you are using is really bad. this can't possibly be the official interbank exchange rate.,card_payment_wrong_exchange_rate,18
i have a transfer that's pending and wanted to know how long it is going to take to process?,pending_transfer,49
can you tell me what this cash withdrawal is?,cash_withdrawal_not_recognised,21
"hi, i just topped up my phone and the money was deducted but it seems to have deducted the same amount again! please help!",top_up_reverted,61
how does your app transfer the money,transfer_into_account,65
are there topping up fees if i have to transfer?,top_up_by_bank_transfer_charge,56
is this card accepted by atms?,atm_support,4
what is the process when my card is due to expire?,card_about_to_expire,10
have have a small charge on my account from someone i purchased with but i'm not sure what it relates to.,extra_charge_on_statement,35
"hi there, earlier today i tried to take money out of an atm machine, and something wasn't working. i didn't actually receive the money, but i just checked and it says that the transaction is still pending. can you tell me what's going on here? am i still being charged for the withdrawal even though i didn't end up getting any money?",pending_cash_withdrawal,47
i tried to make a transfer and it was declined. why?,declined_transfer,28
i was at the atm trying to made a withdraw and i was declined.,declined_cash_withdrawal,27
i got a notice from my app that i withdrew cash but i don't remember doing so. how do i fix this?,cash_withdrawal_not_recognised,21
why was a payment i made reverted?,reverted_card_payment?,53
when do you charge fees on accounts? i just saw a charge on my statement.,card_payment_fee_charged,16
"show me how to link the new card,",card_linking,14
when should i receive my virtual card?,getting_virtual_card,41
why are fees charged on cash withdrawals? i went to withdraw some money earlier today after shopping. there's a fee that wasn't there before.,cash_withdrawal_charge,20
i paid two weeks ago and just got refunded,reverted_card_payment?,53
can my account me accessed by a thief? i was mugged.,lost_or_stolen_phone,43
i've made more than one attempt to make a purchase and the card keeps getting declined. why do you keep denying my transfers?,declined_transfer,28
what countries do your services support?,country_support,25
can you tell me why my card payment was cancelled?,reverted_card_payment?,53
can i order a new card to china?,card_about_to_expire,10
i have a friend who needs money as soon as possibly. if i were to transfer it how long will it take to get to her?,transfer_not_received_by_recipient,66
how to receive the actual card,order_physical_card,44
can i hold more than one currency?,fiat_currency_support,37
i've been checking my statement to see if i've received a refund i requested from a seller a while ago has arrived. but it has not. this should have come back to me already. can you help me figure out why it's not here and get my money back?,Refund_not_showing_up,0
if i want to can i set up a new pin?,change_pin,22
when will you be taking orders for disposable virtual cards?,get_disposable_virtual_card,38
i made a deposit this morning but it is still pending?,balance_not_updated_after_cheque_or_cash_deposit,7
i need to report a stolen card,lost_or_stolen_card,42
i used my card the other day to get cash from an atm and was charged an extra fee. i don't understand why i am being charged a fee all of a sudden. i thought it was free to withdraw from an atm?,cash_withdrawal_charge,20
my card was stolen last night.,lost_or_stolen_card,42
how do i verify my identity online,verify_my_identity,69
what kinds of cards can i use to top up?,supported_cards_and_currencies,54
"given a choice, i'd rather have mastercard.",visa_or_mastercard,73
the app says i got cash from an atm but i didn't,cash_withdrawal_not_recognised,21
what kind of costs are involved for exchanging currency?,exchange_charge,32
i need mastercard as well as visa,visa_or_mastercard,73
someone has been using my card. there are unfamiliar transactions on there. can you freeze the card to keep this from happening?,compromised_card,23
what is my source of funds?,verify_source_of_funds,70
my phone has been stolen. how can i make sure no one uses my account from it?,lost_or_stolen_phone,43
i want to order another crad,getting_spare_card,40
i have to verify my identity. what do i need to do?,verify_my_identity,69
can i top up using an international card,top_up_by_card_charge,57
what is the return policy?,request_refund,52
is it possible to receive a visa and a mastercard?,visa_or_mastercard,73
for some reason i am having a problem with verifying my identity.,unable_to_verify_identity,68
how do i get my pin unlocked?,pin_blocked,50
"if i don't live in the uk, can i still get a card?",country_support,25
why does a top- up need to be verify?,verify_top_up,71
"the atm would not give me cash,why?",declined_cash_withdrawal,27
could google pay and top up be together?,apple_pay_or_google_pay,3
can you explain the virtual cards limit?,disposable_card_limits,30
how do i use american express to top up my account?,supported_cards_and_currencies,54
what do i need to do to request cash back? the atm actually just gave me the wrong amount. the app i actually chose the right amount.,wrong_amount_of_cash_received,75
can i create my own top-up limit?,top_up_limits,60
i have a payment listed as cancelled.,reverted_card_payment?,53
can i only top-up digitally? or could i use cash?,top_up_by_cash_or_cheque,58
how many transactions can i make with a disposable card,get_disposable_virtual_card,38
my funding to my card didn't go through.,top_up_failed,59
are there any charges for using a bank card to top up,top_up_by_card_charge,57
i completed a money transaction but the recipient hasn't received it,transfer_not_received_by_recipient,66
your exchange rate is totally wrong for my card payment,card_payment_wrong_exchange_rate,18
what was the 1 charge for on my statement?,extra_charge_on_statement,35
"how do i know what my account is set to, i am paid in gbp?",receiving_money,51
i think my wallet fell out on the tube today! i realized as soon as i got to my desk. how do i cut off the card?,lost_or_stolen_card,42
"i bought a product a week ago, but may need to return it.",request_refund,52
how can i get my card out of the stupid atm that ate it?,card_swallowed,19
can i have a second physical card for this account?,getting_spare_card,40
what's the fee for exchange of foreign currencies?,exchange_charge,32
i don't understand why you want so much of my personal info.,why_verify_identity,74
i tried to make a transfer like five different times. why won't your system let me? is it broke?,failed_transfer,36
can i get a card even though i live in the us,country_support,25
"when i got cash, my exchange rate was off.",wrong_exchange_rate_for_cash_withdrawal,76
will i be able to track the card that was sent to me?,card_arrival,12
i tried to make a transfer but it failed,failed_transfer,36
why are my transfers not going through. i have tried over 4 times to get it to work. this is just a simple transfer. is something else causing this in the system? is it broken?,failed_transfer,36
"i need to refund my item, can you please help?",request_refund,52
"i tried to top up using my card, but now the money just disappeared!",topping_up_by_card,62
i tried to buy something online yesterday and got a message saying declined. i tried again today and got the same message. what's the problem?,declined_transfer,28
"help, your app is showing a larger wd than i actually did earlier at an atm.",wrong_amount_of_cash_received,75
how do i freeze my account?,compromised_card,23
how do i transfer funds from my american express into my account?,supported_cards_and_currencies,54
i am not happy with this product can i get a refund?,request_refund,52
how many active cards can i have?,getting_spare_card,40
my top-up for google pay isn't working,apple_pay_or_google_pay,3
the amount of money i pushed at the atm machine did not come out of the machine.,wrong_amount_of_cash_received,75
why is top up pending,pending_top_up,48
what are the requirements to verify my identity?,verify_my_identity,69
i need to know which flat currencies are supported by you.,fiat_currency_support,37
can you tell me what the problem with my card is? it was declined at a restaurant today.,card_not_working,15
is there a fee to exchange currency?,exchange_charge,32
why is this fee being charged to me after using my card?,card_payment_fee_charged,16
is there any limit to the amount i can add to a card at a time?,top_up_limits,60
what should i do if the atm eats my card?,card_swallowed,19
the app is showing a direct debit transaction that i did not perform,direct_debit_payment_not_recognised,29
where would i find top up by cash deposit?,top_up_by_cash_or_cheque,58
can i change my pin without being physically present?,change_pin,22
how do i use a check to top up?,top_up_by_cash_or_cheque,58
there is an odd payment in my statement,card_payment_not_recognised,17
"i made a transfer and the receiver said an amount was received, but less than the right amount. i now have to transfer more to get the remainder to the receiver. can you tell me about this. what's been going on?",transfer_fee_charged,64
"when i was traveling abroad, the exchange rate was applied wrong.",card_payment_wrong_exchange_rate,18
i am missing a refund.,Refund_not_showing_up,0
can i top up by cheque?,top_up_by_cash_or_cheque,58
"i dont know what happened, but my payment was cancelled",reverted_card_payment?,53
"is something wrong with my account, my balance didn't change after i transferred some money",balance_not_updated_after_bank_transfer,6
how can get a visa card?,visa_or_mastercard,73
is there a limit to top-ups?,top_up_limits,60
do i need to convert my currency from gbp before transferring?,receiving_money,51
"my details need to be changed, how can i do so?",edit_personal_details,31
what currencies or cards do you support for topping up?,supported_cards_and_currencies,54
can i get a real card?,order_physical_card,44
i didnt get the correct exchange rate for getting cash,wrong_exchange_rate_for_cash_withdrawal,76
will i get a curreng foreign exchange rate?,exchange_rate,33
i'm trying to transfer money to another country. it's just pending and not sending. my account details are correct. please help me.,pending_transfer,49
please explain why my transfer attempt was declined. thank you.,declined_transfer,28
this verifying the top up is annoying,verify_top_up,71
when will i see the cash i deposited this morning as available?,balance_not_updated_after_cheque_or_cash_deposit,7
is there any documentation needed for the identity check?,verify_my_identity,69
"if my cash withdrawal is still not showing, is something wrong?",pending_cash_withdrawal,47
what are my bank details so i can do a transfer?,transfer_into_account,65
where do my available funds come from?,verify_source_of_funds,70
what would the age limit be?,age_limit,2
i wasn't charged the correct exchange rate for an item i purchased.,card_payment_wrong_exchange_rate,18
"my card payment is just showing up as pending and it has been a while , what's going on with that, it should be going through at some point?",pending_card_payment,46
"when traveling, is it possible for it to add money at specific time intervals?",automatic_top_up,5
my card payment has been cancelled,reverted_card_payment?,53
i want to get a visa card,visa_or_mastercard,73
i've transferred money into my account but the balance is the same,balance_not_updated_after_bank_transfer,6
how do i know if i need a disposable card?,get_disposable_virtual_card,38
where is theft-top option?,automatic_top_up,5
why has my payment not gone through?,pending_card_payment,46
i was checking my statement and my top-up has been reverted,top_up_reverted,61
"my card has been pending for a while, what should i do?",pending_card_payment,46
i don't know what pending transaction means.,pending_card_payment,46
i have multiple of the same transaction,transaction_charged_twice,63
what countries are you located in?,country_support,25
can i have it delivered on a specific date?,card_delivery_estimate,13
will you assess me more fees if i top up with an international card?,top_up_by_card_charge,57
my transfer says pending. what does that mean?,pending_transfer,49
how come my card payment has been declined?,declined_card_payment,26
there was a problem with the exchange rate on a purchase.,card_payment_wrong_exchange_rate,18
it appears my top-up is still pending.,pending_top_up,48
"help, i need to top up my account. where do i send a check?",top_up_by_cash_or_cheque,58
i see a direct debit transaction in the app that is not mine,direct_debit_payment_not_recognised,29
how would i use a bank transfer for topping my account?,transfer_into_account,65
the atm wouldn't let me have my money.,declined_cash_withdrawal,27
i am from x but am traveling to y - how do i get currency for y?,exchange_via_app,34
why is the exchange rate for a foreign atm different,wrong_exchange_rate_for_cash_withdrawal,76
my money i had was gone and i could not get gas!,topping_up_by_card,62
top up not completed,pending_top_up,48
"i would like to track a card sent to me, how do i do that?",card_arrival,12
can you walk me through how i can edit some of my personal information?,edit_personal_details,31
why is there a 1 euro fee on my statement?,extra_charge_on_statement,35
what can i use a virtual disposable card for?,disposable_card_limits,30
i need to know the time frame that is typical for a transfer from a uk account. i just made a transfer and it doesn't appear. i want to make sure everything is okay.,balance_not_updated_after_bank_transfer,6
"hey, i'm buying a flat and i need my mortgage to go though. however, every time i check i get an error message. is there any way you can help me with this transfer.",failed_transfer,36
there is a transaction on my account that i didnt make,card_payment_not_recognised,17
why was my top up cancelled?,top_up_reverted,61
i'm not sure how disposable virtual cards work. please help.,get_disposable_virtual_card,38
the app will not let me into my account.,unable_to_verify_identity,68
i am seeing in the app a some cash withdrawal that its not mine,cash_withdrawal_not_recognised,21
where is my pin? i don't have it yet,get_physical_card,39
what do i need to do to change my pin?,change_pin,22
my exchange seems to have something wrong with it. i changed over russian ruble to uk pounds and it appears i was charged way more than i was supposed to be.,card_payment_wrong_exchange_rate,18
my address is incorrect on my file.,edit_personal_details,31
how do i go about changing my address?,edit_personal_details,31
the amount of exchange was not correct for the item i bought.,card_payment_wrong_exchange_rate,18
am i able to top up with this cheque i received?,top_up_by_cash_or_cheque,58
what can you do to unblock my pin?,pin_blocked,50
what is the code i need to get into the app?,passcode_forgotten,45
will this card work at any atm?,atm_support,4
how long will a transfer from europe take?,transfer_timing,67
i have not received my card,card_arrival,12
i want to revert a transaction i did this morning,cancel_transfer,9
is it possible for me to set up separate accounts for my kids?,age_limit,2
how do i report possible fraudulent activity on my account?,compromised_card,23
what do i do with my card pin?,get_physical_card,39
why were there additional charges when transferring?,transfer_fee_charged,64
i sent money to a person and they haven't received the payment yet.,transfer_not_received_by_recipient,66
can you tell me why my transfer declined?,declined_transfer,28
"this is frustrating, i'm at work and my transfers are not going through. i keep getting an error message, i do not have time for this.",beneficiary_not_allowed,8
how do i go about topping up with google pay?,apple_pay_or_google_pay,3
"i needed cash today, so i used another provider's atm, and when i attempted to withdraw, it declined. i just checked it out and i'm still showing my account with that amount pending! i didn't take any money out, it was declined, so i don't want that to be processed as a withdrawal.",pending_cash_withdrawal,47
can i pay online with my card?,card_acceptance,11
i saw i was charged extra for money i withdrew?,cash_withdrawal_charge,20
i want to change my account details.,edit_personal_details,31
"there is an error, the app says i made an atm withdrawal and i didn't.",cash_withdrawal_not_recognised,21
which countries are you available in?,country_support,25
when i top up what are the amoutn limits.,top_up_limits,60
why is it taking so long for a transfer to complete!,transfer_not_received_by_recipient,66
i would like to change my name after marriage.,edit_personal_details,31
"on my app i can see that a direct debit payment that i didn't do, appears.",direct_debit_payment_not_recognised,29
how are exchange rates calculated at this bank?,exchange_rate,33
"hello, i am buying a flat and need the inital payment for the mortgage to go through. it keeps showing up as error, what is going on? can you please help me make this transfer?",failed_transfer,36
my top up did not complete.,pending_top_up,48
can i wait for you to send me a new card when mine's about to expire?,card_about_to_expire,10
why is there an extra charge of 1 dollar on my statement?,extra_charge_on_statement,35
how do i get my card active?,activate_my_card,1
why am i being charged again?,transaction_charged_twice,63
is it possible to cancel my transfer?,cancel_transfer,9
i wish to close my account. i do not like the service you provide.,terminate_account,55
i believe a wrong exchange rate was applied towards a cash transaction i made abroad.,wrong_exchange_rate_for_cash_withdrawal,76
my transfer is pending too long.,balance_not_updated_after_bank_transfer,6
i want to change my pin - do i need to be in a bank?,change_pin,22
i am afraid to give you all my identify details.,why_verify_identity,74
how many days does a transfer from the us take?,transfer_timing,67
it wants me to verify the top up. why?,verify_top_up,71
what options do i have when topping up a us card?,top_up_by_card_charge,57
where is the top-up card verification code?,verify_top_up,71
what is the most amount of disposable cards allowable?,disposable_card_limits,30
why is your exchange rate for my card payment wrong,card_payment_wrong_exchange_rate,18
after my card expires what should i do?,card_about_to_expire,10
a transfer to an account was not allowed,beneficiary_not_allowed,8
what am i being charged an extra pound when i haven't bought something worth that much?,extra_charge_on_statement,35
i don't see the transaction i made to a friend on my account.,transfer_not_received_by_recipient,66
why do you keep declining my payment?i tried several times already with this card and it is just not working.,declined_card_payment,26
why is my card payment still listed as pending?,pending_card_payment,46
i want a physical card,order_physical_card,44
how can i find out the source of my available cash?,verify_source_of_funds,70
i need assistance to activate the card on my account.,activate_my_card,1
what currency is acceptable for a top up?,supported_cards_and_currencies,54
are you available in my country?,country_support,25
how come i did not get a virtual card yet?,getting_virtual_card,41
"i locked myself out of my account, how do i unblock my pin?",pin_blocked,50
i accidentally blocked my pin. how do i reset it?,pin_blocked,50
what atm accepts mastercard?,atm_support,4
why was i charged a fee for a transfer?,transfer_fee_charged,64
i think youre system may be broken because i have tried transfer money 5x and it isnt working! i'm not doing anything complicated it is what i usually do.,failed_transfer,36
"my card details could be stolen, as i didnt make these transactions",compromised_card,23
can i keep using my card after it expires?,card_about_to_expire,10
"why do you keep declining my transfers? it's been working well so far, but when i just tried to buy something, the card got declined. i tried it a few times, but same thing happened every try.",declined_transfer,28
how do i get my top-up verification code?,verify_top_up,71
i don't recognize what this payment on my statement would be for.,card_payment_not_recognised,17
what was the issue with my topping up?,top_up_failed,59
why did i only receive a partial amount of what i tried to withdraw?,wrong_amount_of_cash_received,75
am i free to top-up as much as i want?,top_up_limits,60
how can i get paid in a different currency?,receiving_money,51
"i need to exchange my gbp to aud, how would i do this?",exchange_via_app,34
"i thought i lost my card so i cancelled it, but recently i found it in my jacket and i would like to re-establish the card.",card_linking,14
atm would not give me cash,declined_cash_withdrawal,27
i forgot my pin and now it is blocked.,pin_blocked,50
what would the price be for an expired card replacement and how long will it take me to get it?,card_about_to_expire,10
can you tell me where my funds come from?,verify_source_of_funds,70
how can i top-up my card?,top_up_by_cash_or_cheque,58
i can't seem to be able to use my card,card_not_working,15
why wouldn't my withdrawal go through?,declined_cash_withdrawal,27
is there something that i can do since my phone was stolen yesterday?,lost_or_stolen_phone,43
"i need a card, but i'm in the us at the moment.",country_support,25
do currency exchanges cost extra?,exchange_charge,32
top-up is not working,top_up_failed,59
i have lost my card! what is my next step?,lost_or_stolen_card,42
am i able to cancel a transfer i just made,cancel_transfer,9
my attempted transfer keeps kicking back with an error message. could you please help me to resolve this?,beneficiary_not_allowed,8
"i read about the auto-top up function, but can't find it in the app.",automatic_top_up,5
can i transfer money to my account with the app?,transfer_into_account,65
how do i know when my card will arrive?,card_arrival,12
what are the steps to verify identity?,verify_my_identity,69
where's the button to top up with a cheque?,top_up_by_cash_or_cheque,58
i asked for a refund but its not here yet,Refund_not_showing_up,0
reason i need to verify top up,verify_top_up,71
why was i charged for withdrawing cash?,cash_withdrawal_charge,20
why is there a payment i didn't do?,card_payment_not_recognised,17
how can i unblock a blocked pin number for my account?,pin_blocked,50
where is the money i topped off with?,pending_top_up,48
what is the reason for my beneficiary to be disallowed?,beneficiary_not_allowed,8
"i bought something and received it, but the payment went back to my account. is the seller okay?",reverted_card_payment?,53
why doesn't it work when i use american express to try to add money to my account?,supported_cards_and_currencies,54
"it's declining my transfers. normally this works, but my card is being declined now and i've tried more than once.",declined_transfer,28
how old do my kids have to be to use your service?,age_limit,2
how many transactions can i do with one disposable card?,disposable_card_limits,30
"there's a problem - i bought something about a week or two ago but just today the payment somehow came back into my account! i already received the item though, what's going on here?",reverted_card_payment?,53
something went wrong with my withdrawal. the amount of money isn't right.,wrong_amount_of_cash_received,75
the money disappeared when i tried to use my card to top up.,topping_up_by_card,62
what works for identity verification?,verify_my_identity,69
how do i start auto top up?,automatic_top_up,5
how do i top up my account using transfer?,transfer_into_account,65
do i need to go to a physical bank to change my pin?,change_pin,22
where can i see the refund in my account,Refund_not_showing_up,0
i bought something on line a and the seller hasn't received the money i sent could you please tell me how long an eu transfer takes?,pending_transfer,49
will money be added automatically when necessary?,automatic_top_up,5
i have a fee for cash withdrawal,cash_withdrawal_charge,20
i am worried that too much time has gone by for a transfer to be completed.,transfer_not_received_by_recipient,66
could you tell me about the restrictions that are on the disposable cards?,disposable_card_limits,30
the exchange rate looks wrong on a holiday purchase,card_payment_wrong_exchange_rate,18
can i get a single use virtual card,get_disposable_virtual_card,38
my bill shows the same charge more than once,transaction_charged_twice,63
how can i link my bank to my top up account?,transfer_into_account,65
are you able to unblock my pin?,pin_blocked,50
"could you please check one of my transfer which i made few hours ago from my uk bank account, as its not showing yet.",balance_not_updated_after_bank_transfer,6
i don't know what this direct debit payment is.,direct_debit_payment_not_recognised,29
why hasn't my transaction arrived to my friend yet?,transfer_not_received_by_recipient,66
can you unblock my account? i entered the pin wrong.,pin_blocked,50
can you tell me how to change my pin?,change_pin,22
do i need to verify the top-up?,verify_top_up,71
why am i being charged a fee on a card payment?,card_payment_fee_charged,16
what does it mean if my payment was reverted?,reverted_card_payment?,53
can i order a new card by phone?,card_about_to_expire,10
when does a uk transfer show up?,balance_not_updated_after_bank_transfer,6
i seem to of forgotten my passcode.,passcode_forgotten,45
can i exchange my money for eur?,fiat_currency_support,37
my pin is not working and i need assistance.,pin_blocked,50
how can i transfer money into my account?,transfer_into_account,65
is it possible to have a discount for exchanging currency frequently?,exchange_charge,32
there is a payment that is not mine.,card_payment_not_recognised,17
what is the max i can top up?,top_up_limits,60
i know i'm getting a new card but would like know when i can expect to receive it.,card_arrival,12
the money i transferred does not show in the balance.,balance_not_updated_after_bank_transfer,6
are there any limits to using disposable virtual cards?,disposable_card_limits,30
"i got my card now, how do i make it show up in the app?",card_linking,14
how can i fix my bank transfer to show up on my bank account?,balance_not_updated_after_bank_transfer,6
the transfer to my account was not allowed.,beneficiary_not_allowed,8
why am i seeing a fee for transferring money?,transfer_fee_charged,64
i exchanged russian rubles for british pounds today and got less than i expected. was exchange rate correct?,card_payment_wrong_exchange_rate,18
how does a us resident go about acquiring a new card?,country_support,25
where can i find the virtual card?,getting_virtual_card,41
"my phone was stolen, what do i do?",lost_or_stolen_phone,43
i did not get the right amount of money when i used a different country's currency.,wrong_exchange_rate_for_cash_withdrawal,76
can you explain the various transaction times shown on my statement?,transaction_charged_twice,63
"i would like to exchange currencies, how do i go upon it?",exchange_via_app,34
i have been charged a pound for something that appears on my statement,extra_charge_on_statement,35
what is this 1 charge?,extra_charge_on_statement,35
can i have it add money automatically in certain intervals?,automatic_top_up,5
can a friend top up my account,topping_up_by_card,62
when does my transfer from the us arrive in my account?,transfer_timing,67
"after putting in the wrong pin too many times, i was blocked. can you assist me in changing it?",pin_blocked,50
"i need to transfer some money, can i use my credit card?",topping_up_by_card,62
"hey there, i just went through my most recent credit card payments and i notice the same charge for a restaurant was processed twice. there was only one meal at this place, so i would like one of the charges to be reversed and my money to be put back in the account.",transaction_charged_twice,63
why was the exchange rate different when i withdrew my cash?,wrong_exchange_rate_for_cash_withdrawal,76
i need my funds verified.,verify_source_of_funds,70
"if i get another card, what kind of fees am i looking at?",getting_spare_card,40
i need to order a new card as my other one was stolen.,lost_or_stolen_card,42
i want to get a virtual card!,getting_virtual_card,41
i would like help to revert a transaction i did this morning,cancel_transfer,9
i'm waiting for my transaction to complete.,transfer_not_received_by_recipient,66
i tried to pay with my card and it didn't work,declined_card_payment,26
i sent a payment but now it's not showing up.,reverted_card_payment?,53
my payment has been cancelled,reverted_card_payment?,53
how long do transfers take? i sent money to a friend who needs it urgently. it's been hours and has not gone through.,transfer_not_received_by_recipient,66
please explain the charge of 1l in error. i have purchased nothing in this amount.,extra_charge_on_statement,35
can i have multiple currencies in my account?,fiat_currency_support,37
whats the maximum number of disposable cards that i can get?,disposable_card_limits,30
i'd prefer mastercard.,visa_or_mastercard,73
the rate applied to my foreign purchase was incorrect,card_payment_wrong_exchange_rate,18
why are there limits on auto top-up?,automatic_top_up,5
"hi, today i have tried to make payment by my new card, but payment got declined many times. i am very disappointed, please look into this.",declined_card_payment,26
what physical locations can i use cash to top up?,top_up_by_cash_or_cheque,58
am i going to see a charge for a sepa transfer?,top_up_by_bank_transfer_charge,56
do you have any fees if i want to add money using an international card.,top_up_by_card_charge,57
"could not complete transfer, states 'declined'",declined_transfer,28
how come i didn't get a virtual card yet?,getting_virtual_card,41
how can my boss pay me directly to the card?,receiving_money,51
"i deposited some cash but it hasn't shown up in my account yet, what's going on?",balance_not_updated_after_cheque_or_cash_deposit,7
which atms accept this bill of fare ?,atm_support,4
some of my card payments look different than where i purchased products from. why is that?,card_payment_not_recognised,17
i would like to transfer some money from my other bank account into this one.,transfer_into_account,65
i need some help with identity verification.,verify_my_identity,69
why did i get charged a fee for my card payment?,card_payment_fee_charged,16
is it possible to get another card?,getting_spare_card,40
verify my source of funds?,verify_source_of_funds,70
which atms allow me to change my pin?,change_pin,22
i need to close my account as soon as possible.,terminate_account,55
do i need to verify my top-up?,verify_top_up,71
"i can't figure out why i haven't gotten my cash, when i already put the check in the bank.",balance_not_updated_after_cheque_or_cash_deposit,7
there was a strange transaction made on my account a couple weeks ago by a seller i don't recognize. may you please check on this transaction for me.,direct_debit_payment_not_recognised,29
how long is us delivery?,card_delivery_estimate,13
how much for an actual card?,order_physical_card,44
can i use my card everywhere?,card_acceptance,11
"i would like to top up via credit card, which credit cards do you support?",supported_cards_and_currencies,54
the card got declined twice when i tried to use it to buy something online yesterday.,declined_transfer,28
are there downsides to using a disposable virtual cards?,disposable_card_limits,30
i thought it was free to make a withdrawal. so how much does it cost now?,cash_withdrawal_charge,20
why isn't my top up working using my saved american express in applepay?,apple_pay_or_google_pay,3
i made a bank transfer and my account balance did not show it.,balance_not_updated_after_bank_transfer,6
is there a disposable virtual card i can order?,get_disposable_virtual_card,38
how did you arrive at the rate of exchange? i thought that i would get more cash.,wrong_exchange_rate_for_cash_withdrawal,76
how come my transfer didn't work,failed_transfer,36
how long will it take to urgently transfer something to china?,transfer_timing,67
what foreign exchange rate will you use?,exchange_rate,33
how long will it take for the cash i deposited this morning to show up?,balance_not_updated_after_cheque_or_cash_deposit,7
can i have another card in addition to my first one?,getting_spare_card,40
i did not make this card payment.,card_payment_not_recognised,17
"i'm concerned about a payment that has recently been made on my card. i do not recognize the name that the transaction went to, can you help me?",card_payment_not_recognised,17
why didnt my payment work,declined_card_payment,26
is there a fee for exchanging cash?,wrong_exchange_rate_for_cash_withdrawal,76
how might i change my pin?,change_pin,22
the exchange rate on my payment doesn't look right,card_payment_wrong_exchange_rate,18
when will i be able to see the refund,Refund_not_showing_up,0
i'm sure i have enough money so why didn't the store accept my card?,declined_card_payment,26
i don't see the verification code for my card transfer.,verify_top_up,71
is it possible to hold money in multiple currencies?,fiat_currency_support,37
i cant get money out of the atm with my card. i just put my card in the atm but it will not allow me to take any money out. what do i need to do to fix this?,declined_cash_withdrawal,27
help me! i don't know what my password is.,passcode_forgotten,45
"i sent some money to somebody a couple of hours ago, and they still have yet to receive it. they really need the money, how much longer are they going to have to wait?",transfer_not_received_by_recipient,66
i believe that someone is using my card without my knowledge!,compromised_card,23
how long will it take to get to me?,card_delivery_estimate,13
what businesses can i use this card with?,card_acceptance,11
when i tried to pay in a store my card din't work,declined_card_payment,26
can you tell me if i can track the card you sent me?,card_arrival,12
when will a refund post to my account?,Refund_not_showing_up,0
what do you require to verify someone's identity?,verify_my_identity,69
how do i get a spare card?,getting_spare_card,40
"please delete my account, your services are not up to par.",terminate_account,55
if i transfer money from my bank to top-up my account will i be charged?,top_up_by_bank_transfer_charge,56
i lost my card n need a new one.,lost_or_stolen_card,42
"i have made a withdraw from an atm this last holiday, why is there such a high charge from this transaction?",wrong_exchange_rate_for_cash_withdrawal,76
my refund has not shown up on my statement.,Refund_not_showing_up,0
"the day before yesterday, i performed a transfer within the country. it still has not completed. can you check on that? the account number is definitely correct, as i've checked.",transfer_not_received_by_recipient,66
i see an extra 1 charge on my app. why did it charge me extra?,extra_charge_on_statement,35
will my transfer immediately show up in my account?,transfer_timing,67
this fee shouldn't be there after i paid with a card.,card_payment_fee_charged,16
how much for topping up by card?,top_up_by_card_charge,57
where can i located the auto-top up option?,automatic_top_up,5
help me unblock my account. i entered the pin wrong too many times.,pin_blocked,50
who can i speak with regarding a lost card?,lost_or_stolen_card,42
i am wondering about a transfer from a different country that doesn't show up yet?,balance_not_updated_after_bank_transfer,6
there is a transaction showing up several times.,transaction_charged_twice,63
how old do you have to be to be able to open an account?,age_limit,2
"i tried to top off using the card, but the money just disappeared?",topping_up_by_card,62
i don't see my card anywhere in the app.,card_linking,14
is there an option to top up a with cheque?,top_up_by_cash_or_cheque,58
please help me as my online payment is getting declined since yesterday while i am trying to purchase something online.,declined_transfer,28
"hi, can you tell me why my transfer keeps being rejected? i've been trying to send money to my friends this morning but failed every time and i have no idea why?",failed_transfer,36
how often am i able to top-up?,top_up_limits,60
"my new card isn't in my app, how do i get it in there?",card_linking,14
why can't i transfer money to a beneficiery?,beneficiary_not_allowed,8
help me unblock my pin.,pin_blocked,50
how long and how much does it cost for new card,card_about_to_expire,10
i cannot get my virtual card to function.,virtual_card_not_working,72
how do i get extra physical cards?,getting_spare_card,40
how much extra will i be charged for exchanging foreign currency?,exchange_charge,32
my card is about to expire. what do i need to do to keep using my card?,card_about_to_expire,10
"i tried to make a transfer, but it didn't work.",failed_transfer,36
can i link your physical card,card_linking,14
what is the status of my top up?,top_up_reverted,61
what's the pending length for credit transactions? i've had one in my pending category now for days and it won't move to processed.,pending_card_payment,46
i checked my statement and am being charged one pound. where did this charge come from?,extra_charge_on_statement,35
i got some cash but it wasn't the right amount.,wrong_amount_of_cash_received,75
a direct debit appears in the app but i didn't authorize it.,direct_debit_payment_not_recognised,29
am i allowed to transfer money to a beneficiary?,beneficiary_not_allowed,8
i would like to refill my account using swift.,top_up_by_bank_transfer_charge,56
how do i contact customer support about a transfer?,declined_transfer,28
what do i do if my phone was stolen?,lost_or_stolen_phone,43
i just made a transfer from a uk account. how long does that typically take to show up? i just want to make sure it worked alright.,balance_not_updated_after_bank_transfer,6
how do i get a refund for an item i bought?,request_refund,52
where can i find the auto-top option?,automatic_top_up,5
the app is saying i made a withdrawl but i didn't.,cash_withdrawal_not_recognised,21
"hi, my card is getting declined during top-up. as it urgent, could you please resolve this issue, or guide me with other alternatives if any.",top_up_failed,59
the amount of cash i received was incorrect,wrong_amount_of_cash_received,75
what's the process for topping up by card?,topping_up_by_card,62
something's wrong my card won't work.,card_not_working,15
"i might need to exchange between usd and gbp, is this possible with your app?",exchange_via_app,34
"i reside in the us, but i want a card.",country_support,25
please help my find out why there is an odd direct debit in my records.,direct_debit_payment_not_recognised,29
what are these disposable virtual cards all about?,get_disposable_virtual_card,38
what is the payment in my account that i did not do?,card_payment_not_recognised,17
it is extremely important that i cancel the transfer i made yesterday and put the money into a different account. is this possible?,cancel_transfer,9
where do i top up my google pay?,apple_pay_or_google_pay,3
i cannot get my card out of the atm.,card_swallowed,19
google pay won't let me top up.,apple_pay_or_google_pay,3
what's the problem? i thought you offered crypto top up. this doesn't appear to be working at all. my money has now vanished from my account.,top_up_reverted,61
i tried entering my pin several times incorrectly. why isn't my pin working?,pin_blocked,50
oh my god i lost my card! what should i do?,lost_or_stolen_card,42
my account is locked because i used the wrong pin too many times. please help.p,pin_blocked,50
"hi, i sent my landlord my rent money a few days ago and while everything seems good on my end he says that he never got the money. i double checked the account number and it's correct. can you help me figure this out?",transfer_not_received_by_recipient,66
i made a transfer but my balance hasn't been updated,balance_not_updated_after_bank_transfer,6
"i have my residency in the us, but i would love to get a card.",country_support,25
on my transfer there was a decline message,declined_transfer,28
"i didn't think my country-to-country money transfer would take so long. it still says that it's pending so i re-checked all of the account information--everything seems right, so what's the deal?",pending_transfer,49
the atm ate my card how do i get a new one?,card_swallowed,19
i was unable to transfer money to a beneficiary.,beneficiary_not_allowed,8
i tried withdrawing but my cash is not showing up?,wrong_amount_of_cash_received,75
in my account i noticed my atm withdrawal is still pending,pending_cash_withdrawal,47
was there a way for me to get tracking for that?,card_arrival,12
please tell my why i was charged a fee for using my card?,card_payment_fee_charged,16
i payed my rent to my landlord a few days ago and he is saying the it never went though. everything looks good to me and i even double checked the account number. i don't know what could be causing the confusion. can you help me please?,transfer_not_received_by_recipient,66
i'd like to make a new pin selection.,change_pin,22
i think that there was an error in calculating the exchange rate. i recently withdrew cash and received much less than expected.,wrong_exchange_rate_for_cash_withdrawal,76
my card payment has failed.,declined_card_payment,26
where do i verify my identity?,verify_my_identity,69
where do i go to terminate my account?,terminate_account,55
"i am at the atm and tried to withdraw 30 pounds and it only gave me 10 pounds, what do i do?",wrong_amount_of_cash_received,75
can you explain to me why a top-up would still be pending?,pending_top_up,48
"i was abroad and needed some cash, but i think the wrong exchange rate was applied to the transaction.",wrong_exchange_rate_for_cash_withdrawal,76
could you please help me? i made my rent payment and have double checked that i sent it to the right account. the person receiving it says he has not received it but it shows complete on my side.,transfer_not_received_by_recipient,66
it's been a week since you issued me a card and i still didn't get it. should i keep waiting?,card_arrival,12
i can't recall my password.,passcode_forgotten,45
i'm a new customer and tried topping up today for the first time. it's still pending and doesn't seem to be working. i need to get this fixed.,pending_top_up,48
how can i exchange to eur?,fiat_currency_support,37
my daughter needs an acount.,age_limit,2
if i want my son to have his own account is that possible?,age_limit,2
if my card payment isn't working what do i do?,declined_card_payment,26
what kind of money can i hold?,fiat_currency_support,37
i don't think i was supposed to be charged so much.,transfer_fee_charged,64
my disposable virtual card is not working when i try to use it at a point of sale transaction. what do i do now?,virtual_card_not_working,72
i am not satisfied with your company and would like to delete my accounts!,terminate_account,55
is there a fee for swift transfer,top_up_by_bank_transfer_charge,56
there is a suspicious direct debit payment.,direct_debit_payment_not_recognised,29
where do i pay with my card?,card_acceptance,11
i made a card payment by my card but it failed. please let me know when the payment will get completed as its still pending.,pending_card_payment,46
"i did a bank transfer to top up, but the money is not available.",top_up_failed,59
there is a duplicate charge on my account.,transaction_charged_twice,63
"my wallet was just stolen, and they've already used my card! please help, i can't afford to lose more money!",cash_withdrawal_not_recognised,21
when do i get my pin?,get_physical_card,39
send my card as soon as you are able to.,card_delivery_estimate,13
can i use this card at any store?,card_acceptance,11
want a new card what are the fees,card_about_to_expire,10
can i transfer money using the swift service?,top_up_by_bank_transfer_charge,56
some cash withdrawal that i didn't make showed up in the app.,cash_withdrawal_not_recognised,21
i would like to dispute a direct debit payment,direct_debit_payment_not_recognised,29
how can i prove i am me?,verify_my_identity,69
what is this charge on my card?,direct_debit_payment_not_recognised,29
please let me know what currency i can use to top up my account?,supported_cards_and_currencies,54
i exchanged cash when traveling and the rate was incorrect.,wrong_exchange_rate_for_cash_withdrawal,76
how do i contact customer support about my declined transfer?,declined_transfer,28
did a card payment that i made get cancelled?,reverted_card_payment?,53
i need to change my name what do i do?,edit_personal_details,31
what fees are there for adding money using an international card,top_up_by_card_charge,57
i noticed an extra pound charge?,extra_charge_on_statement,35
there is a strange card payment i don't recognise.,card_payment_not_recognised,17
can i see the source of my available money?,verify_source_of_funds,70
can both a visa and mastercard be received from you?,visa_or_mastercard,73
where do i look for cash top up?,top_up_by_cash_or_cheque,58
how many days does it take for a transfer to go through?,transfer_timing,67
can someone explain why i'm getting a message on my screen saying my transfer isn't possible? i've done several in the past and haven't had a single problem until now. what's going on?,beneficiary_not_allowed,8
"please tell me, do you use visa or mastercard?",visa_or_mastercard,73
where do i find the top-up verification code?,verify_top_up,71
"my balance has not changed, despite depositing a cheque",balance_not_updated_after_cheque_or_cash_deposit,7
when i was abroad the exchange rate for me was wrong.,wrong_exchange_rate_for_cash_withdrawal,76
is this card available to united states residents?,country_support,25
"my top-up showed as complete, but it's no longer there! what's going on here?",top_up_reverted,61
"more than one time this week, i have been charged more than once for the same transaction. please correct the issue and refund the duplicate charges.",transaction_charged_twice,63
my card won't work at all for anything.,card_not_working,15
how long does it take to recieve my new card?,card_arrival,12
i made a payment a while ago and it is still showing as pending in the account. how long will this payment take to complete?,pending_card_payment,46
can someone assist me with explaining how i can unblock my pin?,pin_blocked,50
is a transfer to a beneficiary allowed?,beneficiary_not_allowed,8
how do i switch to a different currency?,exchange_via_app,34
why did i only get 20 now the full amount i wanted?,wrong_amount_of_cash_received,75
tell me how to renew my new card?,activate_my_card,1
is it possible to purchase more physical cards with my account?,getting_spare_card,40
can i use your app to exchange usd for gbp?,exchange_via_app,34
the exchange rate is incorrect on an item i recently purchased in a foreign country.,card_payment_wrong_exchange_rate,18
why do i have an unknown payment?,card_payment_not_recognised,17
how do the disposable cards work?,get_disposable_virtual_card,38
why can't i complete the transfer?,failed_transfer,36
my account balance has not updated to reflect my recent transfer.,balance_not_updated_after_bank_transfer,6
why do you need to know so much about me,why_verify_identity,74
why couldn't i use my card at a store?,declined_card_payment,26
how to i transfer my funds into my account?,transfer_into_account,65
where do i get a virtual card?,getting_virtual_card,41
how can i update my personal information after moving?,edit_personal_details,31
when will the card arrive?,card_delivery_estimate,13
why verify the top-ups?,verify_top_up,71
how long will it take for the transfer to reach my account?,transfer_timing,67
what is the base of the exchange rates?,exchange_rate,33
the app said i withdrew cash at an atm and i didn't,cash_withdrawal_not_recognised,21
is there an option to have a virtual card?,getting_virtual_card,41
how do i get a physical card?,order_physical_card,44
i deactivated my card but would like to reactivate it.,card_linking,14
i need more assistance with how to activate my card.,activate_my_card,1
what is the price for an additional card?,getting_spare_card,40
can you tell me how to get my card on the app?,card_linking,14
"i am missing some funds from my account - i tried to transfer them using my credit card number, and it disappeared.",topping_up_by_card,62
please provide currency exchange rates,exchange_charge,32
how do i order another card?,getting_spare_card,40
is there a way to see where my money originally came from?,verify_source_of_funds,70
how long does a transfer take to be confirmed?,pending_transfer,49
it kept my cash,wrong_amount_of_cash_received,75
can you explain disposable cards?,get_disposable_virtual_card,38
"i deposited cash into my account a week ago and it is still not available, please tell me why? i need the cash back now.",balance_not_updated_after_cheque_or_cash_deposit,7
"i just got my card and want to use it, how do i activate my card?",activate_my_card,1
how can i track my card's delivery?,card_arrival,12
unable to use my american express with apple pay to top up my account,apple_pay_or_google_pay,3
my atm withdraw is stillpending,pending_cash_withdrawal,47
is there an alternative to a physical card?,getting_virtual_card,41
do you accept credit cards from the us,supported_cards_and_currencies,54
if i order a card when does it arrive?,card_delivery_estimate,13
i accidentally made a transaction to the wrong account.,cancel_transfer,9
what currencies does google pay top up accept?,apple_pay_or_google_pay,3
i'm still expecting the transaction to be finished,transfer_not_received_by_recipient,66
is it possible to get a refund?,request_refund,52
is there a limit when using auto top-up?,automatic_top_up,5
am i able to receive my salary this way?,receiving_money,51
"i want to add money to my international card, so are there any fees charged to do this?",top_up_by_card_charge,57
there's a cash withdrawal that didn't make that is showing up.,cash_withdrawal_not_recognised,21
i have a question regarding the pin of the card?,get_physical_card,39
why am i seeing a transfer fee on my bank statement?,transfer_fee_charged,64
why was my atm withdrawal cancelled?,declined_cash_withdrawal,27
"i've used my account frequently over the last month to manage my payments from abroad for my new place. i noticed that my fees have suddenly increased. as a frequent customer, shouldn't i be rewarded rather than suddenly being subject to a new fee?",transfer_fee_charged,64
"why won't you take my transfer, i keep getting an error message.",beneficiary_not_allowed,8
i have tried to use my card several times and it does not work.,card_not_working,15
am i able to have a card sent to china?,card_about_to_expire,10
it's been a week since you sent my card and i still don't have it.,card_arrival,12
"i tried topping off my account with a card, but the money is not in my account despite the charge going through",topping_up_by_card,62
i need it delivered by saturday.,card_delivery_estimate,13
"i just took some cash out of a cash machine in heathrow airport because i wanted to buy some new sunglasses for my holiday but you've added a fee to the withdrawal, what is this?",cash_withdrawal_charge,20
why was i charged a fee on a cash withdrawal?,cash_withdrawal_charge,20
has my card payment been reverted?,reverted_card_payment?,53
i've been charged an extra 1 and i don't know what it's for,extra_charge_on_statement,35
i am confused why there is cash i did not accept in my account,cash_withdrawal_not_recognised,21
are there charges for cash withdrawals?,cash_withdrawal_charge,20
"could you refund my transaction, i paid it into the wrong account. i need to be able to pay it into the right account by tomorrow.",cancel_transfer,9
what's the limit for auto top-up?,automatic_top_up,5
"hello, i just checked my card transactions and saw that i was charged twice for a restaurant visit i did earlier this week. is it possible to remove one of them and get my false paid money pack?",transaction_charged_twice,63
how can i perform a dual money transferring from one account to another?,transfer_into_account,65
can i use visa or mastercard with your service,visa_or_mastercard,73
why would my topup not go through?,top_up_failed,59
"i have an issue. i bought something within the past one to two weeks and have received one of the products however, today the total was returned to my account. what's going on here?",reverted_card_payment?,53
i need to know where do my funds come from,verify_source_of_funds,70
how do i make an exchange from one currency to another?,exchange_via_app,34
i need help with understanding why my card is not working.,card_not_working,15
do you only use visa or do you have mastercard too?,visa_or_mastercard,73
can i use my account before the identity verification is complete?,why_verify_identity,74
who do i contact if there is a direct debit that i did not create.,direct_debit_payment_not_recognised,29
atm withdrawal not working.,declined_cash_withdrawal,27
"why is there now a charge for making cash withdrawals? i wanted some cash after i went to the grocery store, and there's a new fee!",cash_withdrawal_charge,20
how can i get my card out of the damn atm?,card_swallowed,19
why did i get charged for a transfer?,transfer_fee_charged,64
how do i activate my card that just arrived?,activate_my_card,1
what does it mean when a payment is pending?,pending_card_payment,46
how do i add a card to the app?,card_linking,14
why didn't the atm give me all my money,wrong_amount_of_cash_received,75
can you tell me why my refund is not showing in my statement?,Refund_not_showing_up,0
what is the top up limit,top_up_limits,60
is there a fee for european bank cards?,top_up_by_card_charge,57
"why do i get charged additional fees on some payments, but not others?",card_payment_fee_charged,16
how do i get a virtual card?,getting_virtual_card,41
can i transfer my salary if its in gbp?,receiving_money,51
is there a way to get a virtual card?,getting_virtual_card,41
i have cash deposit to my account but it is experiencing a problem,balance_not_updated_after_cheque_or_cash_deposit,7
"i need an actual card that i can hold in my hand, how do i do that?",order_physical_card,44
a receiver made me aware that they did not receive the full transfer that i made. the amount was showing to be a bit less. i now have to make a second transfer just to make up the difference. can you reach out and let me know what's going on?,transfer_fee_charged,64
"i heard that you support more than one type of fiat currency, would you tell me which ones please?",fiat_currency_support,37
"i need to delete my account, please.",terminate_account,55
i do not have the information to verify my identify.,unable_to_verify_identity,68
why was i charged a fee when making this transfer when i shouldn't have been?,transfer_fee_charged,64
whats the transfer process,transfer_into_account,65
it doesn't look like the top-up completed.,pending_top_up,48
are swift transfers an option?,top_up_by_bank_transfer_charge,56
"i have obtained the salary in gbp, will it need to be configured?",receiving_money,51
can i choose what card i can use,visa_or_mastercard,73
will you guys charge me for topping up by transfer?,top_up_by_bank_transfer_charge,56
can i get a new card even though i am in china?,card_about_to_expire,10
i think my card payment has been reverted,reverted_card_payment?,53
someone stole my phone.,lost_or_stolen_phone,43
why hasn't the transfer shown up in my account yet?,transfer_timing,67
i got a cheque that i want to top up with?,top_up_by_cash_or_cheque,58
is my card ready for use or does it need activated and if so how?,activate_my_card,1
can it be delivered on a certain date?,card_delivery_estimate,13
how can i go about getting a disposable virtual card?,get_disposable_virtual_card,38
there is money missing from my account.,cash_withdrawal_not_recognised,21
i need to change my address in the personal details.,edit_personal_details,31
will there be a charge for sending out more cards?,getting_spare_card,40
how can i order a card?,order_physical_card,44
can you look into my top up please. i made it over three hours ago and yet it's still pending.,pending_top_up,48
im not sure what this charge is for,card_payment_fee_charged,16
how long with my cash withdrawal stay pending for?,pending_cash_withdrawal,47
can you please tell me why i was charged an extra fee on my transfer?,transfer_fee_charged,64
it seems like my card payment didn't work.,declined_card_payment,26
"hi. i just withdrew cash from an atm and received the wrong amount. however, my app shows the correct amount i withdrew. how do i get the rest of the cash?",wrong_amount_of_cash_received,75
"i made a big purchase that i regretted and cancelled, the merchant said that my refund was submitted. can you confirm to me that all of my money was truly returned to me?",Refund_not_showing_up,0
can you explain why my payment is still pending?,pending_transfer,49
my card needs to be topped up.,topping_up_by_card,62
i topped up but it isn't in my account,pending_top_up,48
my card was confiscated by an atm. how do i get my card back?,card_swallowed,19
what are the sources for the funds in my account?,verify_source_of_funds,70
i need a refund for something i bought.,request_refund,52
"i just got a card, how can i add it to the app?",card_linking,14
make my account go away,terminate_account,55
"my card was supposed to arrive, but hasn't?",card_arrival,12
i need to cancel a purchase that i made the other day.,request_refund,52
a payment i didn't do shows in my app,card_payment_not_recognised,17
there is a pending transaction on my account for when i tried to get money from the atm earlier and it did not work. can you fix this?,pending_cash_withdrawal,47
i need my card quickly,card_delivery_estimate,13
what is the necessity of verifying the top up?,verify_top_up,71
where is the closest mastercard atm?,atm_support,4
i got a new card and can't find where to link it.,card_linking,14
where can i reset the passcode?,passcode_forgotten,45
hello. can you help figure out why the recent transfer from my uk bank account isn't showing up?,balance_not_updated_after_bank_transfer,6
"i sent you a cheque couple days ago, nothing happened to my account yet! this is unacceptable, where is my money??",balance_not_updated_after_cheque_or_cash_deposit,7
i attempted to top up but the app denied it.,top_up_failed,59
can you tell me how to top up on my card?,topping_up_by_card,62
cash and check deposit has not gone thru,balance_not_updated_after_cheque_or_cash_deposit,7
will you charge an extra fee for top ups?,top_up_by_card_charge,57
how long does it take for deliver to the us?,card_delivery_estimate,13
i transferred some money a couple days ago but haven't received it yet. how long should i expect to wait?,balance_not_updated_after_bank_transfer,6
how long is delivery to the us?,card_delivery_estimate,13
what apps can i use to top up my account?,top_up_by_cash_or_cheque,58
do you supply both visa and mastercard?,visa_or_mastercard,73
the exchange rate applied is wrong for my international purchase.,card_payment_wrong_exchange_rate,18
what are the reasons to be charged a fee on card payments?,card_payment_fee_charged,16
"i just topped up, and the app denied it.",top_up_failed,59
my address has updated and i need to change it.,edit_personal_details,31
how do i cancel my transfer?,cancel_transfer,9
are both visa and mastercard available to me?,visa_or_mastercard,73
i would like a refund on the extra pound i was charged.,extra_charge_on_statement,35
"the past few times i've been to the atm, i was charged a withdrawal fee. have your policies changed regarding fees?",cash_withdrawal_charge,20
why is the exchange rate for my payment incorrect?,card_payment_wrong_exchange_rate,18
how do i top up my account with a cash payment?,top_up_by_cash_or_cheque,58
can you please tell me how long it takes for the transfer to be available.,transfer_timing,67
i need a new card before it expires.,card_about_to_expire,10
i'm in china and need a new card. please help.,card_about_to_expire,10
how do the foreign exchange rates work?,exchange_rate,33
i'm wondering how long it takes for my money to get to me after a bank transfer.,balance_not_updated_after_bank_transfer,6
i think my top-up was cancelled.,top_up_reverted,61
what do i do to get a physical card?,order_physical_card,44
is there a place to check for fee for payments? i feel like i'm getting charged too much at times.,card_payment_fee_charged,16
will you charge me for topping up with a european card?,top_up_by_card_charge,57
what do i have to do to get a visa credit card?,visa_or_mastercard,73
are cards from the us accepted?,supported_cards_and_currencies,54
how do i edit my personal details?,edit_personal_details,31
how do i exchange currencies using this app?,exchange_via_app,34
how long does it take for the card to come?,card_delivery_estimate,13
what steps do i take to verify my identity?,verify_my_identity,69
how do i activate my card so i can start using it?,activate_my_card,1
how and where can i find the identity checks?,verify_my_identity,69
how long will it take for my payment to go through?,pending_card_payment,46
i have an outgoing transaction,pending_transfer,49
has my top-up has been cancelled,top_up_reverted,61
do you know why my contactless won't work?,contactless_not_working,24
i don't think my top up is working correctly,top_up_failed,59
i'm upset because i got charged a ridiculous fee when making an atm withdrawal over a holiday weekend. it didn't notify me beforehand either or i wouldn't have ever done it.,wrong_exchange_rate_for_cash_withdrawal,76
i need more physical cards.,getting_spare_card,40
my card doesn't accept any transaction at all. what's wrong??,card_not_working,15
how do i order a replacement for stolen card?,compromised_card,23
please tell me how to verify my top up card.,verify_top_up,71
"i forgot my phone at the hotel, so i can't access the app.",lost_or_stolen_phone,43
seems like the exchange rate for my payment last saturday was wrong. i was charged extra.,card_payment_wrong_exchange_rate,18
my card stopped working. how do i check if there is a freeze on it?,card_not_working,15
i have not seen any changes in my account balances after making a transfer.,pending_transfer,49
is there a fee for topping off a us card?,top_up_by_card_charge,57
is there a fee for exchanging currency?,exchange_charge,32
this is the first time i've tried to get my money out of an atm and it didn't work. please give me my money,declined_cash_withdrawal,27
what do i need to do for a pin?,get_physical_card,39
i would like to change currency,exchange_via_app,34
cancel my account,terminate_account,55
does topping up my card have a fee?,top_up_by_card_charge,57
how do i go about activating my new card?,activate_my_card,1
i have been overcharged.,transaction_charged_twice,63
how can i top up?,topping_up_by_card,62
"hi, my card withdrawal was declined this morning. it was working fine till yesterday. please check and inform me.",declined_cash_withdrawal,27
"i have received my card, can you help me put it in the app?",card_linking,14
"i need to verify a payment to my new landlord. i transferred the first rent payment a few days ago. while it shows on my side, the landlord is saying he hasn't received it yet. can you verify that it has processed?",transfer_not_received_by_recipient,66
what is the limit to number of transactions i can do with a disposable card?,disposable_card_limits,30
"i think my card is expiring, what happens then?",card_about_to_expire,10
will be apple watch be able to let me top up?,apple_pay_or_google_pay,3
why would i get a decline message in a transfer?,declined_transfer,28
cash withdrawal still pending?,pending_cash_withdrawal,47
how long should it take for a transfer to go through? i have been waiting a while.,transfer_not_received_by_recipient,66
is my top up not working?,pending_top_up,48
"i want to start using my card, how do i activate it?",activate_my_card,1
what is this direct debit in my statement?,direct_debit_payment_not_recognised,29
help me change my pin.,change_pin,22
the transfer to an account wasn't allowed is there any other way for me to do it,beneficiary_not_allowed,8
what is the process for setting up and account for my child?,age_limit,2
"i did not receive my purchase, how do i cancel it?",request_refund,52
tell me how to verify a top up.,verify_top_up,71
am i able to get a second card?,getting_spare_card,40
do i need to pay more for exchanging currencies?,exchange_charge,32
why do i have a pending payment?,pending_card_payment,46
"using google pay, can i top up?",apple_pay_or_google_pay,3
is there a discount for multiple currency exchanges?,exchange_charge,32
help me close my account.,terminate_account,55
i expected a higher exchange rate when i withdrew money. can you tell me current exchange rates?,wrong_exchange_rate_for_cash_withdrawal,76
i would like to have a mastercard.,visa_or_mastercard,73
the amount of cash i received was not the full amount,wrong_amount_of_cash_received,75
the app reverted the payment i made.,reverted_card_payment?,53
i transferred money and it didn't get there.,transfer_not_received_by_recipient,66
what can i expect if i use bank transfer to top up my account?,transfer_into_account,65
i want to change my pin.,change_pin,22
i need my card activated.,activate_my_card,1
i have a withdrawal waiting to go through.,pending_cash_withdrawal,47
i have a strange direct debit in my statement,direct_debit_payment_not_recognised,29
is it possible for me to track the card is was mailed to me?,card_arrival,12
will you guys do visa or mastercard?,visa_or_mastercard,73
what's the best way to use a cheque to top up?,top_up_by_cash_or_cheque,58
somebody made a withdrawal from my account for 500. i have my card so how can this be? does somebody have a duplicate card or something? help please.,cash_withdrawal_not_recognised,21
i didn't get the money i transferred,balance_not_updated_after_bank_transfer,6
i made a purchase earlier today but it is still listed as pending- when will it go through?,pending_card_payment,46
can you tell me more about limits to disposable virtual cards?,disposable_card_limits,30
how do i add the card i just received to show up in the app?,card_linking,14
how do i get the contactless feature to work for my card?,contactless_not_working,24
why hasn't my recipient received their money?,transfer_not_received_by_recipient,66
money is not in recipients account.,transfer_not_received_by_recipient,66
how do i change my passcode?,passcode_forgotten,45
can you help me get top up to work in the apple pay function?,apple_pay_or_google_pay,3
does it cost anything and how long would it take to get a card if i need a new one? my card is about to expire.,card_about_to_expire,10
i requested a refund from a merchant days ago but i do not see it in my account.,Refund_not_showing_up,0
how do i exchange my gbp to aud?,exchange_via_app,34
are extra charges added for sending out additional cards?,getting_spare_card,40
where in the app do i go to make my new card show up?,card_linking,14
think someone has took money out with my card. what shall i do?,cash_withdrawal_not_recognised,21
"i'm not sure where my phone is, i think someone stole it or it's lost.",lost_or_stolen_phone,43
is top-up possible with apple pay?,apple_pay_or_google_pay,3
a payment in my account was made by someone i don't know,card_payment_not_recognised,17
where did the 1 fee in my statement come from,extra_charge_on_statement,35
"i can't be sure, but i think that someone may be using my card.",compromised_card,23
will i get a visa card or mastercard?,visa_or_mastercard,73
i was supposed to get a refund but i do not see it.,Refund_not_showing_up,0
please cancel the transfer i just made. i put in the wrong account number and can't seem to stop it on the app.,cancel_transfer,9
i think that there is a payment on my card that i did not authorize. i don't recognize the name attached to the transaction.,card_payment_not_recognised,17
i exchange my currency quite a bit. do i get an exchange price break?,exchange_charge,32
why do i need top-up to be verified?,verify_top_up,71
can i convert currency with the app?,exchange_via_app,34
my top-up failed to go through.,top_up_failed,59
what is necessary for the identity verification?,verify_my_identity,69
my payment was cancelled,reverted_card_payment?,53
why did i only get 20.00,wrong_amount_of_cash_received,75
when i travel can it top up automatically,automatic_top_up,5
totally unacceptable. i'm stranded with no cash because the atm wouldn't give me any money!,declined_cash_withdrawal,27
my virtual card won't work.,virtual_card_not_working,72
what can i do to track the card you sent me?,card_arrival,12
can i use a different currency with my salary?,receiving_money,51
do i need to make a regular payment before a contactless one?,contactless_not_working,24
something is wrong with my passcode,passcode_forgotten,45
is there a frequent currency discount?,exchange_charge,32
how do i edit my details?,edit_personal_details,31
how do i go forth with bank transfers for top up accounts?,transfer_into_account,65
what will i need to configure if my salary is in gbp?,receiving_money,51
what atm machines allow this card?,atm_support,4
i have my card now how do i activate it?,activate_my_card,1
"i have been waiting longer than expected for my bank card, could you provide information on when it will arrive?",card_arrival,12
am i able to track a card that has already been sent?,card_arrival,12
i have never been charged a fee for cash withdrawal before. when did that change?,cash_withdrawal_charge,20
does every place of business accept this card?,card_acceptance,11
"since my card is about to expire, what do i do to get a new one?",card_about_to_expire,10
do i have a limit to the number of top-ups per day?,top_up_limits,60
how can i use thereto-top option?,automatic_top_up,5
there are charges on my card that i haven't purchased.,compromised_card,23
my card was stolen. what do i need to do?,lost_or_stolen_card,42
do i need to use a limit on top-ups?,top_up_limits,60
i can't get the top-up to work! what's going on here.,top_up_failed,59
where do i need to live to get support?,country_support,25
i think someone has hacked my card!,compromised_card,23
i used my card to get cash then i was charged a fee that i shouldn't have been charged.,cash_withdrawal_charge,20
why is the exchange rate wrong when i purchase something abroad?,card_payment_wrong_exchange_rate,18
i had to pay a fee when buying items with my card.,card_payment_fee_charged,16
why does my account not accept cash deposits?,balance_not_updated_after_cheque_or_cash_deposit,7
is there a pay structure for currency exchanges?,exchange_charge,32
do you have an option for auto top up?,automatic_top_up,5
im very upset as my top-up was canceled and i have no idea why.,top_up_reverted,61
why did my transfer get declined?,declined_transfer,28
how long should my new card take to arrive?,card_arrival,12
is the eur accepted for exchanges?,fiat_currency_support,37
i made a mistake and need to cancel a transaction,cancel_transfer,9
i think i was wrongly charged in a recent transaction when i used my card.,card_payment_fee_charged,16
it looks like my top up didn't work. why?,top_up_failed,59
are there any fees to get additional cards?,getting_spare_card,40
could you please help me figure out why the seller has not received their money after i sent it.,pending_transfer,49
i tried to top up and suddenly my money disappeared,topping_up_by_card,62
this transaction needs both a visa and a mastercard.,visa_or_mastercard,73
do i have to pay extra if i use an international card to top up my account?,top_up_by_card_charge,57
why is my physical card not working?,card_not_working,15
i would like to change to a different currency.,exchange_via_app,34
how can i process a refund for something i purchased?,request_refund,52
are you sending me my card?,card_delivery_estimate,13
can i tell what business will take this card?,card_acceptance,11
can you unblock my pin because i put the wrong one too many times.,pin_blocked,50
is the system down? i've been trying to do a transfer and have failed?,failed_transfer,36
my cash out is still pending,pending_cash_withdrawal,47
the card i have doesn't work.,card_not_working,15
why can't my beneficiary make transactions?,beneficiary_not_allowed,8
what's the most disposable cards i can have?,disposable_card_limits,30
how many disposable cards are available per account?,disposable_card_limits,30
what is the highest limit for auto top?,automatic_top_up,5
will the pin come separately?,get_physical_card,39
is it free to exchange currency?,exchange_charge,32
"my daughter would like a card as well, how can we make this happen?",getting_spare_card,40
what's going on? my card wont accept any transactions.,card_not_working,15
can i use it in any country?,country_support,25
my card appears to be broken how can i fix it?,card_not_working,15
they used the wrong rate when i made a purchase with foreign currency.,card_payment_wrong_exchange_rate,18
i have a payment in my statement that is off,card_payment_not_recognised,17
i am chatting about an order from a long while back. i never got it to this day and am deeply upset by this! i want all of my money back! i just can not accept paying for something i never got.,request_refund,52
why isn't my disposable virtual card working?,virtual_card_not_working,72
"hi, i'm trying to transfer money from one country to another, but it's taking a long time! all the account information is right, so why is it taking so long?",pending_transfer,49
why did the transfer fail when i attempted to do it earlier?,failed_transfer,36
two days ago i did a transfer to another account within the country. it doesn't appear the transfer went through. i have verified the account number several times. could you please check on this for me?,transfer_not_received_by_recipient,66
what if i type in the wrong pin too many times?,pin_blocked,50
"if i top up by card, what options do i have re currency and card type?",supported_cards_and_currencies,54
can i have a visa card?,visa_or_mastercard,73
"my card payment was reverted, why?",reverted_card_payment?,53
can i request a card?,order_physical_card,44
what form of payments can i use for topping up?,top_up_by_cash_or_cheque,58
i'm having difficulty verifying my identity.,unable_to_verify_identity,68
why would my card payment get reverted?,reverted_card_payment?,53
what is this fee for card payment?,card_payment_fee_charged,16
and what about the card's pin?,get_physical_card,39
why is my refund not visible on my statement?,Refund_not_showing_up,0
i don't recognize a charge on my statement.,card_payment_not_recognised,17
how do i make my top up complete?,pending_top_up,48
i recently got charged twice from a restaurant that i was at this week and i would like for one of those payments to be removed from my account.,transaction_charged_twice,63
my card payment was reverted. why?,reverted_card_payment?,53
please send my card as quickly as possible.,card_delivery_estimate,13
can i make an account for my kids?,age_limit,2
"my card got blocked, how do i reset?",pin_blocked,50
is it free to add money to my card,top_up_by_card_charge,57
"i draw out money from your atm during holidays, and was charged insanely. i wouldn't have done it, if i had a little sense about the shocking charges.",wrong_exchange_rate_for_cash_withdrawal,76
i think my top-up has failed.,top_up_failed,59
i tried to get cash out of the atm but it is taking too long,pending_cash_withdrawal,47
it looks like i was charged twice for a single transaction,transaction_charged_twice,63
what steps can i take if someone else is using my card?,compromised_card,23
why do i need to verify the top up?,verify_top_up,71
when can i expect my card to arrive?,card_delivery_estimate,13
what is the time period for money to be transferred?,transfer_timing,67
i was charged for the same thing twice,transaction_charged_twice,63
what cards and currencies do you support?,supported_cards_and_currencies,54
what happens if my card expires?,card_about_to_expire,10
"why can't i transfer my money into someone else's account? i should be able to do so right? why does it keep rejecting my transfer? there's no reason, all my info is correct and the money is there.",failed_transfer,36
why isn't my refund shown on my statement?,Refund_not_showing_up,0
the transfer i did hasn't arrived,transfer_not_received_by_recipient,66
my top up has failed,top_up_failed,59
how do i speed up identity verification?,why_verify_identity,74
i think my card payment has been stopped,reverted_card_payment?,53
tell me how i can exchange between different currency.,exchange_via_app,34
please help me with my card payments which keeps getting reverted whenever i do online shopping. i am having this problem since last two weeks.,reverted_card_payment?,53
"i can't make any transfers, they won't go through, the details are correct as i checked them. can you look in to this please?",declined_transfer,28
where do i find a virtual card?,getting_virtual_card,41
"i'm having money transferred from europe, how long will this take?",transfer_timing,67
my payment for my card is not working,declined_card_payment,26
what is the appropriate age for my child to be able to open an account?,age_limit,2
i need to reset the passcode.,passcode_forgotten,45
there is a fee from a transfer that is not supposed to be here!,transfer_fee_charged,64
"i don't want the item, i bought it on accident, can i get a refund?",request_refund,52
"if i lost my phone, can someone use my account?",lost_or_stolen_phone,43
"left phone at hotel, how to access app",lost_or_stolen_phone,43
how can i change the pin? do i have to go to a real bank?,change_pin,22
can i use my card in austria?,country_support,25
why isn't my deposit in my account?,balance_not_updated_after_cheque_or_cash_deposit,7
why was i unable to do a transfer?,declined_transfer,28
"okay, i found my card, can i put it back in the app?",card_linking,14
my disposable virtual card is not working,virtual_card_not_working,72
can i go into my app to find my pin,get_physical_card,39
how can i open an account for my children?,age_limit,2
how much am i charged to receive money?,top_up_by_bank_transfer_charge,56
i made a bank transfer and the balance hasn't updated yet.,balance_not_updated_after_bank_transfer,6
"please, how do i order a card?",order_physical_card,44
"i want to reactivate my card, i thought i had lost it but found it again in my jacket this morning.",card_linking,14
where is the top-up verification code sent?,verify_top_up,71
my apple pay top up with my american express card is not working? please tell me why,apple_pay_or_google_pay,3
the exchange rate was different than expected,wrong_exchange_rate_for_cash_withdrawal,76
"i attempted to top up my car today, it failed! i just got it a couple of days before and it worked then. what is going on with it?",top_up_failed,59
what is the 1 fee for?,extra_charge_on_statement,35
help my prove my identity.,unable_to_verify_identity,68
why can't i use my card?,card_not_working,15
can cards be delivered? where?,order_physical_card,44
"i tried to withdraw some money from an atm this morning but wasn't able to get the amount of cash i needed. the amount in the app says what i was trying to withdraw was deducted, but i don't have any money. what do i do about this?",wrong_amount_of_cash_received,75
what countries will my card be supported in?,country_support,25
what currencies can i hold?,fiat_currency_support,37
how would i use my money in a different country?,exchange_via_app,34
what is the top-up limit for my card?,top_up_limits,60
i noticed additional charges when transferring?,transfer_fee_charged,64
is there always a charge when withdrawing money?,cash_withdrawal_charge,20
looks like my card payment was cancelled.,reverted_card_payment?,53
can i use top-up with apple pay?,apple_pay_or_google_pay,3
i need my refund as soon as possible. what else do i have to do?,Refund_not_showing_up,0
what steps do i do to transfer money using my credit card?,topping_up_by_card,62
what is the source of my funds.,verify_source_of_funds,70
my card was used without my permission.,compromised_card,23
is it possible to get a refund for the item?,request_refund,52
why am i still waiting for a transfer?,balance_not_updated_after_bank_transfer,6
i wondered if multiple currencies is okay?,fiat_currency_support,37
please provide me with the restrictions of the disposable cards.,disposable_card_limits,30
how long does a transfer transaction take?,transfer_timing,67
where is my money transfer?,transfer_timing,67
how long will it take for my money to be deposited?,pending_top_up,48
"on a card payment, why is there a fee?",card_payment_fee_charged,16
i would like to cancel a purchase.,request_refund,52
"hi, status of one of my card payment is still pending from a while. please let e know how much time it will take to complete.",pending_card_payment,46
why have i been charged more than once for the same transaction?,transaction_charged_twice,63
why is there a fee for using my card?,card_payment_fee_charged,16
why did my card payment not work?,declined_card_payment,26
my refund for a purchase hasn't cone through yet.,Refund_not_showing_up,0
why hasn't the money i transferred into my account shown up yet?,balance_not_updated_after_bank_transfer,6
i a having trouble proving my identity,unable_to_verify_identity,68
"can you explain your refund policy, please?",request_refund,52
how long will it take to deliver to the us?,card_delivery_estimate,13
what other methods are there to verify my identity?,why_verify_identity,74
my new card came in. how do i activate?,activate_my_card,1
what can i do if i got my american express in apple bay but top up is not working?,apple_pay_or_google_pay,3
how do i find my card pin?,get_physical_card,39
my transfer has still not appeared.,balance_not_updated_after_bank_transfer,6
my money disappeared right when i tried to top up,topping_up_by_card,62
how do i go about setting up an account for my daughter?,age_limit,2
the app doesn't think it's me.,unable_to_verify_identity,68
"i would like a disposable virtual card, could i get one?",get_disposable_virtual_card,38
can i receive a refund for an item i purchased?,request_refund,52
what are the guidelines for the disposable cards?,disposable_card_limits,30
what does it mean when a cash withdrawal is pending?,pending_cash_withdrawal,47
how can i get the cash deposit to show up on my account?,balance_not_updated_after_cheque_or_cash_deposit,7
there is a potentially fraudulent direct debit on my account.,direct_debit_payment_not_recognised,29
do the disposable cards have any restrictions on them?,disposable_card_limits,30
i believe that my transfer hasn't gone through.,failed_transfer,36
why do transfers get declined?,declined_transfer,28
will my new card work outside of the eu?,country_support,25
how long do i have to wait for my bank transfer to appear in my account?,balance_not_updated_after_bank_transfer,6
my account says i have money but i withdrew it in cash.,pending_cash_withdrawal,47
why didn't my payment process,pending_card_payment,46
you accepts my card?,card_acceptance,11
"omg! i'm trying to load my card and it wont top up! i desperately need the money either on my card or in my bank, where is it?",pending_top_up,48
can you assist on apple watch top ups?,apple_pay_or_google_pay,3
explain why a card payment would be cancelled?,reverted_card_payment?,53
where is the transfer i started?,transfer_not_received_by_recipient,66
when can i expect a transfer from europe to go through?,transfer_timing,67
i did not receive my full withdrawal amount,wrong_amount_of_cash_received,75
"i just noticed that i supposedly made a payment to a seller a while back. the problem is, i don't recognize the seller. there must be a way to see who it is or track the payment. can you do that, because i don't remember this transaction?",direct_debit_payment_not_recognised,29
"i can't transfer any money from my account to my friend's account, it keeps rejecting it. can you tell me why? i have enough funds in my account to transfer.",failed_transfer,36
there was an extra charge when i made a transfer.,transfer_fee_charged,64
what steps do i take to receive another passcode?,passcode_forgotten,45
i have a direct debit i didn't set up,direct_debit_payment_not_recognised,29
i had a decline on my card. why?,declined_card_payment,26
i transferred some money but the recipient is having trouble withdrawing.,transfer_not_received_by_recipient,66
should i order a new card before i freeze my original one?,compromised_card,23
there is a cash withdrawal on my statement that i don't recognize,cash_withdrawal_not_recognised,21
the rate of exchange isn't right for my cash withdrawal.,wrong_exchange_rate_for_cash_withdrawal,76
can i get information on topping up?,top_up_by_card_charge,57
i have been trying to top up my account with a check but it won't work,top_up_by_cash_or_cheque,58
how long do you have to wait to see your virtual card your ordered?,getting_virtual_card,41
i noticed that the funds were returned to my bank account. what happened?,top_up_reverted,61
how old do i have to be?,age_limit,2
help please! my rent payment is coming out tomorrow and i made a payment mistake yesterday! can you put in in the correct account?,cancel_transfer,9
"how do i close my account, since i'm dissatisfied?",terminate_account,55
can i top-up via apple pay?,apple_pay_or_google_pay,3
i'm trying to use a cheque to top up,top_up_by_cash_or_cheque,58
how much would i be charged for a transfer?,top_up_by_bank_transfer_charge,56
i can't use top up on google pay.,apple_pay_or_google_pay,3
the exchange rate was incorrect for this item i bought.,card_payment_wrong_exchange_rate,18
"in the app, i see a withdrawal i didn't make.",cash_withdrawal_not_recognised,21
what types of currencies do you accept?,supported_cards_and_currencies,54
is there a way to get around fees,card_payment_fee_charged,16
why is it important to verify a top-up card?,verify_top_up,71
i need a transaction reversed from my account.,transaction_charged_twice,63
can i put my old card back into the system? i just found it,card_linking,14
can i exchange currencies?,fiat_currency_support,37
i was wondering how long does it take for a payment to go thru? it seems my last payment is stuck and hasn't moved.,pending_card_payment,46
are there any charges for receiving money?,top_up_by_bank_transfer_charge,56
i was mugged yesterday and they took everything. i can't access my app. what are my next steps?,lost_or_stolen_phone,43
do you accept exchanges to eur?,fiat_currency_support,37
can i receive my salary with this in another currency?,receiving_money,51
"my friend wants to send me money, can she?",receiving_money,51
is my account accessible even though my verification of my identity has not passed yet?,why_verify_identity,74
i'm trying to take money from my account but its not letting me. help!,declined_cash_withdrawal,27
i need to make my card pin a different number,change_pin,22
do you offer account's for minors?,age_limit,2
transfer isn't working?,failed_transfer,36
i think my account has been hacked there are charges on there i don't recognize.,compromised_card,23
do i have to go to an actual bank to change my pin?,change_pin,22
yesterday i topped up my card. why didn't it complete as it still pending?,pending_top_up,48
where do i go to get my new card linked?,card_linking,14
"my identity hasn't been verified and i can't edit my details, what's next",edit_personal_details,31
what is this witdrawal,cash_withdrawal_not_recognised,21
can i withdraw from any atm?,atm_support,4
can i get a refund?,request_refund,52
why isn't my id being verified?,unable_to_verify_identity,68
how do i activate my card to start using it?,activate_my_card,1
i need some help figuring out what this strange payment is on my account. it's stays pending and won't go away.,extra_charge_on_statement,35
how long does it take for a payment to change from pending?,pending_card_payment,46
do you have a limit to top ups?,top_up_limits,60
i used the atm machine to get money out for holiday shopping and saw the outrageous charges. why is that? i would not have used the atm if i had known!,wrong_exchange_rate_for_cash_withdrawal,76
i made a payment but it's still pending,pending_card_payment,46
i accidentally made a payment to a wrong account. what should i do?,cancel_transfer,9
why do i get a fee every time i transfer?,transfer_fee_charged,64
i'm tired of all the problems i've had. i want to quit this account!,terminate_account,55
2 weeks ago i ordered my new card. it isn't here. what should i do?,card_arrival,12
it seems that something went wrong with my exchange. i changed russian ruble into uk pounds but have been charged entirely too much!,card_payment_wrong_exchange_rate,18
"my top up hasn't gone through yet, why?",pending_top_up,48
how do i claim a refund?,request_refund,52
how come i was charged extra when i withdrew cash?,cash_withdrawal_charge,20
do you need to know my first and last name?,why_verify_identity,74
how much will i get with the exchange rate?,exchange_rate,33
is the pin separately delivered?,get_physical_card,39
i tried to make a payment with my card and it was declined. why is it pending?,pending_card_payment,46
where do i find the verification code for the card i'm topping up?,verify_top_up,71
"for the identity check, what kind of documents do i need to have?",verify_my_identity,69
i noticed after looking over my transactions that i have been charged twice from an earlier restaurant visit this week. is it possible that one of these can be removed so i get the money back for the one that is not accurate?,transaction_charged_twice,63
how much is it to send out additional cards?,getting_spare_card,40
is it possible to get a visa and mastercard from you?,visa_or_mastercard,73
why didn't my transfer to a beneficiary happen?,beneficiary_not_allowed,8
why has payment been returned?,reverted_card_payment?,53
i have transferred some money but the balance hasn't changed,balance_not_updated_after_bank_transfer,6
do you have any restrictions to my top-up?,top_up_limits,60
how do i verify my new card?,activate_my_card,1
what are the time frames for the money to be available in my account?,transfer_timing,67
how much is the charge to top up via credit card?,top_up_by_card_charge,57
how do i know when my card will expire?,card_about_to_expire,10
when will my cheque process?,balance_not_updated_after_cheque_or_cash_deposit,7
my virtual car is not working.,virtual_card_not_working,72
how do i top-up while traveling?,automatic_top_up,5
am i able to use my american express to add money to my account balance?,supported_cards_and_currencies,54
i am experiencing difficulty providing my identity.,unable_to_verify_identity,68
i was unable to transfer money from my account.,failed_transfer,36
can i get a throw away card,get_disposable_virtual_card,38
where can i go to update my personal profile?,edit_personal_details,31
are there any discounts in exchanging currencies frequently?,exchange_charge,32
what is the maximum times i can auto top-up?,automatic_top_up,5
i deposited a check but my balance is still the same.,balance_not_updated_after_cheque_or_cash_deposit,7
i have tried 5 times at this point to complete a transfer that's simply standard. what appears to be the problem? is your system messed up?,failed_transfer,36
why couldn't i get cash in the atm?,declined_cash_withdrawal,27
i can't make purchases with my virtual card.,virtual_card_not_working,72
when will my new card be delivered?,card_arrival,12
is there a specific date it can be delivered by?,card_delivery_estimate,13
do you know why my card payment was reverted?,reverted_card_payment?,53
what are the locations i can withdraw money,atm_support,4
"my money is gone. i had topped up recently and saw it was there and went through, but now it's disappeared, what is happening?",top_up_reverted,61
"the company is no good, please terminate my account.",terminate_account,55
i think i forgot my passcode,passcode_forgotten,45
can you please inform me of the restrictions for the disposable cards.,disposable_card_limits,30
when i topped up the app reverted it.,top_up_reverted,61
from where can i withdraw?,atm_support,4
there is a direct debit that looks suspicious.,direct_debit_payment_not_recognised,29
is auto top up a provided service?,automatic_top_up,5
why was my account assessed a fee for an atm transaction?,cash_withdrawal_charge,20
my card has been swallowed by an atm,card_swallowed,19
how to activate google pay for top up?,apple_pay_or_google_pay,3
i don't have my passcode to access the app.,passcode_forgotten,45
i was issued a new card a week ago but still haven't received it. how long will it be until i receive it?,card_arrival,12
i like mastercard better.,visa_or_mastercard,73
my top-up is taking a very long time to complete.,pending_top_up,48
"i tried using my card and it kept getting declined, why?",declined_card_payment,26
i added money but my top-up wasn't processed by the app.,top_up_failed,59
"my disposable virtual card was rejected by the merchant, please help?",virtual_card_not_working,72
i was charged and shouldn't have been charged when using my card!,card_payment_fee_charged,16
i need to get hold of a physical card?,order_physical_card,44
"i didn't get cash from an atm, but according to the app a transaction was made when i didn't make it.",cash_withdrawal_not_recognised,21
when i topped up the app has seemed to reverted it.,top_up_reverted,61
why am i being charge a fee when using an atm?,cash_withdrawal_charge,20
my card payment has been declined,declined_card_payment,26
do you support top ups?,top_up_reverted,61
tell me the currencies that you support.,fiat_currency_support,37
what does it mean if it says my card payment has been cancelled?,reverted_card_payment?,53
is there a specific source that the exchange rate for the transfer i'm planning on making is pulled from?,exchange_rate,33
i'm cancelling this charge. i still have not received what i bought from these people a while ago.,request_refund,52
is the top-up amount unlimited?,top_up_limits,60
do you support direct deposits from my employer?,receiving_money,51
why do we need to verify a top-up card?,verify_top_up,71
how do i enable auto-top up?,automatic_top_up,5
what about my children?,age_limit,2
"on my last trip, i received the incorrect exchange rate.",wrong_exchange_rate_for_cash_withdrawal,76
i tried pulling out money at the atm and it gave me an incorrect amount back.,wrong_amount_of_cash_received,75
i tried to do a transfer but it didn't go through.,failed_transfer,36
there are transactions that i don't recognize. what do i do if i think someone is using my card?,compromised_card,23
i bought the wrong size and would like a refund,request_refund,52
how long does it take for pending to go through,pending_transfer,49
how long will it be to get this new card?,card_arrival,12
can this app be used to exchange currencies?,exchange_via_app,34
when will my transfer arrive,transfer_not_received_by_recipient,66
why was i charged multiple times for the same thing?,transaction_charged_twice,63
how do i use my card to top up?,topping_up_by_card,62
i need urgent help. i realize i sent my payment to the wrong account number. i made a typo. please cancel the transfer immediately. i cannot do anything from the app.,cancel_transfer,9
help my activate my card.,activate_my_card,1
how do i go about transferring money into my bank account?,transfer_into_account,65
are refunds allowed for certain items.,request_refund,52
how can i get a refund for a purchase?,request_refund,52
"my salary is received in the form of gbp. is it necessary to configure this? if so, where is this done?",receiving_money,51
how much does it cost to top up by transfer?,top_up_by_bank_transfer_charge,56
are my friends able to add funds to my account?,topping_up_by_card,62
"there are a couple payments with my card shown in the app that i really didn't make myself. what's happenning with this, does someone has access to my card?!",card_payment_not_recognised,17
how long should it take for my top-up to finish? i've been waiting a while.,pending_top_up,48
i don't understand why i'm being charged for using my card.,card_payment_fee_charged,16
what are the steps that i need to take to activate a new card?,activate_my_card,1
i am having trouble to verify my identity,unable_to_verify_identity,68
"oh my goodness, my card has been declined twice at atm! i tried two different atm, but each one declined my card! can you tell me what's going on with my account?",declined_cash_withdrawal,27
i need help finding the verification code for my top-up card.,verify_top_up,71
i didn't take out money from an atm but my app statement shows that i did. how can i fix this?,cash_withdrawal_not_recognised,21
"transfer was declined, could not complete request.",declined_transfer,28
i don't remember my passcode?,passcode_forgotten,45
"my payment has been declined!! what's going on, i thought everything was alright and working well?",declined_card_payment,26
is it possible to use an atm when i am not in the country and make a withdraw with out extra fees?,wrong_exchange_rate_for_cash_withdrawal,76
stop the transaction,cancel_transfer,9
can i top up by card?,topping_up_by_card,62
there was an unexpected fee for my cash withdrawal!,cash_withdrawal_charge,20
how do i go about changing my pin?,change_pin,22
i want information about the source of funds.,verify_source_of_funds,70
my identity verification didn't work,unable_to_verify_identity,68
why is my last cheque deposit taking so long?,balance_not_updated_after_cheque_or_cash_deposit,7
can i possibly change my currency to another?,exchange_via_app,34
"someone is using my card to purchase flights to new york it's not me because i'm not going to new york, please can you cancel the card and refund the money?",cash_withdrawal_not_recognised,21
how many different currencies can i have my money in?,fiat_currency_support,37
someone hacked into my cards account.,compromised_card,23
will you please help me get my card back?,card_swallowed,19
"i need support options, i want to top my card",supported_cards_and_currencies,54
what do i need to do to verify the source of my funds?,verify_source_of_funds,70
can i top-up as much as i want?,top_up_limits,60
it is impossible to verify my identity,unable_to_verify_identity,68
why is allowance not being given to my beneficiary?,beneficiary_not_allowed,8
is there a way for me to check my balance?,verify_source_of_funds,70
i found the exchange rate for my cash withdrawal is wrong,wrong_exchange_rate_for_cash_withdrawal,76
could you send me and up date on the arrival of my card?,card_arrival,12
why does it still charge me even though i was unable to withdraw money from the atm?,pending_cash_withdrawal,47
what if i need to use gbp instead of usd?,exchange_via_app,34
"i just saw the exchange rate you use, but it's so bad that i can't believe that it's the official interbank exchange rate! is this truly the official interbank exchange rate?",card_payment_wrong_exchange_rate,18
i need my purchase cancelled.,request_refund,52
how do i get my card into the app?,card_linking,14
can i use swift transfers?,top_up_by_bank_transfer_charge,56
how long does a payment show as pending before i should worry about it?,pending_card_payment,46
how do i modify my details?,edit_personal_details,31
i have money in a foreign account that i want to send to this account.,transfer_into_account,65
can i top up using cash?,top_up_by_cash_or_cheque,58
how do i go forth on transferring a sum of money from one account to another?,transfer_into_account,65
i am yet to receive the money in my account how long will this take?,transfer_timing,67
why doesn't my balance reflect my transfer,balance_not_updated_after_bank_transfer,6
can i use my card at an atm?,atm_support,4
my statement doesn't show that a refund has processed,Refund_not_showing_up,0
"i think a card payment i made was cancelled, can you check?",reverted_card_payment?,53
payments from my disposable virtual card don't work,virtual_card_not_working,72
is there a fee for transferring money,transfer_fee_charged,64
there is an odd 1 charge that appears as pending on my statement. what's the reason for that? i haven't purchased anything for a pound.,extra_charge_on_statement,35
"i need to set up an account for my daughter, how would i do that?",age_limit,2
the application reverted my top-up.,top_up_reverted,61
tell me why i was charged more with my card?,card_payment_fee_charged,16
the transfer i made isn't reflected in my balance,balance_not_updated_after_bank_transfer,6
why did i get a transfer declined?,declined_transfer,28
"would you please unblock my pin? i don't know why, but it's blocked.",pin_blocked,50
how long do transfer pend for?,pending_transfer,49
i found my lost card in my jacket pocket this morning so i'd like to reactivate it please.,card_linking,14
where do i order additional cards?,getting_spare_card,40
"you keep declining my transfers? it's always been working really well so far, but when i tried to buy something just now the card got declined. i tried couple times already but same thing.",declined_transfer,28
how do i cancel a transaction?,cancel_transfer,9
"hi, i am disappointed to see such a bad exchange rate and hope you can assist me. would you be able to confirm the official interbank exchange rate for me?",card_payment_wrong_exchange_rate,18
"i put money in my account a week ago but its still not there, what is happening?",balance_not_updated_after_cheque_or_cash_deposit,7
do you provide cards to people not in the uk?,country_support,25
top-up is loaded into the card and no update.,pending_top_up,48
why wasn't a transfer to account approved,beneficiary_not_allowed,8
why do you need me to do an identity check?,why_verify_identity,74
how to unblock my pin?,pin_blocked,50
cancel my last transfer,cancel_transfer,9
is the identity check part of bank policy?,why_verify_identity,74
what businesses accept my card?,card_acceptance,11
i don't know what's going on but all of my transfers keep getting declined. i have checked over the recipient details twice. these details are all correct.,declined_transfer,28
can i receive payments in another currency?,receiving_money,51
help me! i lost my card. what should i do?,lost_or_stolen_card,42
i want a mastercard,visa_or_mastercard,73
what id do i need to verify my identity?,verify_my_identity,69
i didn't withdraw cash but i see that transaction on my app,cash_withdrawal_not_recognised,21
is there a charge for exchanging foreign currency?,exchange_charge,32
i have transfered to my account before but it is being declined now?,declined_transfer,28
i need to cancel my recent transfer quickly since i made a mistake. please help before it goes through.,cancel_transfer,9
how do i use the app to exchange currencies?,exchange_via_app,34
i want to do a cash deposit to top up. how do i do this?,top_up_by_cash_or_cheque,58
a transfer to my account was denied.,beneficiary_not_allowed,8
"do i have to top up in euros if i use a card, or can i use a different currency?",supported_cards_and_currencies,54
i need to dispute a direct debit.,direct_debit_payment_not_recognised,29
where are the atms that i can use mastercard?,atm_support,4
i made a cash withdrawal and it is still listed as a pending transaction.,pending_cash_withdrawal,47
my card is almost going to expire.,card_about_to_expire,10
seems like my top-up has failed,top_up_failed,59
how do you check my identity?,verify_my_identity,69
whats the max i can top up,top_up_limits,60
how would i be able to make changes to my personal details?,edit_personal_details,31
where is my last money transaction,transfer_not_received_by_recipient,66
i refuse to verify my identity.,why_verify_identity,74
how much is it to buy another card? i was hoping to buy another one.,getting_spare_card,40
are there any country restrictions?,country_support,25
i've just got married and want to change my name.,edit_personal_details,31
my card was rejected,declined_card_payment,26
i cannot withdraw money from the atm,declined_cash_withdrawal,27
when i got cash the exchange rate was wrong,wrong_exchange_rate_for_cash_withdrawal,76
"there seems to be an additional charge of 1 on my statement, what is the reason for this?",extra_charge_on_statement,35
"hi, i was at a restaurant later the week and when i went to look at my account i noticed that i got charged twice. i would like to get my money back from one of those transactions.",transaction_charged_twice,63
i need to transfer funds from china and quick expedition is crucial. approximately how long does it take for a transfer from china to go through?,transfer_timing,67
why does the top-up need verification?,verify_top_up,71
what currencies do you accept to add money?,supported_cards_and_currencies,54
"how long does it take to activate the card, as it does not look like its working?",activate_my_card,1
limits on top ups,top_up_limits,60
what are the exchange rates for foreign currency atms,wrong_exchange_rate_for_cash_withdrawal,76
what do i do if my card was stolen.,lost_or_stolen_card,42
my card did not go through in a shop,declined_card_payment,26
how can i top up using google pay?,apple_pay_or_google_pay,3
"i didn't mean to do the transfer, is there any way to cancel it?",cancel_transfer,9
my bag got stolen with all my cards. can you please cancel my card and send a new one?,lost_or_stolen_card,42
do i need to verify my identity?,why_verify_identity,74
i want to use my card. how do i activate it?,activate_my_card,1
are there any charges for european bank card for top up?,top_up_by_card_charge,57
why couldn't i transfer to a beneficiairy?,beneficiary_not_allowed,8
the account transfer i was trying to do failed.,beneficiary_not_allowed,8
i use gbp for my salary deposits. must i set this up somewhere?,receiving_money,51
why wasn't my card payment accepted?,declined_card_payment,26
i'm not sure why my top up request was denied,top_up_failed,59
"i need your help to get a refund for an item i just bought, can you cancel the payment since what i bought hasn't arrived yet.",request_refund,52
what currencies are used in your exchange?,fiat_currency_support,37
how can my new card be renewed?,activate_my_card,1
need to know if there is a maximum i can top up,top_up_limits,60
how do i replace a stolen card?,lost_or_stolen_card,42
where is the money that i transferred.,balance_not_updated_after_bank_transfer,6
my card payment has the wrong exchange rate,card_payment_wrong_exchange_rate,18
the atm didnt let me get cash,declined_cash_withdrawal,27
who charged me a fee for paying by card?,card_payment_fee_charged,16
can i change my pin at a cash machine?,change_pin,22
"app malfunctioning, does not know its me",unable_to_verify_identity,68
for what reason can i not transfer money to a beneficiary?,beneficiary_not_allowed,8
i'm panicking! i lost my card! help!,lost_or_stolen_card,42
my app shows a direct debit that isn't mine.,direct_debit_payment_not_recognised,29
should i expect to be charged for topping up by transfer?,top_up_by_bank_transfer_charge,56
how simple is it to transfer money into my account?,transfer_into_account,65
i tried to buy something over the internet yesterday and got a declined error. i tried again today and got the same message. what is the issue?,declined_transfer,28
"i need to get a card, how do i do that?",order_physical_card,44
my card was taken from me,lost_or_stolen_card,42
i tried to withdraw 100 but only got 20. what happened?,wrong_amount_of_cash_received,75
help me link my card,card_linking,14
"i received my new card, how is it activated?",activate_my_card,1
"i travel a lot, can i get a bulk currency exchange discount?",exchange_charge,32
i can't do any business with this virtual card.,virtual_card_not_working,72
my app shows a payment i didn't make,card_payment_not_recognised,17
what is this fee showing up in my account for?,card_payment_fee_charged,16
is there a disposable virtual card option?,get_disposable_virtual_card,38
i believe my card payment exchange rate is incorrect.,card_payment_wrong_exchange_rate,18
"there are a few transaction that i don't recognize, i think someone managed to get my card details and use it.",compromised_card,23
i payed with a card and was charged an extra fee,card_payment_fee_charged,16
why am i being charged to make cash withdrawals? i thought they were supposed to be free!,cash_withdrawal_charge,20
there are a couple of payments with my card shown in the app that i really didn't make myself. why is it happened?,card_payment_not_recognised,17
how come i can't find my payment?,reverted_card_payment?,53
i used my card and there was a fee,card_payment_fee_charged,16
i need to stop a transaction that i made.,cancel_transfer,9
the app can't verify my information for identity proofing purposes.,unable_to_verify_identity,68
how do i perform identity checks?,verify_my_identity,69
how many years old do i have to be?,age_limit,2
i needed 100 but all it gave me was 20.,wrong_amount_of_cash_received,75
what do i do if i can't get my card out of the atm?,card_swallowed,19
what happened to my top-up? i think it was cancelled.,top_up_reverted,61
"i was out today looking forward to paying with my brand new card, turns out the payment just kept getting declined. this is pretty sad, what's going on?",declined_card_payment,26
i have a payment that shows twice,transaction_charged_twice,63
are cheques accepted to my account? mine didn't seem to work.,balance_not_updated_after_cheque_or_cash_deposit,7
please provide me a list of atms that accept my card.,atm_support,4
someone might have access to my card! there are some strange payments showing up on my account. what do i do?,card_payment_not_recognised,17
"when i withdrew money from my account the other day, i noticed that there was a fee. i didn't think that there were any fees for withdrawals...? how much will i be charged?",cash_withdrawal_charge,20
what is the significance of verifying the top-up?,verify_top_up,71
my id won't be verified!,unable_to_verify_identity,68
my card broke.,card_not_working,15
someone might be using my card. what should i do?,compromised_card,23
"hi, i don't know what's going on i've just paid for my top up twice by accident can you help me get a refund please.",top_up_reverted,61
why did the cash deposit not show up in my account?,balance_not_updated_after_cheque_or_cash_deposit,7
please tell me why i would have to pay a fee for a recent payment. thanks.,card_payment_fee_charged,16
is there an additional charge for topping up using a european card?,top_up_by_card_charge,57
is exchanging currencies one of your app services?,exchange_via_app,34
is my country's currency supported by your system?,fiat_currency_support,37
my cash in the atm is still pending,pending_cash_withdrawal,47
what are the fiat currencies used?,fiat_currency_support,37
i must make several disposable cards every day.,disposable_card_limits,30
how do i deactivate a stolen card?,lost_or_stolen_card,42
what's the procedure with currency exchange?,exchange_via_app,34
the app has rejected my top up.,top_up_failed,59
how can i dispute a direct debit charge on my account?,direct_debit_payment_not_recognised,29
i went to top up and it is no longer there. was it sent back?,top_up_reverted,61
need help to get my card to work.,card_not_working,15
i purchased something overseas and the incorrect exchange rate was applied.,card_payment_wrong_exchange_rate,18
"i have the funds, why can i not use my top-up?",top_up_failed,59
reason for my card to decline,declined_card_payment,26
i need to know what flat currencies you support for holding and exchange.,fiat_currency_support,37
i need to know the cost and when i will receive a new card to replace an old one.,card_about_to_expire,10
i need a virtual card,getting_virtual_card,41
i need to change my pin but i am on the road.,change_pin,22
is a swift transfer okay?,top_up_by_bank_transfer_charge,56
is there a way to do automatic top up,automatic_top_up,5
which outlets accept my card?,card_acceptance,11
the refund doesn't show in my account,Refund_not_showing_up,0
"hello, there seems to be a billing mistake associated with my account. my app was charged 1 more than it should have. could you please explain why this may have happened?",extra_charge_on_statement,35
"lost card found, want to put it back in app",card_linking,14
"i have a cash withdrawal that says it's pending, why?",pending_cash_withdrawal,47
my transfer hasn't gone through yet.,pending_transfer,49
"when i got cash, the exchange rate applied was wrong.",wrong_exchange_rate_for_cash_withdrawal,76
why would a card payment be declined?,declined_card_payment,26
hello. can you tell me if you use visa or mastercard?,visa_or_mastercard,73
what stores can i sue my card?,card_acceptance,11
do i have to verify my identity?,why_verify_identity,74
my top-up was just cancelled.,top_up_reverted,61
how do i link my card,card_linking,14
how do your exchange rates factor in?,exchange_rate,33
why won't my card work anymore?,card_not_working,15
there is a payment done with my card which i definitely did not do.never seen that name before.,card_payment_not_recognised,17
my money didnt go through after i transferred.,beneficiary_not_allowed,8
is it possible to top-up with google pay.,apple_pay_or_google_pay,3
why couldn't i transfer funds to my beneficiary?,beneficiary_not_allowed,8
can i auto-top up? how do i do it?,automatic_top_up,5
will you be able to activate my card,activate_my_card,1
where do i go to change my account details?,edit_personal_details,31
where is a atm that accepts mastercard?,atm_support,4
i do not recongize a payment in my account.,card_payment_not_recognised,17
i did a cash deposit to my account but it doesn't show up,balance_not_updated_after_cheque_or_cash_deposit,7
how long do card transactions take to clear?,pending_card_payment,46
i have exceeded all my pin tries,pin_blocked,50
which countries do you operate in,country_support,25
will there be a fee to receive a physical card?,order_physical_card,44
i took out money from the atm and it's still showing as pending?,pending_cash_withdrawal,47
it appears that i am being double charged for some items that i have purchased this past week. please review and correct.,transaction_charged_twice,63
why am i seeing a direct debit thats not mine?,direct_debit_payment_not_recognised,29
"i double checked that i have the correct account details , they're right for sure. transfer is still pending since forever. what should be done now?",pending_transfer,49
is there a way to reset the passcode?,passcode_forgotten,45
i don't live in the uk. can i still get a card?,country_support,25
my card won't physically work.,card_not_working,15
when i try and to buy something using my card it keeps getting declined.,declined_transfer,28
where can i use my card to pay?,card_acceptance,11
i would like to be assisted with the activation of my card.,activate_my_card,1
which documents do i need for this identity check?,verify_my_identity,69
my credit card did not go through. can you see if it has insufficient funds?,top_up_failed,59
can you help me retrieve my card?,lost_or_stolen_card,42
how do i verify the top-up?,verify_top_up,71
"a wd was just made on my account, but it was not me and i still have my card. what to do?",cash_withdrawal_not_recognised,21
why is it i am charged an extra fee when i use the atm?,cash_withdrawal_charge,20
"lost phone, can i still access account?",lost_or_stolen_phone,43
i can't seem to make a standard bank transfer. i have tried at least five times already but none of them are going through. please tell me what is wrong?,failed_transfer,36
what do i have to do to activate my card?,activate_my_card,1
seems like my card payment has been cancelled,reverted_card_payment?,53
the atm machine stole my card.,card_swallowed,19
what if i need my salary in another currency?,receiving_money,51
can i track the card you sent to me?,card_arrival,12
how do i get started when i get my card?,get_physical_card,39
my payment was stopped,reverted_card_payment?,53
my top up is not working in apple pay.,apple_pay_or_google_pay,3
will i be charged for a top off transfer?,top_up_by_bank_transfer_charge,56
why is my app showing me taking money that i did not take out?,cash_withdrawal_not_recognised,21
what is needed for the identity verification?,verify_my_identity,69
i would like to change my personal details.,edit_personal_details,31
what are age requirements for opening an account?,age_limit,2
my google pay top up isn't working.,apple_pay_or_google_pay,3
please cancel the transaction,cancel_transfer,9
are my friends able to top up my account?,topping_up_by_card,62
is there a problem with receiving my salary in gbp?,receiving_money,51
where is my money that i transfered?!,balance_not_updated_after_bank_transfer,6
why is there a charge on my account for taking out cash?,cash_withdrawal_charge,20
can i have my account add money automatically in certain intervals?,automatic_top_up,5
what is stopping my money from transferring?,failed_transfer,36
my account isn't showing the refund,Refund_not_showing_up,0
"my netflix subscription says that there is an issue with my card information, but i thought everything was fine. why would it be declined?",card_not_working,15
what do i do if my google pay top up isn't working?,apple_pay_or_google_pay,3
i'm being asked for a verification code. where do i find it?,verify_top_up,71
i made a transfer and was charged extra. why?,transfer_fee_charged,64
i lost my phone and need help so someone doesn't access my account.,lost_or_stolen_phone,43
i need to update my personal details,edit_personal_details,31
i think there's a purchase at a store that i didn't go to.,card_payment_not_recognised,17
is there a way to track the new card you sent me?,card_arrival,12
how much does it cost to add money to my card,top_up_by_card_charge,57
what is this extra fee while i was doing a transfer?,transfer_fee_charged,64
i have an unauthorized direct debit on my account,direct_debit_payment_not_recognised,29
what do i need to do in order to use my card i just got?,activate_my_card,1
"need a new card, mine is expiring.",card_about_to_expire,10
i want to deposit my check to top up my account,top_up_by_cash_or_cheque,58
explain the extra atm fees.,cash_withdrawal_charge,20
i have yet to receive the cash i added to my account this morning.,balance_not_updated_after_cheque_or_cash_deposit,7
i have a pending payment in my account that i paid a while back ago and it still hasnt gone through. why would it show pending for so long?,pending_card_payment,46
"i got mugged yesterday and they took everything. i can't use the app, so i need some help.",lost_or_stolen_phone,43
can i stop a transaction?,cancel_transfer,9
the amount of cash i received did not match the amount i requested,wrong_amount_of_cash_received,75
how can i make my contactless work for the metro?,contactless_not_working,24
how can i change my tholepin ?,change_pin,22
i cannot make a transfer to another account.,beneficiary_not_allowed,8
why hasn't a transaction i did to my friend arrived yet?,transfer_not_received_by_recipient,66
how can i fix my contactless?,contactless_not_working,24
can i top up using my apple watch?,apple_pay_or_google_pay,3
is there a transaction limit on a disposable card?,disposable_card_limits,30
what is the delivery time for us?,card_delivery_estimate,13
why was my card declined in a shop?,declined_card_payment,26
there's a refund missing from my statement,Refund_not_showing_up,0
please tell me about swift transfers at this bank.,top_up_by_bank_transfer_charge,56
"i was charged for a cash withdrawal, why?",cash_withdrawal_charge,20
what is this 1 charge on my account?,extra_charge_on_statement,35
how will i receive my pin?,get_physical_card,39
what is the basis of your exchange rates?,exchange_rate,33
can you explain the disposable cards to me?,get_disposable_virtual_card,38
is it possible to change my pin?,change_pin,22
which credit or debit cards can i use to top up?,supported_cards_and_currencies,54
they said i would get a refund but i don't see it on my statement.,Refund_not_showing_up,0
can i get cash with this card anywhere?,atm_support,4
my disposable virtual card will not work,virtual_card_not_working,72
give me a refund,request_refund,52
can i link another card to my account?,card_linking,14
i noticed that there was an extra charge fee on my account. could you explain to me why?,transfer_fee_charged,64
can you tell me where my readily available cash has come from?,verify_source_of_funds,70
"i attempted a transfer, but it failed.",failed_transfer,36
my app says i withdraw money from my account from an atm.,cash_withdrawal_not_recognised,21
top up is not working even though i have my amex in apple pay.,apple_pay_or_google_pay,3
how can i verify my top up?,verify_top_up,71
i have a card payment that has been pending for some time and would like to know when it is going to go through.,pending_card_payment,46
please advise what is the exchange rate,exchange_rate,33
my wallet doesn't show my recent top up.,topping_up_by_card,62
"the transactions showing up are strange, i think my card was used without me knowing.",compromised_card,23
can it add money automatically while travelling,automatic_top_up,5
is there any reason my cash withdrawal still shows as pending?,pending_cash_withdrawal,47
an atm machine didn't give me back my card.,card_swallowed,19
are there a certain amount of transactions i can do with one disposable card?,disposable_card_limits,30
i have paid money into my account but it doesn't show.,balance_not_updated_after_cheque_or_cash_deposit,7
why can't i see my top up?,topping_up_by_card,62
how can i top up my card with another card?,supported_cards_and_currencies,54
my card payment is being declined and i've tried several times.,declined_card_payment,26
can i top up my account with google pay?,apple_pay_or_google_pay,3
i have a new phone number and need to edit my contact information.,edit_personal_details,31
what's going on with my balance? shouldn't it be a bit higher since i deposited a cheque a day ago?,balance_not_updated_after_cheque_or_cash_deposit,7
how do i top up with cash?,top_up_by_cash_or_cheque,58
is my card activated?,activate_my_card,1
what is the first step that i should take after my card has been stolen?,lost_or_stolen_card,42
can you help me get rid of my account?,terminate_account,55
why was i charged a fee to transfer,transfer_fee_charged,64
why hasn't my top up gone through yet,pending_top_up,48
what currencies and cards do you support?,supported_cards_and_currencies,54
can i auto top if i'm low on funds?,automatic_top_up,5
i did not receive the right amount of cash.,wrong_amount_of_cash_received,75
why is verifaction required for my identity?,why_verify_identity,74
card payment declined?,declined_card_payment,26
"i want a refund, but i haven't received the item yet. can i cancel it and get my funds back? how do i do that.",request_refund,52
where can i check to see where the money in my account came from?,verify_source_of_funds,70
what are the reasons why a card payment would be declined?,declined_card_payment,26
how do i get my card?,order_physical_card,44
"my card is going to expire, what do i do?",card_about_to_expire,10
help! my card isn't working at the atm and i know i used the right pin. trying to get my money.,declined_cash_withdrawal,27
i am not sure but someone else might be using my card,compromised_card,23
what is the auto top-up limit?,automatic_top_up,5
i still haven't received my card in the mail,card_arrival,12
i am not happy with your service and request that my account be terminated!,terminate_account,55
it looks like i was charged a withdrawal fee for going to my atm. why is that because i haven't been charged previously for doing so?,cash_withdrawal_charge,20
my last name has changed and i need to update my account details.,edit_personal_details,31
how many active transactions can i make with a disposable card?,disposable_card_limits,30
how can i replace an expired card?,card_about_to_expire,10
"lost phone, dont want others to access account",lost_or_stolen_phone,43
please tell me how to change my pin.,change_pin,22
my atm cash out is still pending,pending_cash_withdrawal,47
"how can i close my account, i don't want it.",terminate_account,55
i can't find the card pin.,get_physical_card,39
can you elaborate on why i have an extra charge just for transferring?,transfer_fee_charged,64
can i freeze my card right now?,compromised_card,23
how long til my cash out goes through?,pending_cash_withdrawal,47
why hasn't my account updated?,balance_not_updated_after_cheque_or_cash_deposit,7
do you have a list of the cards and currencies supported?,supported_cards_and_currencies,54
how can i tell where the money came from?,verify_source_of_funds,70
i was mistakenly charged a fee for using my card.,card_payment_fee_charged,16
why was i charged a fee when i withdrew money?,cash_withdrawal_charge,20
how do i set up auto top-up?,automatic_top_up,5
i hope to get a visa card,visa_or_mastercard,73
what is the reason my top-up is still pending?,pending_top_up,48
how long does it take for a money transfer to show?,pending_transfer,49
what is limit of disposable cards i can make per day?,disposable_card_limits,30
are the delivery days flexible? my schedule only allows me to be a available on specific dates.,card_delivery_estimate,13
i think my top up did not work,top_up_failed,59
"hello- it is urgent i get a refund on this product. the merchant has not been helpful, what can i do now to get this resolved asap?",request_refund,52
which countries do you work with?,country_support,25
"i sent a cheque to you a few days ago and the deposit has yet to appear in my account. i need this money, what is the problem?",balance_not_updated_after_cheque_or_cash_deposit,7
i would like to create a disposable virtual card. how do i go about doing that?,get_disposable_virtual_card,38
are there any places that won't take my card?,card_acceptance,11
what is the time frame that transfers normally take from a uk account? i just completed a transfer and nothing shows up. i need to know if everything is alright.,balance_not_updated_after_bank_transfer,6
my top-up is still pending,pending_top_up,48
top up with credit card,topping_up_by_card,62
i think there was an error in your exchange rate.,card_payment_wrong_exchange_rate,18
how to receive transfers from my employer when i get paid in gbp?,receiving_money,51
how do i create a disposable virtual card?,get_disposable_virtual_card,38
"hello, i have recently made a purchase and have decided to cancel my purchase. is there any way that you can cancel that transaction for me so i can get the money back? it's very important.",request_refund,52
where can i check out the source of available funds in my account?,verify_source_of_funds,70
what countries can i travel to and have access to their currencies?,fiat_currency_support,37
how much is a physical card?,order_physical_card,44
someone stole my card!,lost_or_stolen_card,42
i couldn't complete card activation.,activate_my_card,1
why would you decline my card?,declined_card_payment,26
i didn't initiate a direct debit that i see on my account,direct_debit_payment_not_recognised,29
"would you please check my card. as withdrawal was working fine so far, but this morning suddenly got declined. can you please check the problem?",declined_cash_withdrawal,27
my card payment didn't work,declined_card_payment,26
why have i been charged a fee for card payment?,card_payment_fee_charged,16
why are my payments showing pending?,pending_card_payment,46
what is the refund policy?,request_refund,52
what does it mean by pending payment?,pending_card_payment,46
i was charged an extra pound.,extra_charge_on_statement,35
i think the rate that was applied to my purchase using foreign currency is wrong. help!,card_payment_wrong_exchange_rate,18
i had a payment reverted and would like to figure out why.,reverted_card_payment?,53
why would there be a payment on my account i don't recognize?,card_payment_not_recognised,17
there is a fee on my account. why?,card_payment_fee_charged,16
how do i order a card?,order_physical_card,44
what cards and currencies are accepted?,supported_cards_and_currencies,54
what was i charged a fee for card payment?,card_payment_fee_charged,16
what are the countries you operate in.,country_support,25
how come when i asked for 100 it only gave me 20.00 in the app,wrong_amount_of_cash_received,75
why did i not get my refund yet?,Refund_not_showing_up,0
i tried to withdraw money but i was declined!,declined_cash_withdrawal,27
there's a 200 withdrawal on my statement that seems fishy to me.,cash_withdrawal_not_recognised,21
what is the way to go about getting a virtual card?,getting_virtual_card,41
can i exchange and hold all fiat currencies?,fiat_currency_support,37
is there an automatic top up feature?,automatic_top_up,5
how come there is an extra fee on my statement?,extra_charge_on_statement,35
"i received my virtual card information, but was unable to use it to make a purchase. why did this happen and what can i do?",virtual_card_not_working,72
there are duplicate transactions on my account,transaction_charged_twice,63
someone is using my account to do online shopping! please freeze it asap,compromised_card,23
my card was denied at an atm earlier today but the transaction is pending. please cancel it as i did not receive my money.,pending_cash_withdrawal,47
there was an extra fee when i paid with the card.,card_payment_fee_charged,16
"i would like open a second card for my daughter, how can you assist me?",getting_spare_card,40
there is a cash withdrawl i don't remember.,cash_withdrawal_not_recognised,21
can you please tell me why my cash withdrawal is still pending?,pending_cash_withdrawal,47
does it cost to top up my card?,top_up_by_card_charge,57
is it possible to top up using a cheque?,top_up_by_cash_or_cheque,58
"my money is gone  i had topped up recently and saw it was there and went through, but now it's disappeared, what's going on?",top_up_reverted,61
"i can't remember my app code, can you reset it?",passcode_forgotten,45
what would i be charged in receiving a sepa transfer?,top_up_by_bank_transfer_charge,56
why hasn't a transaction to a friend cleared yet?,transfer_not_received_by_recipient,66
what should i do if my card payment was cancelled?,reverted_card_payment?,53
can i be charged for topping up by card,top_up_by_card_charge,57
i didn't buy this twice,transaction_charged_twice,63
how can i change my information?,edit_personal_details,31
the day before yesterday i transferred funds to another account within the country. the funds have not yet arrived. i double and triple checked the account number and it was correct. why hasn't the transfer been completed yet?,transfer_not_received_by_recipient,66
i can't input my pin again.,pin_blocked,50
where in the app do i go to verify my identity?,verify_my_identity,69
what other credit cards can i use?,supported_cards_and_currencies,54
do i have a 1 extra fee on the statement?,extra_charge_on_statement,35
the wait for this transfer seems to be taking a very long time. it is very important that it goes through quickly. can you please tell me how long it may take?,pending_transfer,49
where can i do a cash withdrawal?,atm_support,4
"if i will be traveling, is there a way to auto top-up my card on certain days?",automatic_top_up,5
the exchange rate for my payment last saturday must be wrong because i was charged extra.,card_payment_wrong_exchange_rate,18
my last atm request did not go through due to a declined card. please cancel the request on my account.,pending_cash_withdrawal,47
does the exchange rate change?,exchange_rate,33
what can i pay with? does cash work?,top_up_by_cash_or_cheque,58
hello i changed my mind and really need a refund on something i bought recently. can you please cancel the transaction and get me my money back. please it's urgent.,request_refund,52
i deposited cash but it isn't showing up in my account,balance_not_updated_after_cheque_or_cash_deposit,7
i topped up but the app denied it,top_up_failed,59
i need urgent help. i realize i sent my payment to the wrong account number. i made a typo. please cancel the transfer now. there isn't an option from the app.,cancel_transfer,9
why does is payment not going through? did my account get frozen or some other issue i don't know about. what can i do to fix this problem?,declined_card_payment,26
my balance doesn't include my latest transfer,balance_not_updated_after_bank_transfer,6
please help my transfer go through,failed_transfer,36
why did my money disappear when i topped up??,top_up_reverted,61
i need to modify my details.,edit_personal_details,31
are there specific atm's i can use with this card?,atm_support,4
what do you use to figure out the exchange rate for the card?,exchange_rate,33
"i lost my card, what do i do now?",lost_or_stolen_card,42
"when i got my cash, the amount was not what it should have been, based on the exchange rate.",wrong_exchange_rate_for_cash_withdrawal,76
what do i do to activate?,activate_my_card,1
my rate is not right when i used my card in a different country's money.,wrong_exchange_rate_for_cash_withdrawal,76
"my pin seems to be blocked, help me access it?",pin_blocked,50
what is the first step i need to make for being able to access my account?,why_verify_identity,74
i have been trying to exchange this for crypto but the app won't work could you please help me?,beneficiary_not_allowed,8
i was trying to purchase some crypto and the app won't allow me to do it. what's the deal with this? i really wanted to complete the exchange.,beneficiary_not_allowed,8
why has my withdrawal not posted?,pending_cash_withdrawal,47
what type of id do you accept?,verify_my_identity,69
should i uninstall the app before i try it again?,contactless_not_working,24
how long until a cash withdrawal will show on my account,pending_cash_withdrawal,47
i have a duplicate charge,transaction_charged_twice,63
where do i pay with my debit or credit card?,card_acceptance,11
"i only received 20, but i requested 100.",wrong_amount_of_cash_received,75
"i hate this atm, it charged me an extra fee, why did it charge?",cash_withdrawal_charge,20
the app doesn't believe that i am me,unable_to_verify_identity,68
why is my atm cash withdrawal showing up as a pending transaction?,pending_cash_withdrawal,47
am i allowed to use any card to make a payment?,visa_or_mastercard,73
who can request disposable cards?,disposable_card_limits,30
how long will it take to deliver something to us?,card_delivery_estimate,13
can you tell me which cards and currencies are supported?,supported_cards_and_currencies,54
what i topped up was reverted by the app.,top_up_reverted,61
has my top-up gone through?,top_up_reverted,61
where are my funds coming from? i need to know.,verify_source_of_funds,70
"i know i entered the right info, but my top up isn't in my balance",topping_up_by_card,62
how do i use auto top up?,automatic_top_up,5
what things do i need to verify my identity?,verify_my_identity,69
are there specific atm's that i can draw money from?,atm_support,4
i don't remember my password,passcode_forgotten,45
who can put money in my account?,verify_source_of_funds,70
do you know the reason why my card payment was declined?,declined_card_payment,26
where can i get a disposable virtual card?,get_disposable_virtual_card,38
can i purchase with cash or cheque?,top_up_by_cash_or_cheque,58
"i made a payment with my card and was charged a fee, why would you do that",card_payment_fee_charged,16
what is the fee if i use a european bank for a top up?,top_up_by_card_charge,57
what exchange rates do you offer?,exchange_rate,33
why is my transfer stuck on pending?,pending_transfer,49
why wasn't my top-up accepted and where did that money go? at first it said it was confirmed but now i can't find it.,top_up_reverted,61
why did i get charged when getting cash?,cash_withdrawal_charge,20
how can i make my card ready to use?,activate_my_card,1
i want to shut down my account as soon as possible.,terminate_account,55
how do i replace my card before it expires next month?,card_about_to_expire,10
are there ways to transfer money into my account?,transfer_into_account,65
why isn't a refund showing on my statement?,Refund_not_showing_up,0
i was charged on my account that shouldn't be there.,direct_debit_payment_not_recognised,29
i use this card all the time so why did it get declined at the store today?,declined_card_payment,26
how to modify my details.,edit_personal_details,31
is american express supported for adding money into my account?,supported_cards_and_currencies,54
is it possible to top up with google pay?,apple_pay_or_google_pay,3
my card couldn't pay in a shop.,declined_card_payment,26
tell me what atms allow me to change my pin.,change_pin,22
i believe my card has been compromised as there's a cash withdrawal i don't recognize.,cash_withdrawal_not_recognised,21
how to exchange currencies,exchange_via_app,34
it declined my transfer.,declined_transfer,28
i am having a huge problem with my card being declined and it's really important that i top-up today. would you please look into this further and let me know how i can get this fixed?,top_up_failed,59
this place has been too much work so i'd just like to close out my account  be done.,terminate_account,55
why did i have to pay an additional amount when using my card to pay?,card_payment_fee_charged,16
which foreign currencies do you accept for adding money?,supported_cards_and_currencies,54
i had to pay in order to do a transfer,transfer_fee_charged,64
is the 1 pound charge going to be reimbursed on my card?,extra_charge_on_statement,35
my top-up was reverted by the app.,top_up_reverted,61
why isn't my balance updating? i did a bank transfer and it isn't current.,balance_not_updated_after_bank_transfer,6
can i get more cards just incase?,getting_spare_card,40
would you give me a mastercard and visa?,visa_or_mastercard,73
why can't my beneficiary access my account?,beneficiary_not_allowed,8
i would like to reactivate a card and wondered if that could be done?,card_linking,14
can i have it add money at certain time intervals when i travel?,automatic_top_up,5
where did my money go? i'm not able to withdraw it from my atm.,declined_cash_withdrawal,27
can you send me more cards for my account?,getting_spare_card,40
can you do exchanges of eur?,fiat_currency_support,37
i have been charged a fee for getting cash,cash_withdrawal_charge,20
how old do kids have to be to open an account?,age_limit,2
i just got a new card how do i get it to start working?,activate_my_card,1
my disposable virtual card wouldn't process my payment?,virtual_card_not_working,72
can someone assist me with the details explaining which fiat currencies that you support?,fiat_currency_support,37
are money transfers free?,transfer_fee_charged,64
will you be able to exchange to eur?,fiat_currency_support,37
where do i go to edit my personal details on my account?,edit_personal_details,31
can i put my found card back into the app on my phone?,card_linking,14
areas card is accpeted,card_acceptance,11
how can i freeze a stolen card?,lost_or_stolen_card,42
my check or cash deposit has not shown up,balance_not_updated_after_cheque_or_cash_deposit,7
please tell me if i'm going to be charged for sending out more cards?,getting_spare_card,40
i need help finding the auto top up option.,automatic_top_up,5
where is the transaction i made to a friend?,transfer_not_received_by_recipient,66
are swift transfers accepted?,top_up_by_bank_transfer_charge,56
hi. i noticed i have a duplicate charge which i have not made twice. who should i talk to take care of this?,transaction_charged_twice,63
how can i exchange currencies with this app?,exchange_via_app,34
what is your opinion on the exchange rate?,exchange_rate,33
"hello, in these holidays i have been overcharged on the amount i have withdrawn on one of your atms. i did not had any clue about the horrible charges otherwise i would not have withdrawn.",wrong_exchange_rate_for_cash_withdrawal,76
do you receive swift transfers?,top_up_by_bank_transfer_charge,56
can i get another card?,getting_spare_card,40
i see a cash withdrawal that i did not perform.,cash_withdrawal_not_recognised,21
what is the activation process on my new card?,activate_my_card,1
my package is taking too long to arrive and i don't want it anymore. can i get a refund?,request_refund,52
which fiat currencies are compatible for exchange and holding?,fiat_currency_support,37
"apple watch top up help, please?",apple_pay_or_google_pay,3
how are exchange rates calculated?,exchange_rate,33
the atm keeps declining my transaction . i tried two different atms already would you please check if everything is okay with my account?,declined_cash_withdrawal,27
"i'm starting to think my card is lost because it still hasn't arrived, can you help?",card_arrival,12
i had an unexpected fee,transfer_fee_charged,64
what are ways to test why my card might not be working?,card_not_working,15
what fiat currencies are used for exchange?,fiat_currency_support,37
why is there a fee for the transfer i made?,transfer_fee_charged,64
do you charge if i use a european bank card for top up?,top_up_by_card_charge,57
how can my new card be activated?,activate_my_card,1
how long do top-ups take to go through,pending_top_up,48
"in the app, how can i make it show the new card that arrived?",card_linking,14
how can i get my pin unblocked?,pin_blocked,50
the exchange rates are?,exchange_rate,33
i have to make several disposable cards per day.,disposable_card_limits,30
is there a longer processing time for international bank transfers?,balance_not_updated_after_bank_transfer,6
how will i know what the exchange rate is?,exchange_rate,33
please explain the exchange rates.,exchange_rate,33
can my teenager have an account?,age_limit,2
what proof do you need for my identification?,unable_to_verify_identity,68
how does my top-up got cancelled?,top_up_reverted,61
how do i cancel a transfer?,cancel_transfer,9
"i was charged a fee when withdrawing cash, can you explain why?",cash_withdrawal_charge,20
looking at my account i've noticed a charge that appears to still be in progress. i had attempted to get money out of the machine earlier but the machine seemed to have been broken. i never received my money so will you please look into this for me? i don't want to be charged for money i never actually received.,pending_cash_withdrawal,47
i entered the correct pin but i still couldnt get funds.,declined_cash_withdrawal,27
how can many disposable cards can i have per day?,disposable_card_limits,30
someone has taken my phone from my hotel room!,lost_or_stolen_phone,43
"using your app, would i be able to exchange between usd and gbp?",exchange_via_app,34
is there a limit for top ups?,top_up_limits,60
why has my money disappeared? i topped up earlier and seen it was there and had went through. what seems to be the problem?,top_up_reverted,61
what is the max amount of disposable cards i'm allowed.,disposable_card_limits,30
my card wants to be topped what do you guys support?,supported_cards_and_currencies,54
i am having an issue with an in country transfer i did a few days ago. it has yet to appear in my account. i have checked to be sure that all account information is correct multiple times. what is taking the transfer so long?,transfer_not_received_by_recipient,66
where's the verification code for the top-up card?,verify_top_up,71
i am unable to use my card.,card_not_working,15
where do i find my code to verify my top-up card?,verify_top_up,71
what steps do i need to get another card?,getting_spare_card,40
i need to find out why my transfer didn't get there.,transfer_not_received_by_recipient,66
the card payment is declined. please inform me why.,declined_card_payment,26
how can i go about transferring money to my account?,transfer_into_account,65
why was i charged an extra fee when using an atm?,cash_withdrawal_charge,20
i can't log into my account because i lost my password,passcode_forgotten,45
my card payment still pending,pending_card_payment,46
"hello, can you please inform me about international transfers? i am expecting a transfer i made from france two days ago and would like to know when it will arrive.",balance_not_updated_after_bank_transfer,6
in what way can i use the disposable cards?,get_disposable_virtual_card,38
"so much time has gone by, the pending status shouldn't still be there shouldn't it?",pending_cash_withdrawal,47
what do i do if it says my card payment has been cancelled?,reverted_card_payment?,53
is there a list of atms that take this card?,atm_support,4
i did not have the right exchange rate applied to my situation of pulling out cash,wrong_exchange_rate_for_cash_withdrawal,76
i need some help now please! there are some transactions on my account that i do not remember purchasing. can they be reversed? can you please cancel or freeze my card so i don't keep getting charged?!,card_payment_not_recognised,17
i need my pin unlocked.,pin_blocked,50
my pin isn't here yet,get_physical_card,39
why did my payment not go through why did it cancel?,reverted_card_payment?,53
"transfer unable to be completed, states 'declined'",declined_transfer,28
how do i fix my card if it is broken?,card_not_working,15
my card hasn't arrived yet.,card_arrival,12
i need to know what charges i will incur for using a european card for top up.,top_up_by_card_charge,57
can i make a withdraw in my home currency at an atm? i'm on vacation and am a bit worried because i don't have cash with me. is it possible to withdraw here without any additional costs or fees?,wrong_exchange_rate_for_cash_withdrawal,76
i am quite aggravated that i ordered online almost a month ago and i never got my package and i paid for it. i would really appreciate it if i could get a full refund back now.,request_refund,52
how many disposable cards can i have?,disposable_card_limits,30
my card isn't letting me purchase something and i wanted to know why.,beneficiary_not_allowed,8
why do you require identification documents,why_verify_identity,74
what's my top-up verification code?,verify_top_up,71
"so i've been using my account frequently to manage payments for my vacation house in a different country, and now i'm getting hit with ridiculously high fees! what's with that? ought not i be rewarded as a frequent user?",transfer_fee_charged,64
why am i being charged the wrong currency exchange when i purchased something abroad?,card_payment_wrong_exchange_rate,18
how do i use disposable cards?,get_disposable_virtual_card,38
i was supposed to get a refund but it is not showing up on my card,Refund_not_showing_up,0
would i be able to get a refund for something i bought?,request_refund,52
how do i know where i can get money withdrawn?,atm_support,4
can i get a new pin number at any atm using my card?,change_pin,22
i noticed my exchange rate was incorrect when i got cash.,wrong_exchange_rate_for_cash_withdrawal,76
i would like to know how my friend would be able to send me money,receiving_money,51
how to verify my identity,why_verify_identity,74
i thought crypto top up with something you offered and it does not appear that it's working even though the money has disappeared out of my account. can you tell me what's going on?,top_up_reverted,61
the refund i asked for isn't showing up,Refund_not_showing_up,0
i am trying to transfer and it has been stopped why is that,beneficiary_not_allowed,8
how long would does it take for a seller to receive an eu transfer if i bought something from them and sent them the money immediately?,pending_transfer,49
my identity verification isn't working,unable_to_verify_identity,68
i need my pin,get_physical_card,39
i would like to track the card you sent to me.,card_arrival,12
can i have a discount if i exchange currency often?,exchange_charge,32
is usd free to top up with a us card?,top_up_by_card_charge,57
i purchased something in a foreign currency but the rate applied is wrong,card_payment_wrong_exchange_rate,18
what should i do if i lost my card?,lost_or_stolen_card,42
will the system automatically top up itself?,automatic_top_up,5
"my transfer failed, why did that happen?",failed_transfer,36
was i charged extra for using my card?,card_payment_fee_charged,16
what is the formula for your exchange rate?,exchange_rate,33
how do i change my pin while traveling?,change_pin,22
what cards and currencies will suffice?,supported_cards_and_currencies,54
i was not able to use the atm to get cash,declined_cash_withdrawal,27
i tried activating my plug-in and it didn't piece of work,activate_my_card,1
someone must have found my card details as i don't recognize these transactions.,compromised_card,23
what reasons would a topup fail?,top_up_failed,59
i bought some things in the morning but the payment shows as pending,pending_card_payment,46
what do you need so i can verify my identity?,verify_my_identity,69
my refund is not showing.,Refund_not_showing_up,0
how come i can't put money in my top up account?,top_up_reverted,61
why was i charged when taking out money?,cash_withdrawal_charge,20
why is my refund not showing up on the statement?,Refund_not_showing_up,0
how do i link my card in the app.,card_linking,14
my payment still hasn't processed!,pending_card_payment,46
what number of transactions can i do with one disposable card?,disposable_card_limits,30
when will my transfer clear,pending_transfer,49
what's the minimum age for opening an account?,age_limit,2
top up is still pending,pending_top_up,48
will i be charged for receiving the money?,top_up_by_bank_transfer_charge,56
"i deposited cash this morning, but it is not yet available.",balance_not_updated_after_cheque_or_cash_deposit,7
how can i get a physical card,order_physical_card,44
why did i get charged more for using my card?,card_payment_fee_charged,16
"when i withdrew my money, why was there an extra charge?",cash_withdrawal_charge,20
can i use my virtual card for recurring monthly payments?,virtual_card_not_working,72
how do i get to the virtual cards?,getting_virtual_card,41
"my card is showing a fee from when i used it, but i thought this card was supposed to be fee free?",card_payment_fee_charged,16
what's the phone number to freeze a card?,lost_or_stolen_card,42
can you tell me what the disposable cards are used for?,get_disposable_virtual_card,38
why isn't my cheque deposit showing on my account? i though it would be faster and would like to to look into it and help.,balance_not_updated_after_cheque_or_cash_deposit,7
what do i need to do to get cash back? the atm gave me the wrong amount that i requested but the app is showing the amount to be correct.,wrong_amount_of_cash_received,75
why am i being charged for getting cash?,cash_withdrawal_charge,20
what is the price of a transfer?,top_up_by_bank_transfer_charge,56
the app denied my topped up.,top_up_failed,59
are there charges for using a bank card to top up,top_up_by_card_charge,57
are there restrictions to transfers to certain accounts?,beneficiary_not_allowed,8
how quickly can i transfer something to china?,transfer_timing,67
can you tell me why my top up was reverted?,top_up_reverted,61
are there any atm machines near me?,atm_support,4
can i use both visa and mastercard,visa_or_mastercard,73
where do i need to go to change my pin?,change_pin,22
"please help in finding my card pin, thank you!",get_physical_card,39
"i'm going to travel, can i have it add money automatically in certain intervals?",automatic_top_up,5
my transfer did not go through.,failed_transfer,36
why do i have duplicate transactions for one purchase?,transaction_charged_twice,63
are you okay with exchanges to eur?,fiat_currency_support,37
i need a new pin how do i go about that?,change_pin,22
can i get my card fast tracked?,card_delivery_estimate,13
why could my transfer have been declined?,declined_transfer,28
"i removed cash from an atm earlier but it shows up as pending in the app. how can this still be pending, i already received the cash?",pending_cash_withdrawal,47
how many currencies can i have?,fiat_currency_support,37
i am inquiring about your auto top up feature.,automatic_top_up,5
what do i do now that i can't use this card?,card_not_working,15
can my husband open an account and transfer money,receiving_money,51
when is a payment i made with my card going to clear,pending_card_payment,46
"my mother deposited a cheque into my account last week, why is it still not showing up?",balance_not_updated_after_cheque_or_cash_deposit,7
can you lookup my password?,passcode_forgotten,45
what do i do to link my new card?,card_linking,14
there was an extra charge when i used my card,card_payment_fee_charged,16
i want a virtual card!,getting_virtual_card,41
i purchases several items today. why are they still showing pending?,pending_card_payment,46
please explain why my card was declined?,declined_card_payment,26
"there are transactions that i don't remember making, i think someone might have gotten my card details and is now using it.",compromised_card,23
how can i change my password?,passcode_forgotten,45
i cannot find my credit card.,lost_or_stolen_card,42
where are the locations of atms that accept this card?,atm_support,4
i was trying to purchase something at the store today and my card has been declined. why has this happened?,declined_card_payment,26
how many disposable cards is the limit?,disposable_card_limits,30
how often do your exchange rates change,exchange_rate,33
i want to open an account for my child.,age_limit,2
why didn't my transfer to a beneficiary go through?,beneficiary_not_allowed,8
please help! i need a refund on a transaction on something i bought and i need the refund right away!,request_refund,52
there's a payment with my card that i definitely didn't create. i don't know anyone by that name.,card_payment_not_recognised,17
what atms can i withdraw money from?,atm_support,4
i haven't received my virtual card.,getting_virtual_card,41
"i have waited 15 days, but my payment still hasn't cleared.",pending_card_payment,46
my friends want to top up my account,topping_up_by_card,62
the 1.00 has still not been reverted as indicated in the previous email.,extra_charge_on_statement,35
what currencies can my account be in?,fiat_currency_support,37
can i unblock my pin in the app?,pin_blocked,50
how do i activate a card i received?,activate_my_card,1
is it possible to get a card when i'm not in the uk?,country_support,25
i have an unusual payment in my statement,card_payment_not_recognised,17
i didn't see any reason why my transfer was declined. what gives?,declined_transfer,28
exchange fee help?,exchange_charge,32
what do i do if my smart phone was stolen?,lost_or_stolen_phone,43
do you work with all fiat currencies?,fiat_currency_support,37
what steps do you take to check identity,verify_my_identity,69
do yo charge a fee for exchanging foreign currencies?,exchange_charge,32
why is my withdrawal wrong? i took out 100 but only received 20.,wrong_amount_of_cash_received,75
there is no way for me to prove my identity.,unable_to_verify_identity,68
my top-up didn't go through it still says pending. what's up with that?,pending_top_up,48
i need to know what is going on. i'm attempting to purchase a flat and need the money to pay on my initial mortgage payment. i'm only getting an error. can you find out what's going on and help in making the transfer?,failed_transfer,36
how can i pay for top-ups?,supported_cards_and_currencies,54
atm ate my card,card_swallowed,19
i am seeing a direct debit i wasn't aware of.,direct_debit_payment_not_recognised,29
can you unblock my pin after too many wrong pin attempts?,pin_blocked,50
what is the fee on my card payment?,card_payment_fee_charged,16
my card got charged twice for the same thing!,transaction_charged_twice,63
i would like a physical card sent to me.,order_physical_card,44
"the card i thought i lost was in my jacket pocket this morning, so can i reactivate that?",card_linking,14
how much could i top up?,top_up_limits,60
how do i activate my card,activate_my_card,1
my bags were stolen. i need a new card but need to cancel the stolen one.,lost_or_stolen_card,42
what could the reason be that my payment card was declined?,declined_card_payment,26
can i order cards on the app,order_physical_card,44
why is there a fee when i thought there would be no fees?,card_payment_fee_charged,16
what's the problem? my card keeps getting declined for top up. i need to know what is going on.,top_up_failed,59
i don't have my cell phone with me so i cannot access the system to complete the transaction.,lost_or_stolen_phone,43
where can i withdraw money from?,atm_support,4
i just initiated a transfer but i'd like to cancel it.,cancel_transfer,9
i made an atm withdraw it didn't give me the amount i asked for but is showing a withdraw for that amount.,wrong_amount_of_cash_received,75
why wouldn't the atm give me cash?,declined_cash_withdrawal,27
i prefer mastercard.,visa_or_mastercard,73
will there be a fee if i receive a sepa transfer,top_up_by_bank_transfer_charge,56
can you tell me why my card payment did not work?,declined_card_payment,26
i had a duplicate card and got charged twice. how do i resolve this?,transaction_charged_twice,63
my card is about to expire. how do i order another?,card_about_to_expire,10
how can i configure what currency my salary is in if it's in gbp?,receiving_money,51
i would like to get both mastercard and visa card from you if that's possible.,visa_or_mastercard,73
"i tried to make a transfer, but it was declined. can you tell me why?",declined_transfer,28
i'm unable to verify my identity,unable_to_verify_identity,68
what are the steps to verify my identity?,verify_my_identity,69
why does the app revert a payment?,reverted_card_payment?,53
my account was charged a fee. when did you start charging extra for card payments?,card_payment_fee_charged,16
can i make an account for my daughter?,age_limit,2
what other currencies can i hang onto?,fiat_currency_support,37
is there a fee to order a physical card?,order_physical_card,44
what happens if the atm doesn't give me back my card?,card_swallowed,19
why can i not do a transfer to a beneficiary?,beneficiary_not_allowed,8
my card is lost! what can i do?,lost_or_stolen_card,42
what is the current exchange fee?,exchange_charge,32
"i have found my lost or stolen card, would i still have to activate the new card that was sent to me through the mail in order to access my account?",card_linking,14
can i get money out of any machine?,atm_support,4
why hasn't my in country transfer gone through yet? i confirmed the account info a couple days ago but the payment hasn't been posted yet.,transfer_not_received_by_recipient,66
how do i transfer money from one bank account to another?,transfer_into_account,65
"hello, i trying to top up with my card today but it didn't work. when i tried last time it worked but today it isn't. could you take a look at it for me?",top_up_failed,59
my card was declined but it shows as multiple charges?,transaction_charged_twice,63
problems with my top up,top_up_failed,59
the atm won't give my card back!,card_swallowed,19
are there any charges for topping up a us-issued card?,top_up_by_card_charge,57
how do i freeze my card? i think someone is using it to make a bunch of online transactions.,compromised_card,23
where can i find my card pin?,get_physical_card,39
my card doesn't work when i use it.,card_not_working,15
"i tried to take money from my card, but it didn't work. later i saw that the transaction is still in progress. what's goign on?",pending_cash_withdrawal,47
can i change my pin on my phone?,change_pin,22
i bought something online and it says there was a fee to transfer money. isn't that free?,transfer_fee_charged,64
can i verify my identity?,verify_my_identity,69
i was charged extra or a hidden fee when i purchased something from you. what's the deal? i didn't authorize that charge.,extra_charge_on_statement,35
the transfer i just made needs to be cancelled right now. it was my mistake. please help me cancel it before it goes through!,cancel_transfer,9
where is the auto top-up option?,automatic_top_up,5
what atms is the card okay to use at?,atm_support,4
cash i didn't get shows in my app.,cash_withdrawal_not_recognised,21
"i got a new card, how do i link it?",card_linking,14
what to do if my card has been used without my permission?,compromised_card,23
why hasn't my virtual card arrived?,getting_virtual_card,41
could you inform me as to why i have been charged a higher fee for doing banking abroad.,transfer_fee_charged,64
i was trying to use my virtual card at a merchant and it was rejected. how can i fix this?,virtual_card_not_working,72
what kind of foreign exchange rate will i get when i exchange my money?,exchange_rate,33
why do i have to give you my drivers license,why_verify_identity,74
the rate of exchange for my card payment is incorrect,card_payment_wrong_exchange_rate,18
what happened to where my top-up was canceled?,top_up_reverted,61
i want to choose a new pin.,change_pin,22
how do i get my card out of the atm?,card_swallowed,19
how do i turn on my new card?,activate_my_card,1
can third party fees affect a transfer?,top_up_by_bank_transfer_charge,56
at what atms am i able to use the card?,atm_support,4
i have been charged way to much so something is apparently wrong with my exchange. i changed russian ruble into uk pounds.,card_payment_wrong_exchange_rate,18
is it possible to get a transfer from swift?,top_up_by_bank_transfer_charge,56
"i deposited a cheque, but the balance hasn't changed yet.",balance_not_updated_after_cheque_or_cash_deposit,7
"i received the wrong color and size, can i return it?",request_refund,52
"i made a purchase this morning, and it is showing as pending.",pending_card_payment,46
can you tell me why i was charged extra when i withdrew money?,cash_withdrawal_charge,20
why is top up not working for my apple pay app,apple_pay_or_google_pay,3
"when topping up by transfer, will i be charged?",top_up_by_bank_transfer_charge,56
how can i find out where the funds are flow?,verify_source_of_funds,70
is there any type of fee for currency exchange?,exchange_charge,32
i don't have my card after 1 week. what are my next steps?,card_arrival,12
i've been trying to do a transfer multiple times and have failed? is the system down?,failed_transfer,36
where is card accepted,card_acceptance,11
what do i do? my card is broken.,card_not_working,15
can i use a credit card from the us to top up?,supported_cards_and_currencies,54
why am i being charged for atm fees?,cash_withdrawal_charge,20
why did i not get my cash back after i withdrew?,wrong_amount_of_cash_received,75
one of my payments was doubled,transaction_charged_twice,63
what are your policies for card transfers?,failed_transfer,36
do you know if i can use this for my salary?,receiving_money,51
i made a payment that seems to be stuck. it's been a couple of days already. can you tell me how long it will take?,pending_card_payment,46
are there restrictions for ordering extra cards?,getting_spare_card,40
why am i unable to transfer money when i was able to before?,beneficiary_not_allowed,8
i checked my account today and it said i was out of money. how do i transfer money into my account?,transfer_into_account,65
i am not comfortable verifying my indentity.,why_verify_identity,74
the virtual card won't work.,virtual_card_not_working,72
"i still haven't received my card after two weeks, is it lost?",card_arrival,12
my account has a weird withdrawal.,cash_withdrawal_not_recognised,21
can you tell me about the exchange fee?,exchange_charge,32
i am not able to use the app since i forgot my phone at the hotel i was staying at.,lost_or_stolen_phone,43
i received the wrong amount of cash back,wrong_amount_of_cash_received,75
"i tried and tried, but i could not complete my transfer. tell me what is wrong.",failed_transfer,36
the cash i tried to draw from the atm was not approved.,declined_cash_withdrawal,27
can i also transfer with swift?,top_up_by_bank_transfer_charge,56
what are the steps i need to take to cancel a transaction?,cancel_transfer,9
"hello, i tried to take some cash out of the atm but i looked at my statement and it still shows that it's pending. is the machine broken? will i receive my money back or will i be charged for this?",pending_cash_withdrawal,47
where did this fee come from?,extra_charge_on_statement,35
what are the top up charges for all us cards?,top_up_by_card_charge,57
i was charged more when i transferred!,transfer_fee_charged,64
i need to know how much it costs to transfer funds.,transfer_fee_charged,64
i made a currency exchange and think i was charged more than i should of been.,card_payment_wrong_exchange_rate,18
my card was declined at a restaurant today and i am not sure why.,card_not_working,15
"my pin number was incorrect, and i can't access it.",pin_blocked,50
what should i do? my card has been stolen!,lost_or_stolen_card,42
there is more than one of the same transaction on my account.,transaction_charged_twice,63
how can i get my card out of the atm?,card_swallowed,19
why was i charged a small amount,extra_charge_on_statement,35
how can i receive money from someone?,receiving_money,51
i have a cash withdrawal in my statement. why is that?,cash_withdrawal_not_recognised,21
i want to activate my new card.,activate_my_card,1
"i asked for a refund last week but nothing has happened yet, can you help me please?",Refund_not_showing_up,0
"i ordered something ages ago online but it's simply not arriving. i've got enough! give me back my money, i'm not paying these people.",request_refund,52
i bought something but now i would like a refund. how do i do that?,request_refund,52
i do not wish to verify my identity.,why_verify_identity,74
my payment was reverted by the app,reverted_card_payment?,53
there is a payment that is not mine in the app. please advise,card_payment_not_recognised,17
why didn't the atm give me my money?,declined_cash_withdrawal,27
are multiple currencies acceptable?,fiat_currency_support,37
why did i get a fee from the atm?,cash_withdrawal_charge,20
tell me why there is a fee for a card payment.,card_payment_fee_charged,16
what are interbanks current exchange rates?,exchange_rate,33
is it possible for me to get a virtual card?,getting_virtual_card,41
i've been charged more than once for the same transaction,transaction_charged_twice,63
can i pay with my card anywhere?,card_acceptance,11
what services can i use to top up?,apple_pay_or_google_pay,3
what can i use to receive my salary?,receiving_money,51
"help! i fear that my card was stolen,",lost_or_stolen_card,42
there is a strange payment on my card and i don't know what to do.,card_payment_not_recognised,17
i am having problems with my physical card.,card_not_working,15
do you have the best exchange rate?,exchange_rate,33
pending transfer?,pending_transfer,49
my recent transfer didn't go through - why not?,declined_transfer,28
there is a direct debit payment on my account that i didn't authorize.,direct_debit_payment_not_recognised,29
can i use check to deposit?,top_up_by_cash_or_cheque,58
"i have been doing some online shopping, but when checking out, it keeps getting declined. i tried a few times and it wouldn't work. what could be wrong?",declined_transfer,28
"i tried to make a withdrawal from the atm, but it was cancelled.",declined_cash_withdrawal,27
a withdrawal is showing that i don't recognize,cash_withdrawal_not_recognised,21
are there certain atms that i can use this card at?,atm_support,4
i need you to delete my account right now.,terminate_account,55
after i transferred money the balance remained the same.,balance_not_updated_after_bank_transfer,6
can i change my details because i moved?,edit_personal_details,31
can i deposit a check?,top_up_by_cash_or_cheque,58
"i dont recognise some of these transactions, i think someone has my card details",compromised_card,23
why does my transfer say it is pending?,pending_transfer,49
how long until my friend receives my transaction?,transfer_not_received_by_recipient,66
can i allow other people to top up my account?,topping_up_by_card,62
is there any way to know how the transaction got on my account?,card_payment_not_recognised,17
what's the process for getting a disposable virtual card?,get_disposable_virtual_card,38
instruct me how to reset the passcode.,passcode_forgotten,45
do you convert to euro?,fiat_currency_support,37
i would like to order a disposable virtual card. how can i do this?,get_disposable_virtual_card,38
i didn't realize that there were any fees for withdrawing money from my account--this has never happened to me before. what exactly are the fees?,cash_withdrawal_charge,20
"if i need to make an exchange from usd to gbp, how can i do so in the app?",exchange_via_app,34
an item i bought had the wrong exchange rate applied.,card_payment_wrong_exchange_rate,18
"what currencies can i not hold many in, if so what are they?",fiat_currency_support,37
why can't i get my top up to work in apple pay?,apple_pay_or_google_pay,3
i have a second credit card from the us. will you take it?,supported_cards_and_currencies,54
the amount of cash i received was different than what i requested.,wrong_amount_of_cash_received,75
i tried to transfer money but it didn't go through,failed_transfer,36
"my payment was rejected, do you know why?",declined_card_payment,26
"i found my card, am i able to put it back into the app?",card_linking,14
i lost my wallet and i think someone is withdrawing cash with my card. please help. it is urgent.,cash_withdrawal_not_recognised,21
why do you need all this information about my source of funds?,verify_source_of_funds,70
my card is expiring soon.,card_about_to_expire,10
i transfered however its still pending,pending_transfer,49
why have i been charged twice for the same transaction?,transaction_charged_twice,63
i would like to dispute a payment i didnt make,direct_debit_payment_not_recognised,29
do you know the rate of exchange?,exchange_rate,33
what is this extra pound charge for?,extra_charge_on_statement,35
"always exchanging currencies, do you offer a discount?",exchange_charge,32
a percentage fee was charged to my withdrawal.,cash_withdrawal_charge,20
"it looks like someone besides me ordered something with my card, what should i do?",compromised_card,23
"my funds are low, can i auto top up?",automatic_top_up,5
tell me what i should do after my card expires.,card_about_to_expire,10
google play top up help?,apple_pay_or_google_pay,3
i'd like to know how transferring my money into my account works.,transfer_into_account,65
i tried to used my card in a shop and the transaction was declined.,declined_card_payment,26
"if you to to account, hit activate, and follow the instructions, you can activate it in just a few seconds.",activate_my_card,1
what do i need for activation of my card?,activate_my_card,1
why has my card payment been reverted?,reverted_card_payment?,53
is it possible for me to top up with cash?,top_up_by_cash_or_cheque,58
which cards and currencies do you support?,supported_cards_and_currencies,54
there's a card payment i didn't make,card_payment_not_recognised,17
how do i add my new card?,card_linking,14
how do i update my current residence details?,edit_personal_details,31
i would like to use this cheque to top up. can you tell me how to do that?,top_up_by_cash_or_cheque,58
"may i reactivate my card? i previously reported it lost, but have now found it safe and sound.",card_linking,14
the refund has not appeared in my account,Refund_not_showing_up,0
i transferred some cash and it didn't arrive,transfer_not_received_by_recipient,66
how can i change my old pin to a new one?,change_pin,22
where would i order a virtual card?,getting_virtual_card,41
"i blocked my card by mistake, how do i unblock it?",pin_blocked,50
how do i find my pin?,get_physical_card,39
is there a fee for adding funds with a credit card?,top_up_by_card_charge,57
"i was trying to use contactless earlier, but it didn't work.",contactless_not_working,24
how long are deliveries to the us?,card_delivery_estimate,13
i have used all of my pin tries. what should i do now?,pin_blocked,50
"i recently purchased something, and the exchange rate was wrong.",card_payment_wrong_exchange_rate,18
i just sent money but the person i sent it to doesn't see it. what happened?,transfer_not_received_by_recipient,66
please show me how my friend can send me money.,receiving_money,51
the app won't identify me.,unable_to_verify_identity,68
is my cash withdrawal pending?,pending_cash_withdrawal,47
says that my top-up is incomplete?,pending_top_up,48
how come there is a duplicate charge on my card?,transaction_charged_twice,63
is there a problem with my account? when i tried to withdraw cash at an atm i was denied.,declined_cash_withdrawal,27
will i get a real card?,order_physical_card,44
what is the meaning of a pending payment?,pending_card_payment,46
what do i do after my card expires?,card_about_to_expire,10
the disposable cards - what are they for?,get_disposable_virtual_card,38
i'm still waiting on my new card to be delivered!,card_arrival,12
i need help verifying my identity.,unable_to_verify_identity,68
i was not distributed the correct amount of cash that i asked for,wrong_amount_of_cash_received,75
i can't see all the refunds in my statement,Refund_not_showing_up,0
at which atms can i use this card?,atm_support,4
why has my card payment not yet been applied to my account?,pending_card_payment,46
are there any places that i can't use the disposable cards at?,disposable_card_limits,30
tell me what atms take this card.,atm_support,4
how long does it actually take for a card payment to go through? there's one stuck since a couple days already that doesn't seem to move,pending_card_payment,46
i am waiting on the refund,Refund_not_showing_up,0
"when is my balance going to update, i just transferred some money",balance_not_updated_after_bank_transfer,6
"it has been a couple of hours but i do not see my balance updated, can you help?",balance_not_updated_after_bank_transfer,6
i'm still waiting for my transaction.,transfer_not_received_by_recipient,66
what is the source of funds for my money?,verify_source_of_funds,70
unknown direct deposit,direct_debit_payment_not_recognised,29
what is my identification used for?,why_verify_identity,74
why has my card payment been declined?,declined_card_payment,26
how old do you have to be?,age_limit,2
how do i get a new card,order_physical_card,44
i was charged extra. was the exchange rate for my payment last saturday wrong?,card_payment_wrong_exchange_rate,18
i can't use my card.,card_not_working,15
how come my card payment is still pending?,pending_card_payment,46
"hi, is there any problem with app? as i am facing some issues with the exchange of crypto currency. i am extremely interested in buying.",beneficiary_not_allowed,8
can you tell me what the cash withdrawal is in my statement?,cash_withdrawal_not_recognised,21
where can i find the card pin?,get_physical_card,39
how do i unblock my pin?,pin_blocked,50
how do i reverse a transaction on my account?,request_refund,52
hello i made a bank transfer couple hours ago from my uk account but it doesn't show up yet. can you please check if everything is alright with it?,balance_not_updated_after_bank_transfer,6
am i able to change my pin at any cash machines?,change_pin,22
it is urgency. please freeze my card now. as someone in some odd remote town has withdrawn some money by using my card. as i did not withdraw any money.,cash_withdrawal_not_recognised,21
"i was supposed to get a refund but my balance hasn't changed, why not?",Refund_not_showing_up,0
i saw that my transfer was declined.,declined_transfer,28
how long will it take to get to the us?,card_delivery_estimate,13
i was looking to buy another card today.,getting_spare_card,40
"what is the reason when i tried to pay contactless at the bus, it didnt work?",contactless_not_working,24
where is my card accepted?,card_acceptance,11
why have i not received my pin,get_physical_card,39
what do i do if i can't prove my identity?,unable_to_verify_identity,68
it's been a week and i have done everything that i was asked to do and still nothing. i have contacted the seller and have not gotten a response. please understand my frustration and put the money back in my account.,Refund_not_showing_up,0
my address has changed. how do i report it?,edit_personal_details,31
i looked at my statement and found a payment i and found a mistake.,card_payment_not_recognised,17
there is an unauthorized fee.,card_payment_fee_charged,16
how do i make my virtual card work?,virtual_card_not_working,72
is it free for top ups?,top_up_by_card_charge,57
why won't my transfer go through?,failed_transfer,36
i can not find the top-up verification code.,verify_top_up,71
i didn't make this payment and it's on my app,card_payment_not_recognised,17
"when will i see my cash, since i already deposited my check?",balance_not_updated_after_cheque_or_cash_deposit,7
"i'm expecting a large refund from a store i returned merchandise to recently. they say they have sent the money but i don't see it in my account, can you help.",Refund_not_showing_up,0
i keep getting an error message when i'm trying to transfer funds! why aren't you accepting that?,beneficiary_not_allowed,8
"soon my card will expire, how do i get a new one?",card_about_to_expire,10
where can i pay with my debit or credit card?,card_acceptance,11
what places will accept my card?,card_acceptance,11
was my transaction reverted with my card?,reverted_card_payment?,53
why was my payment declined? i keep trying my card but it's not working.,declined_card_payment,26
why is verification for my identity needed?,why_verify_identity,74
i'm still waiting for my card.,card_arrival,12
what are the ways for others to transfer me money?,receiving_money,51
tell me how i can verify a card top-up.,verify_top_up,71
i think when i withdrew money when out of country the exchange rate was wrong.,wrong_exchange_rate_for_cash_withdrawal,76
my plans may change so i may need to change from gbp to aud.,exchange_via_app,34
the expiration date on my card is coming up,card_about_to_expire,10
i must have entered my pin wrong.,pin_blocked,50
why is my transaction taking so long to complete?,transfer_not_received_by_recipient,66
may i have a second card?,getting_spare_card,40
i thought cash withdrawals didn't have a fee,cash_withdrawal_charge,20
i got charged twice,transaction_charged_twice,63
how much can i withdrawal in one month without incurring fees?,cash_withdrawal_charge,20
why did the atm eat my card?,card_swallowed,19
i'd like to know where my funds come from.,verify_source_of_funds,70
i just looked over my statement and i don't recognize the name of a card payment.,card_payment_not_recognised,17
i want to cancel a transfer right away! can you help?,cancel_transfer,9
"i need to make a transfer from europe, how many days does this take?",transfer_timing,67
are there any extras for exchanging currency?,exchange_charge,32
can you tell me when my money transfer will go through,pending_transfer,49
i want a reason as to why my beneficiary is not allowed?,beneficiary_not_allowed,8
i have been charged an extra fee when buying from your store. why is this?,card_payment_fee_charged,16
do you know where my card will be accepted?,card_acceptance,11
can you tell me what is wrong ? i top-up with you all the time but this time it just shows my top-up as pending. what is happening?,pending_top_up,48
why is their a charge pending on my card still?,pending_card_payment,46
"this is not right, i was told i could take out cash at the atm for free?",cash_withdrawal_charge,20
how can i top-up my limit?,top_up_limits,60
are there any limits to how many disposable cards i can use?,disposable_card_limits,30
i made a purchase and would like to get a refund for what i bought can you have the money put back in my account?,request_refund,52
why does my card continually get declined? i thought i had enough money in there but i've tried several times now and it still isn't working.,declined_transfer,28
how do i get my card pin?,get_physical_card,39
what are the details of disposable card limitations?,disposable_card_limits,30
google pay top up isn't working,apple_pay_or_google_pay,3
which countries are supported,country_support,25
why am i being charged a fee for transferring money?,transfer_fee_charged,64
"i received my american express in apple pay, is there a reason why top up is not functioning properly?",apple_pay_or_google_pay,3
how do i transfer funds if i am paid in gbp?,receiving_money,51
someone else charged my card!,direct_debit_payment_not_recognised,29
there is a repeat charge for the same item,transaction_charged_twice,63
i need to top up using a cheque,top_up_by_cash_or_cheque,58
is there a charge for cash withdrawals? i always thought it was free.,cash_withdrawal_charge,20
why haven't i gotten my payment yet?,pending_card_payment,46
why was i unable to finish this transfer?,failed_transfer,36
i dont see my reciept,transfer_not_received_by_recipient,66
what is the maximum for top-ups?,top_up_limits,60
does auto top-up have a limit?,automatic_top_up,5
i just made an order and noticed an extra fee. why have you charged me this without informing me?,card_payment_fee_charged,16
"i need to verify my identity, but how do i do that?",verify_my_identity,69
what are the top up fees for using an european bank card?,top_up_by_card_charge,57
which part of the app do i order virtual cards from?,getting_virtual_card,41
is it possible to use my credit card to transfer money?,topping_up_by_card,62
why wouldn't a transfer go through?,failed_transfer,36
i can't withdraw any money from my account. ive tried a couple different atm machines and both of them wouldn't give me my money. what's going on? is my account frozen or something?,declined_cash_withdrawal,27
how long does it take for my physical card to be delivered.,card_delivery_estimate,13
are there any reasons that my identity wouldn't be accepted even though everything i've provided is factual?,unable_to_verify_identity,68
will there be a charge when money is added to my account?,top_up_by_bank_transfer_charge,56
what's taking so long for this payment to go through?,pending_card_payment,46
"please help me, its urgent. someone has withdrawn money from my account as few hours before my wallet has been. now i want to stop withdrawal of more money.",cash_withdrawal_not_recognised,21
what is the average pending time for a transaction?,pending_transfer,49
i am planning activating my card was it possible?,activate_my_card,1
can i change the amount i made on a payment that i made to the payment is correct.,cancel_transfer,9
can it be delivered by a specific date?,card_delivery_estimate,13
what is the reason for the identity check,why_verify_identity,74
"i need my card topped up,",topping_up_by_card,62
what are the disposable cards for?,get_disposable_virtual_card,38
where can i get my currencies exchanged?,exchange_via_app,34
please explain why my top-up hasn't been processed yet?,pending_top_up,48
i did a transfer but its still pending,pending_transfer,49
"i was just shopping and my payment was declined in a store! it was very embarrassing, what is going on and when will it be fixed?",declined_card_payment,26
i need to activate my card.,activate_my_card,1
where can i withdraw money from?,atm_support,4
i'd like more info on getting a virtual card.,getting_virtual_card,41
"if i want a friend to top off my account, can they?",topping_up_by_card,62
i don't know what to do. should i transfer funds. my account is out of money.,transfer_into_account,65
i want a refund on the things i bought,request_refund,52
how can i top up my account by bank transfer?,transfer_into_account,65
there is a debit transaction on my statement that i did not make,direct_debit_payment_not_recognised,29
what is the tracking number for the card you sent?,card_arrival,12
my card payment was cancelled.,reverted_card_payment?,53
there is a cash withdrawal transaction that i am unsure of.,cash_withdrawal_not_recognised,21
i'm travelling abroad but i've run into a situation where i need to change my pin immediately. can i do this from here?,change_pin,22
"the wrong amount of cash came out of the atm today when i went to withdraw. when i looked at the app, it was showing it was much more.",wrong_amount_of_cash_received,75
can my friends send me money?,receiving_money,51
"my transfers keep on getting declined. my card was working fine up until now, however it has suddenly stopped working. why is this?",declined_transfer,28
what type of atms accept this card?,atm_support,4
how can i change my name because i just got married?,edit_personal_details,31
how do i get a new card sent to china?,card_about_to_expire,10
where is my pin located?,get_physical_card,39
who do i call to activate my new card?,activate_my_card,1
show me where i can see the pin?,get_physical_card,39
why did you cancel my card payment?,reverted_card_payment?,53
i couldn't transfer to an account.,beneficiary_not_allowed,8
my funds are not transferring to my bank. why is this not working?,beneficiary_not_allowed,8
some cash i didn't get shows in my app,cash_withdrawal_not_recognised,21
why is there a 1 charge on my statement?,extra_charge_on_statement,35
i keep checking my statements but nothing shows up! i requested a refund a long time ago but seems it's not reaching my account for some reason. can you please help me get the money back from the seller for me,Refund_not_showing_up,0
my order needs to be canceled.,request_refund,52
a payment is pending,pending_card_payment,46
how do i delete my account now,terminate_account,55
how do i get my card to work?,card_not_working,15
will i get visa or mastercard?,visa_or_mastercard,73
i payed with the card and there was an extra fee?,card_payment_fee_charged,16
do you accept checks?,top_up_by_cash_or_cheque,58
will any business take this card?,card_acceptance,11
you shorted me money when i tried to make a withdrawal.,wrong_amount_of_cash_received,75
how do i get my card to show in the app?,card_linking,14
"i don't see my refund money yet in my account. i asked the merchant a while ago for a refund, so i don't know what's taking so long. can you look into it and see if the money is there, just not in my account yet?",Refund_not_showing_up,0
are there fees for adding money with an international card?,top_up_by_card_charge,57
"i get paid in gbp. should i configure this and if so, where?",receiving_money,51
did i not get my refund? i don't see it.,Refund_not_showing_up,0
the app reversed a top off i had. what should i do?,top_up_reverted,61
i want a refund for an item,request_refund,52
i want to get visa and mastercard,visa_or_mastercard,73
please explain your exchange rate policy.,exchange_rate,33
is it normal to see a fee for transferring money?,transfer_fee_charged,64
i transferred money but the balance hasn't changed.,balance_not_updated_after_bank_transfer,6
why was the payment on my card declined?,declined_card_payment,26
what are the available cards?,visa_or_mastercard,73
is there a way to change my pin without having to go to the bank?,change_pin,22
i need to know where i can withdraw money.,atm_support,4
is it on purpose that my payment has been returned to my account?,reverted_card_payment?,53
i finally got my card. now i want to link it. is that something you have to do or can i do that?,card_linking,14
i was wondering why my card was declined,declined_card_payment,26
i asked for 100 cash but only got 20?,wrong_amount_of_cash_received,75
i need to get an actual card so that i can use it for in person transactions. how would i do this?,order_physical_card,44
i think the exchange rate for my for my cash withdrawal is wrong,wrong_exchange_rate_for_cash_withdrawal,76
how long does a payment usually show as pending? is it normal that mine is still pending?,pending_card_payment,46
i need assistance with activating my new card.,activate_my_card,1
why do i need to verify a top-up?,verify_top_up,71
the atm machine ate my card.,card_swallowed,19
why was a transfer to an account not allowed?,beneficiary_not_allowed,8
i tried transferring to an account but it didn't go through. what happened?,beneficiary_not_allowed,8
"looks like my card payment was made twice by mistake. i paid at the store earlier which rejected once, second time it worked. app stays at pending for one of the payments. can you please remove one of them as it's wrong and clearly was declined?",transaction_charged_twice,63
can i add money to top up my account via a bank transfer?,transfer_into_account,65
is there a reason my payments are pending?,pending_card_payment,46
will my card be accepted all over the world?,card_acceptance,11
why is top-up verified?,verify_top_up,71
how do i know when my new card is going to arrive?,card_arrival,12
i see some transactions that i don't recognize. i think someone stole my details.,compromised_card,23
"the transfer finally worked, but how long does it stay pending?",pending_transfer,49
i am seeing in the app a payment that its not mine,card_payment_not_recognised,17
did you start charging for cash withdrawals? i thought it was free so far but noticed suddendly there is a fee. how much do i need to pay?,cash_withdrawal_charge,20
am i limited to what atm i can use my card?,atm_support,4
how can i transfer money to this account from another bank?,transfer_into_account,65
how do i report a cash withdrawal that wasn't me?,cash_withdrawal_not_recognised,21
please help me delete this account.,terminate_account,55
what happened to my top-up? it's not reflected.,pending_top_up,48
how do i check my security settings to allow contactless pay?,contactless_not_working,24
"i got double charged from something, what can i do?",transaction_charged_twice,63
why is the cash deposit not showing up in my account?,balance_not_updated_after_cheque_or_cash_deposit,7
"i would like to exchange currencies, but is there an extra charge to do so?",exchange_charge,32
"i was transferring some money to a friend, which i thought would be free, but i see there is a charge. what's up with that?",transfer_fee_charged,64
tell me why my card payment would be reverted.,reverted_card_payment?,53
unhappy with service need to delete account,terminate_account,55
i do not understand why my pass-code is not working.,passcode_forgotten,45
"i have an unknown debit charge in my statement, why?",direct_debit_payment_not_recognised,29
there is a payment in the app i did not make,card_payment_not_recognised,17
i entered my pin in wrong and got it frozen. how many tries do i have,declined_cash_withdrawal,27
would i be charged for exchanging currencies?,exchange_charge,32
my card has been found. is there any way for me to put it back into the app?,card_linking,14
where do you deliver cards by mail?,order_physical_card,44
which atms take the card?,atm_support,4
need a new passcode.,passcode_forgotten,45
can i top up my card with other cards?,supported_cards_and_currencies,54
"what is source of my funds, need to verify",verify_source_of_funds,70
will any atm's decline my card?,atm_support,4
am i going to be charged for receiving money?,top_up_by_bank_transfer_charge,56
why did i get declined transfer,declined_transfer,28
"your company is awful, i would like to delete my account please",terminate_account,55
help! i forgot my pin and have been locked out of using my card.,pin_blocked,50
how can i reset my passcode ?,passcode_forgotten,45
please help me set up a new pin.,change_pin,22
what factors determine your exchange rate?,exchange_rate,33
how long until the transfer is reflected on my account balance?,transfer_timing,67
how much is it to receive money?,top_up_by_bank_transfer_charge,56
my product was faulty.,request_refund,52
i lost the code and can not get into the app. help!,passcode_forgotten,45
what is the greatest number of times that i can top-up?,top_up_limits,60
"please check my card. as withdrawal was working fine so far, but this morning suddenly got declined. can you please check the problem?",declined_cash_withdrawal,27
i want to change my pin number from an atm. is this possible?,change_pin,22
can i use american express with apple pay? why does it make my top up not work?,apple_pay_or_google_pay,3
what happens if i forget my pin?,pin_blocked,50
do i get to choose between visa and mastercard?,visa_or_mastercard,73
how do i get a card if i am in the usa,country_support,25
"my transfer is pending, why?",pending_transfer,49
what is my monthly spending limit because i was refused my money at an atm,declined_cash_withdrawal,27
why are there multiple transactions showing for one purchase?,transaction_charged_twice,63
how long do transfers typically take? is there a way of speeding the process up? my friend needs the money i sent her desperately.,transfer_not_received_by_recipient,66
do cash machines let me change my pin?,change_pin,22
i do not see the money i transferred into this account,balance_not_updated_after_bank_transfer,6
why do you need so much id info from me?,why_verify_identity,74
i have been charged twice,transaction_charged_twice,63
the atm didn't give me the full requested amount,wrong_amount_of_cash_received,75
do international transfers take longer?? i made a transfer from france 2 days ago but it's still not there yet...,balance_not_updated_after_bank_transfer,6
"for sepa transfers, what kind of charge will be applied?",top_up_by_bank_transfer_charge,56
can i order a new card with the app?,card_about_to_expire,10
my transfer is still pending and i know the account numbers are correct. please help.,pending_transfer,49
where can i deposit cash to top up?,top_up_by_cash_or_cheque,58
can you please identify the problem with my bank card?,card_not_working,15
"i'm interested in holding and exchange for flat currencies, what do you support?",fiat_currency_support,37
what are the reasons i have to proof my identity to you?,why_verify_identity,74
i want to have an item refunded can i do that?,request_refund,52
i haven't yet received money that i transferred,balance_not_updated_after_bank_transfer,6
what should i do if i have used all of my pin tries?,pin_blocked,50
"i would like to give another card to my daughter, how can i proceed?",getting_spare_card,40
i requested a refund directly from the seller but i still don't have it. i just want you to send me my money back. i did what you said to do and i still don't have it.,Refund_not_showing_up,0
"my card was refused, why?",declined_card_payment,26
i am asking to end my account.,terminate_account,55
i need several disposable cards made per day.,disposable_card_limits,30
recipient has not received the money,transfer_not_received_by_recipient,66
how long does it take for pending transfer transactions to post?,pending_transfer,49
how do i troubleshoot my contactless?,contactless_not_working,24
can i order a second card?,getting_spare_card,40
how long does it take to verify a cash withdraw?,pending_cash_withdrawal,47
is it normal to have to wait over a week for my new card?,card_arrival,12
why are there additional fees for transfers?,transfer_fee_charged,64
help me figure out why my transfer was declined,declined_transfer,28
it looks like this week i was double charged for a couple things. is there any way that you can look into this for me and return the double charged items back to my card?,transaction_charged_twice,63
"the balance has not changed, but i have deposited some money",balance_not_updated_after_cheque_or_cash_deposit,7
where do i activate my card?,activate_my_card,1
my cheque deposit didn't seem to work.,balance_not_updated_after_cheque_or_cash_deposit,7
what is the maximum top up?,top_up_limits,60
"my phone was stolen, what should i do?",lost_or_stolen_phone,43
what other currencies are available to change to?,exchange_via_app,34
can i deposit my salary to this account?,receiving_money,51
why does the app show a direct debit payment that i did not authorize,direct_debit_payment_not_recognised,29
i believe that my card has been stolen!,lost_or_stolen_card,42
can you assist me with unblocking my pin? i put it in wrong too many times.,pin_blocked,50
i am on vacation in spain and need to change my pin.,change_pin,22
are there any hindrances to using a disposable virtual card?,disposable_card_limits,30
i must verify the source of my funds,verify_source_of_funds,70
who gets support?,country_support,25
how do i add money from my amex card to top up,supported_cards_and_currencies,54
i just replaced my phone so do i have to make a new account?,lost_or_stolen_phone,43
how do i know why my card isn't working?,card_not_working,15
why would my card payment be cancelled?,reverted_card_payment?,53
fees for currency exchange,exchange_charge,32
i would prefer a mastercard.,visa_or_mastercard,73
how do i get a visa card?,visa_or_mastercard,73
is there a tracking number for the card you sent me?,card_arrival,12
why did my top-up not go through?,top_up_reverted,61
how do i use contactless payments?,contactless_not_working,24
please tell me how to get a physical card.,order_physical_card,44
balance is not up to date.,balance_not_updated_after_bank_transfer,6
"hi, i found a large amount payment in my old statements which i am sure was not made by me. i am aware that the time has passed but is there a way to raise a dispute for this payment now?",direct_debit_payment_not_recognised,29
my transfers are being declined. it has always worked for me but now it's declining my card. i've tried several times.,declined_transfer,28
why does a payment show up twice?,transaction_charged_twice,63
i transferred the wrong amount and would like to cancel the transaction.,cancel_transfer,9
what is this 1 fee in my statement?,extra_charge_on_statement,35
do you happen to do exchanges of eur?,fiat_currency_support,37
i withdrew some cash out of the atm over the holiday. it seems that i was charged some outrageous fees. i would not have done that had i been aware of these outrageous charges!,wrong_exchange_rate_for_cash_withdrawal,76
do you charge for sending more cards?,getting_spare_card,40
can i get some money exchanged?,exchange_via_app,34
when will the cash that i put in the atm be cleared from pending status?,pending_cash_withdrawal,47
today i noticed a charge for an atm withdrawal on my account. can you please fix this? it's supposed to be no charge.,cash_withdrawal_charge,20
is there a fee for a cash withdrawal?,cash_withdrawal_charge,20
can an apple watch be used to tup-up?,apple_pay_or_google_pay,3
is my currency okay to add money with?,supported_cards_and_currencies,54
"i deposited a cheque, but my account balance stayed the same.",balance_not_updated_after_cheque_or_cash_deposit,7
is there supposed to be a fee for the transfer i made?,transfer_fee_charged,64
what cards and currencies are supported?,supported_cards_and_currencies,54
what's the reason my new card hasn't come?,card_arrival,12
for what reason did my top-up get cancelled?,top_up_reverted,61
how long do i wait for a transfer to take?,pending_transfer,49
my card is about to expired what will happen?,card_about_to_expire,10
machines make mistakes too! the atm gave me the wrong amount of money. too much!,wrong_amount_of_cash_received,75
i need to change a transfer.,cancel_transfer,9
seems like my top up has been cancelled,top_up_reverted,61
what if i want to add a card i already have to the app?,card_linking,14
i tried to withdraw cash from the atm machine and it did not work. can you tell me why?,declined_cash_withdrawal,27
can you share card tracking number?,card_arrival,12
i have a cash withdrawal that i do not recognise.,cash_withdrawal_not_recognised,21
i was charged too many times for one transaction.,transaction_charged_twice,63
are eur exchanges allowed?,fiat_currency_support,37
do you know if there is a tracking number for the new card you sent me?,card_arrival,12
how long will it take to receive a virtual card?,getting_virtual_card,41
why can't i see my pin?,get_physical_card,39
can i used my card even if my phone has been stolen?,lost_or_stolen_phone,43
i was retrieving money and my card wouldn't remove.,card_swallowed,19
my top-up was revoked.,top_up_reverted,61
can a credit card be used to transfer money?,topping_up_by_card,62
my atm withdrawal is taking forever,pending_cash_withdrawal,47
how do i make sure i don't run out of money on my card while traveling?,automatic_top_up,5
do i have a choice for a mastercard?,visa_or_mastercard,73
my app was on the phone and i was mugged. what do i do?,lost_or_stolen_phone,43
"i made an international purchase, but the exchange rate was wrong",card_payment_wrong_exchange_rate,18
why is there an extra fee on my statement?,extra_charge_on_statement,35
where to i get my funds from?,verify_source_of_funds,70
when will a transfer reach my account?,transfer_timing,67
my money hasn't been deposited yet. when will it be?,pending_top_up,48
"hello, i noticed there is a payment from my card to a business that i am not familiar with. i definitely did not make this payment.",card_payment_not_recognised,17
"i keep checking to see if i've received a refund that i requested from a seller, but i'm not seeing the refund. i need you to help me get the refund.",Refund_not_showing_up,0
i think someone has access to my card numbers that shouldn't.,compromised_card,23
can you make exchanges using the eur?,fiat_currency_support,37
do top-ups have limits?,top_up_limits,60
what is the maximum number of transactions i can make with one card?,disposable_card_limits,30
your foreign exchange rate is wrong.,card_payment_wrong_exchange_rate,18
how many disposable cards can you own?,disposable_card_limits,30
my card was frozen due to putting in the wrong pin too much. how many tries do i have,declined_cash_withdrawal,27
what is your refund policy for products i have purchased?,request_refund,52
my refund has not shown up in my account. where is it?,Refund_not_showing_up,0
i need to cancel a transaction immediately.,cancel_transfer,9
i just realised i made the wrong payment yesterday. can you please change it to the right account? it's my rent payment and really really needs to be in the right account by tomorrow,cancel_transfer,9
how much is the charge for a foreign currency exchange?,exchange_charge,32
what do i do if i forgot my pin?,pin_blocked,50
how do i find my pin number?,get_physical_card,39
"i would like use the bank transfer, but i don't understand the process, can you please explain, topping up?",transfer_into_account,65
how do i add a new card?,card_linking,14
phone is gone,lost_or_stolen_phone,43
why did the app refuse to make an approved payment,reverted_card_payment?,53
what is preventing me from adding a specific beneficiary?,beneficiary_not_allowed,8
what is the time frame for transfers,transfer_timing,67
what do i do if my card gets broken?,card_not_working,15
"i just looked at my app and it seems i was charged extra, why is that?",extra_charge_on_statement,35
how long does it take for funds to come through the us to my account?,transfer_timing,67
i made a cash withdraw and it shows up as pending why is that?,pending_cash_withdrawal,47
my payment came back for something i'm trying to buy online? it's been doing it for two weeks. do you know what the issue is?,reverted_card_payment?,53
what should i do if i can't prove my identity.,unable_to_verify_identity,68
so i just went to the atm to get some cash. i input that i needed 100 pounds but i only got 80. i have the receipt and i am in need of the extra money. how do i go about obtaining the missing amount?,wrong_amount_of_cash_received,75
an atm swallowed my credit card!,card_swallowed,19
how many cards can i have for one account?,getting_spare_card,40
the passcode isn't working for me.,passcode_forgotten,45
if i need gbp instead of aud what do i do?,exchange_via_app,34
i think the exchange rate for the cash i withdrew wasn't correct.,wrong_exchange_rate_for_cash_withdrawal,76
i have a charge for something i didn't buy.,card_payment_not_recognised,17
"i was out today looking forward to pay with my new card, turns out the payment just kept getting declined. this is really sad, what's going on?",declined_card_payment,26
i took out cash abroad and the exchange rate isn't correct.,wrong_exchange_rate_for_cash_withdrawal,76
would you be so kind as to activate my card? thanks,activate_my_card,1
"i've obtained the card, how do i enable it on the app?",card_linking,14
help! i think my phone may be stolen or lost!,lost_or_stolen_phone,43
what limits are there on the virtual cards?,disposable_card_limits,30
my virtual card was rejected for a car rental. why?,virtual_card_not_working,72
"what's go on, where is my new card?",card_arrival,12
i am looking to change my adress.,edit_personal_details,31
how do i update my details?,edit_personal_details,31
how can i find out about an extra fee on my statement?,extra_charge_on_statement,35
i bought an item and now i want a refund.,request_refund,52
"i think that someone may be using my card, but i'm not sure,.",compromised_card,23
why is my withdrawal still pending?,pending_cash_withdrawal,47
i have a payment i didnt make on my account,card_payment_not_recognised,17
cannot access my top up.,topping_up_by_card,62
is there a fee to top up a us card using a debit or credit card?,top_up_by_card_charge,57
want to know where funds come from,verify_source_of_funds,70
i lost my password,passcode_forgotten,45
why can i not make a transfer?,failed_transfer,36
why hasn't my card been delivered?,card_arrival,12
where can i find your exchange rates?,exchange_rate,33
my pin tries have run out. now what?,pin_blocked,50
where can i find the source of my available money?,verify_source_of_funds,70
what all currencies can be exchanged?,exchange_via_app,34
i have a trasnger that is pending and wondered about it.,pending_transfer,49
why is my contactless not working?,contactless_not_working,24
i purchased an item and the exchange rate i was given was incorrect.,card_payment_wrong_exchange_rate,18
can i transfer money using a different currency?,receiving_money,51
do you guys accept mastercard or visa?,visa_or_mastercard,73
why is my transfer not done yet?,pending_transfer,49
i believed crypto top up with something you offered. this does not seem to be working. the money has been removed from my account though so what's going on?,top_up_reverted,61
what should i do if i see an unauthorized withdrawal on my statement?,cash_withdrawal_not_recognised,21
the exchange rate seems off on this transaction,card_payment_wrong_exchange_rate,18
i think i got charged twice for the same thing,transaction_charged_twice,63
what do i do if someone used my card without my permission?,compromised_card,23
how do i add my card to the app once i get it?,card_linking,14
can i still use the app if i switched phones?,lost_or_stolen_phone,43
there was a charge applied when i used my card.,card_payment_fee_charged,16
in the app i see a direct debit that i don't recognize.,direct_debit_payment_not_recognised,29
i didn't get the right amount at the atm.,wrong_amount_of_cash_received,75
what can i and can't do with the disposable cards?,disposable_card_limits,30
i checked the app and my balance has not been updated for the cash or cheque deposit.,balance_not_updated_after_cheque_or_cash_deposit,7
is it possible to refund an item?,request_refund,52
explain the payment that was declined!,declined_card_payment,26
"i have a us credit card, will you accept it?",supported_cards_and_currencies,54
my card is lost! please help me!,lost_or_stolen_card,42
"i've got a problem - i purchased an item maybe a week or two ago, but to the payment came back to my account! i've already got what i ordered, so why are the payment funds showing up in my account?",reverted_card_payment?,53
i want to end my account,terminate_account,55
what is the number of days i have to wait for my europe transfer?,transfer_timing,67
i made a cash deposit to my account but i don't see it,balance_not_updated_after_cheque_or_cash_deposit,7
how do i freeze my card using the app?,compromised_card,23
how do i update my pin to a new number?,change_pin,22
i an not sure but it looks as if a card payment i made was cancelled.,reverted_card_payment?,53
i don't recognise a direct debit payment,direct_debit_payment_not_recognised,29
"around one or two weeks ago i purchased something but there's seems to be an issue. i have already received one of the items, but today the money was placed back into my account. what is happening?",reverted_card_payment?,53
the balance does not appear to have updated.,balance_not_updated_after_bank_transfer,6
"so earlier i went to an atm and got cash. but when i checked the app, it states that the withdrawal is pending. how can that be when i have the cash on me?",pending_cash_withdrawal,47
my accounts been charged a payment for something i didn't make.,direct_debit_payment_not_recognised,29
i want to cancel a transfer i just made.,cancel_transfer,9
what is the atmosphere of it,card_acceptance,11
if im not using my account should i close it or just let it sit,terminate_account,55
"can i get a physical card for free, or is there a charge?",order_physical_card,44
"if i get a transfer from europe, how long until it is in my account?",transfer_timing,67
what are your currency exchange fees?,exchange_charge,32
"i have never been charged for making an atm cash withdrawal before, but i am now being charged a fee to withdraw cash. what happened?",cash_withdrawal_charge,20
how long does transfer from the us take?,transfer_timing,67
how do i know where i can use my card?,card_acceptance,11
how do i top up by cheque?,top_up_by_cash_or_cheque,58
why hasn't my transfer been made?,failed_transfer,36
"i no longer live at my address on file, how do i change it?",edit_personal_details,31
what do i do if my virtual card won't work.,virtual_card_not_working,72
can i get a copy of the card by email?,getting_virtual_card,41
"i tried to withdraw some funds from my card, but was declined. how can i get my money?",declined_cash_withdrawal,27
i can't log in with this passocde,passcode_forgotten,45
why was i charged an extra fee when doing a transfer?,transfer_fee_charged,64
there's a direct debit i wish to dispute,direct_debit_payment_not_recognised,29
i could only take the amount of money that was available to me which was less then i expected.,wrong_amount_of_cash_received,75
will i be charged an extra fee if i need to exchange currency?,exchange_charge,32
are there any restrictions for the disposable cards?,disposable_card_limits,30
"why do you keep declining my transfers? it's always been working really well so far but when i tried to buy something just now the card got declined, i tried couple of times already but same thing is happening.",declined_transfer,28
can i top up with google pay?,apple_pay_or_google_pay,3
i'm trying to use my apple watch to top up my google pay. do i need a special app?,apple_pay_or_google_pay,3
do you ship cards to where i live?,order_physical_card,44
where can i find my pin?,get_physical_card,39
how do i do a successful transfer to an account?,beneficiary_not_allowed,8
"i sent out money, but was charged extra for transferring. why?",transfer_fee_charged,64
can you tell me how to get aud not gbp?,exchange_via_app,34
how can i top up with my apple watch?,apple_pay_or_google_pay,3
there are a couple payments with my card shown that i'm not responsible for. what is going on? maybe someone has access to my account.,card_payment_not_recognised,17
where can i find information about where my money came from?,verify_source_of_funds,70
card activation is not working. what do i do?,activate_my_card,1
when will the money reach my account?,transfer_timing,67
how long will it take for my cash withdrawal to no longer show as pending?,pending_cash_withdrawal,47
i believe my top up is still pending,pending_top_up,48
when can i expect my new card to get here?,card_delivery_estimate,13
how do i link a new payment card?,card_linking,14
why did i have to pay a fee when i got cash?,cash_withdrawal_charge,20
will i get extra charges?,transfer_fee_charged,64
i transferred some money but i think it has gotten lost somewhere.,balance_not_updated_after_bank_transfer,6
"there is an unexplained 1 charge on my statement, can you please explain this to me?",extra_charge_on_statement,35
i'm having trouble proving my identity,unable_to_verify_identity,68
i saw a fee on my app from one of my payments and i wasn't sure where it came from. is there a way you can tell me when there's an additional fee for my payments?,card_payment_fee_charged,16
i need my card right away.,card_delivery_estimate,13
i have a disposable card but it does not work?,virtual_card_not_working,72
i refilled my account balance but got an error message.,top_up_reverted,61
what is the auto top up function and where can i find that at?,automatic_top_up,5
i did not make this payment that i see in the app.,card_payment_not_recognised,17
why hasn't my transaction arrived?,transfer_not_received_by_recipient,66
which cards are accepted for topping up?,supported_cards_and_currencies,54
"i was out today looking forward to paying with my new card, but the payment just kept getting declined. this is really sad, what's going on?",declined_card_payment,26
how do i cancel my transaction?,cancel_transfer,9
can i have more than 2 disposable cards?,disposable_card_limits,30
my refund is not here yet,Refund_not_showing_up,0
how much do you charge for exchange rates?,exchange_charge,32
i made a cash withdrawal at an atm but it still says pending in my account.,pending_cash_withdrawal,47
i cannot seem to use my card.,card_not_working,15
why didn't my transfer complete?,failed_transfer,36
my ecchange rate was wrong for a cash transaction.,wrong_exchange_rate_for_cash_withdrawal,76
can i use check to top up,top_up_by_cash_or_cheque,58
why is the payment from my card still pending?,pending_card_payment,46
i don't want to use this method to identify myself.,why_verify_identity,74
i need help with a lost card,lost_or_stolen_card,42
i got my new card where do i go to activate it?,activate_my_card,1
do you give out visa or mastercards?,visa_or_mastercard,73
my card suddenly quit working.,card_not_working,15
"i was charged twice, when i didn't purchase anything twice.",transaction_charged_twice,63
why am i getting double charged for multiple transactions?,transaction_charged_twice,63
causes of top-up cancellation,top_up_reverted,61
what is the proper way to activate a card?,activate_my_card,1
how much will it cost me for a sepa transfer?,top_up_by_bank_transfer_charge,56
is there an issue with my card payment as it has not gone through.,declined_card_payment,26
is there a limit on making disposable cards?,disposable_card_limits,30
"i was charged a fee when i transferred my funds, why?",transfer_fee_charged,64
"i just checked and my payment was cancelled, why?",reverted_card_payment?,53
why wont the other bank take my money?? is it not good enough?? there's sufficient funds but i keep getting denied a standard transfer. ive tried 5 times!,failed_transfer,36
when will the transaction post to my account?,pending_transfer,49
"i need a new card to replace an expired one. will it cost anything, and how soon?",card_about_to_expire,10
why do i need to have my identity verified?,why_verify_identity,74
"lost my phone, dont want others to use it.",lost_or_stolen_phone,43
the atm keeps declining my card. i tried at a couple different atms. can you tell me if there's a problem with my account?,declined_cash_withdrawal,27
can i verify a top-up and what card is used?,verify_top_up,71
is there an age limit for opening an account?,age_limit,2
i must change my pin as soon as possible.,change_pin,22
"i transferred 7,000 to a receiver outside the eu and they received a lesser amount than what i sent, unfortunately, now i must send an additional transfer to the receiver so that they can receive the full amount i initially sent. i'm not sure why they received a lesser amount than what i initially sen, but can you please look into this and let me know what happened?",transfer_fee_charged,64
i made a transfer from france a couple days ago and don't see the transaction yet. how long does an international transfer take?,balance_not_updated_after_bank_transfer,6
can i get a new card?,order_physical_card,44
why check my identity?,why_verify_identity,74
"i moved out of my old house two weeks ago and cancelled my direct debit to my old landlord, this direct debit was working fine. now i've moved in to a new place and set up a transfer to a new landlord but it's not reached her yet, can you check it please?",transfer_not_received_by_recipient,66
how do i access the option to top up?,automatic_top_up,5
what's going on? i was just recently charged for an atm withdrawal. i've never seen this charge before and before it's always been free.,cash_withdrawal_charge,20
what is the reason for that,card_not_working,15
my card was declined today when eating and i need to know what's wrong.,card_not_working,15
how long does it take for a cash withdrawal to show?,pending_cash_withdrawal,47
i have a direct debit that i did not set up,direct_debit_payment_not_recognised,29
i need my card to be delivered fast,card_delivery_estimate,13
i could not access my money at the atm,declined_cash_withdrawal,27
is there a top up limit for my account?,top_up_limits,60
are there any fiat currencies that you will not work with?,fiat_currency_support,37
i'm just wondering when my card will get here.,card_delivery_estimate,13
i used my card to top-up but the money is gone!,topping_up_by_card,62
the atm is showing it gave me the money i requested but i didn't get that amount.,wrong_amount_of_cash_received,75
can you get me my card fast?,card_delivery_estimate,13
is there a reason that my top-up is still pending?,pending_top_up,48
the atm wouldn't give out cash,declined_cash_withdrawal,27
what are the additional charges for a swift transfer?,top_up_by_bank_transfer_charge,56
why was a transaction on my card declined?,declined_card_payment,26
"i have a strange transaction for 1 on my statement, what is that?",extra_charge_on_statement,35
with what can i verify my identity?,verify_my_identity,69
"declined, transfer not completed.",declined_transfer,28
the atm gave me less cash than requested,wrong_amount_of_cash_received,75
are there businesses that don't accept this card?,card_acceptance,11
i would like to get additional physical cards at this time,getting_spare_card,40
"i bought something online a couple days ago, sent the money immediately online but the seller says it's still not there yet. how long do eu transfers actually take?",pending_transfer,49
"how can i request cash back? the atm just gave me the wrong amount, the app shows the amount that i've been actually charged though...",wrong_amount_of_cash_received,75
i don't appreciate the extra fees being siphoned from my account. i was helping some friends move to japan and we were buying home decorations at the local stores. the receipts differed greatly from what showed up in my bank account and my statement. when can i expect the extra fees to be back in my account?,transfer_fee_charged,64
too many times i entered the incorrect pin. how can i get my account unblocked?,pin_blocked,50
"i tried using a foreign currency at an atm, but the atm provided me an incorrect rate. why is that?",wrong_exchange_rate_for_cash_withdrawal,76
what retailers accept my card?,card_acceptance,11
what are these disposable cards meant for?,get_disposable_virtual_card,38
can i verify my identity i the app,verify_my_identity,69
the wrong exchange rate was used when i purchased an item.,card_payment_wrong_exchange_rate,18
i was charged twice.,transaction_charged_twice,63
what cards do you support,supported_cards_and_currencies,54
i've tried using my card multiple times and it keeps getting declined.,declined_card_payment,26
please help me with my card. it won't activate.,activate_my_card,1
i think you reverted my top up.,top_up_reverted,61
i tried my pin too many times and now my card won't work!,pin_blocked,50
can i unblock my pin?,pin_blocked,50
why is it failing to top-up?,top_up_failed,59
i want to know the source of my funds.,verify_source_of_funds,70
how can i cancel a transaction to a wrong account?,cancel_transfer,9
"i made a rent payment from the wrong account yesterday. it absolutely has to go through tomorrow, so can you please reroute the payment to the right account?",cancel_transfer,9
why am i getting declines when trying to make a purchase online?,declined_transfer,28
"my card got trapped inside an atm, what should i do?",card_swallowed,19
i deposited cash into my account and i'm having trouble seeing it on my account.,balance_not_updated_after_cheque_or_cash_deposit,7
how do i replace my card?,card_about_to_expire,10
why did i get a 1 extra fee on the statement?,extra_charge_on_statement,35
i got charged a fee that shouldn't be there from my cash,cash_withdrawal_charge,20
how can i verify my top-up card?,verify_top_up,71
is my child too young to sign up?,age_limit,2
can you give me a visa?,visa_or_mastercard,73
i can get my identification verified.,unable_to_verify_identity,68
i see some fees for cash withdraw.,cash_withdrawal_charge,20
"in my statement, there was an extra 1 fee",extra_charge_on_statement,35
please help me cancel a transaction.,cancel_transfer,9
what types of top-up methods do you accept?,top_up_by_cash_or_cheque,58
my card doesn't work.,card_not_working,15
i see a direct debit that isn't mine? how can i get my money back?,direct_debit_payment_not_recognised,29
"my account got charged for taking out cash, why did this happen?",cash_withdrawal_charge,20
why are there fees for using a card?,card_payment_fee_charged,16
i need a refund?,request_refund,52
is there an age limit to when my child can use these services?,age_limit,2
why was my account assessed a fee?,extra_charge_on_statement,35
"i have enough money in my account, so why is my card being declined?",declined_card_payment,26
how do i go about verifying the top-up card?,verify_top_up,71
i need to verify my identity,verify_my_identity,69
my disposable virtual card got rejected,virtual_card_not_working,72
can someone please explain to me where my source of funds came from?,verify_source_of_funds,70
how old does my daughter need to be to have her own account?,age_limit,2
what sort of restrictions are there for the disposable cards?,disposable_card_limits,30
i made a transfer from france two days ago now but there hasn't made it there yet. do international transfers take longer?,balance_not_updated_after_bank_transfer,6
how does identity check work?,why_verify_identity,74
a transfer has to be cancelled.,cancel_transfer,9
my cards were stolen,lost_or_stolen_phone,43
"my top up did not show up as shown and my money has disappeared, can you help me fix this glitch problem?",top_up_reverted,61
i'm in spain and my stuff has been stolen. my card was with it and i need a new one shipped and the old one frozen.,lost_or_stolen_card,42
what is the youngest someone can be to open an account?,age_limit,2
how many times can i enter a wrong pin before it is blocked?,pin_blocked,50
where exactly does money come from,verify_source_of_funds,70
what could possibly be the cause of my failed transfer?,failed_transfer,36
why do some of my payments have fees? i don't understand.,card_payment_fee_charged,16
where are the cards transported to?,order_physical_card,44
what countries are you available in?,country_support,25
i need a new card since my old one is about to expire.,card_about_to_expire,10
i lost my wallet and all my cards were in it.,lost_or_stolen_card,42
what do i need to do to change the address on my account?,edit_personal_details,31
i might need a new card because it's not working at any of the atms. i don't think ive used all my money. why is it doing this?,declined_cash_withdrawal,27
what are the reasons that my mortgage payment won't go through? i'm getting an error and don't know how to correct to get this transfer to go through.,failed_transfer,36
"i haven't received my virtual card yet, do yo know why?",getting_virtual_card,41
it looks like my top-up was cancelled,top_up_reverted,61
i'm confused as to why my transfer is still listed as pending on the website.,pending_transfer,49
i am seeing in the app a some cash withdrawal that does not belong to me,cash_withdrawal_not_recognised,21
can you help me process a refund?,request_refund,52
"there is a direct debit charge that i don't recognize, what can i do?",direct_debit_payment_not_recognised,29
is it possible to tell if my top up has reverted?,top_up_reverted,61
i want to exchange usd and gbp with the app,exchange_via_app,34
why was i charged twice for the same transaction?,transaction_charged_twice,63
why am i unable to take money from my card but the statement says the transaction is still pending?,pending_cash_withdrawal,47
in what countries do you do business?,country_support,25
what do i do if my verification failed,unable_to_verify_identity,68
when will my balance update after a transfer?,balance_not_updated_after_bank_transfer,6
i am unhappy with an item i bought. how do i get a refund?,request_refund,52
i have been charged for one thing two times.,transaction_charged_twice,63
why have i been charged a fee for using my card?,card_payment_fee_charged,16
"i tried to withdraw 100, all it gave me was 20.",wrong_amount_of_cash_received,75
there are a few payments in the app that i didn't make! does someone else have my card? what should i do?,card_payment_not_recognised,17
can i get an account for my son?,age_limit,2
i'd prefer to use my american express when putting funds into my account.,supported_cards_and_currencies,54
how to recover my passcode,passcode_forgotten,45
is there an exchange fee?,exchange_charge,32
how do i fill out the identity check?,verify_my_identity,69
i see a reverted payment on my account. why has this happened?,reverted_card_payment?,53
i already got my item but just got my money back,reverted_card_payment?,53
i used an atm and there was an extra charge.,cash_withdrawal_charge,20
how do i go about getting an actual card?,order_physical_card,44
i see a fee that i think was charged because i paid by card.,card_payment_fee_charged,16
can my 8 year old grandson open an account at the bank?,age_limit,2
why are you charging me fees for using my card?,card_payment_fee_charged,16
i have moved. where can i update my details?,edit_personal_details,31
why isn't my money from a check deposit showing?,balance_not_updated_after_cheque_or_cash_deposit,7
why is there a charge for my transfer?,transfer_fee_charged,64
what are the age requirements for service?,age_limit,2
i urgently need to top-up my card but its getting declined. please help me in this or advise with other options if any.,top_up_failed,59
i can't find the pin.,get_physical_card,39
how many times can i auto top-up?,automatic_top_up,5
how do i obtain a disposable virtual card?,get_disposable_virtual_card,38
why is my purchase showing as pending?,pending_card_payment,46
"someone has stolen my card. even though i have my card with me, someone just made a 500 cash withdrawal. please help as soon as possible.",cash_withdrawal_not_recognised,21
how do a reverse a duplicated charge?,transaction_charged_twice,63
"atms, which ones will accept this card?",atm_support,4
"i have checked the account information several times to be sure that it is correct, but the in country transfer i did a few days ago still has not appeared! what is the hold up?",transfer_not_received_by_recipient,66
is there an auto top-up option?,automatic_top_up,5
what do i need to do for the card activation?,activate_my_card,1
i would like some help getting a refund back from a seller. it still isn't showing up on my statement and i requested this a long time ago. i'm not sure why it's not returned yet. can you assist me in getting this money back?,Refund_not_showing_up,0
my top up was denied,top_up_failed,59
how long does a transfer stay pending?,pending_transfer,49
i just got my card and cannot get it to work.,activate_my_card,1
why would a cash withdrawal be pending?,pending_cash_withdrawal,47
how many card payments can i use on a disposable card?,disposable_card_limits,30
"i am getting charged fees on some payments. please help me understand, where are these fees disclosed?",card_payment_fee_charged,16
i checked my account and see that funds were deducted from a seller i didn't approve of. can you help me understand?,direct_debit_payment_not_recognised,29
what fiat currencies are used for holding transactions?,fiat_currency_support,37
can i hold money in other currencies?,fiat_currency_support,37
what's the limit on total number of cards i can have?,getting_spare_card,40
"the expiration date on my card is very soon, and i need to get a new one. what are the price and delivery options for my replacement card?",card_about_to_expire,10
problem verifying my account,unable_to_verify_identity,68
i tried the wrong pin too many times.,pin_blocked,50
i want to create a new pin.,change_pin,22
what is the present state of the exchange rate?,exchange_rate,33
is there a minimum age for having an account?,age_limit,2
i need more money in my account. can i add more by transferring?,transfer_into_account,65
i want a refund,request_refund,52
how do i order a new card if my current one is about to expire?,card_about_to_expire,10
where is the refund on my statement?,Refund_not_showing_up,0
"i am using the app, and i see cash withdrawals that i did not authorize.",cash_withdrawal_not_recognised,21
i think my child used my card while i wasn't home.,compromised_card,23
"i still have not received my new card, i ordered over a week ago.",card_arrival,12
which type of card will i receive?,visa_or_mastercard,73
i just had my card get declined at the atm! i need to get money out but i am unable to. why has this happened?,declined_cash_withdrawal,27
"help, i don't know what the pin is to my card?",get_physical_card,39
i will be traveling and want money to be added automatically in certain intervals. is this possible?,automatic_top_up,5
are there age requirements,age_limit,2
how old do you have to be to get an account?,age_limit,2
my transaction is on the wrong account.,cancel_transfer,9
there are automatic debits on my account that i did not make.,direct_debit_payment_not_recognised,29
can my children open an account?,age_limit,2
why are the things i bought earlier today still showing as pending?,pending_card_payment,46
i want to activate the card.,activate_my_card,1
why haven't i gotten a virtual card yet?,getting_virtual_card,41
someone took my card without permission,lost_or_stolen_card,42
will the card be a mastercard or a visa?,visa_or_mastercard,73
"i used my card to top up, but now i don't see the money in my account.",topping_up_by_card,62
what is the maximum i can top up?,top_up_limits,60
what are some of the restrictions that the disposable cards have?,disposable_card_limits,30
what's the deal? money has just disappeared out of my account. i thought you offered crypto top up and it doesn't seem to working.,top_up_reverted,61
what do i do if i find a debit charge that i know i didn't do in my billing statement?,direct_debit_payment_not_recognised,29
my purchases from this morning still have pending payments.,pending_card_payment,46
i paid with card and was charged a fee that shouldn't be there!,card_payment_fee_charged,16
"hello, i'd like to inform you of an issue i'm currently experiencing. the goods i have ordered from your website have still not arrived yet it has been over 3 weeks. i would like to be issued a refund swiftly and be redirected to more competent people. thank you for your assistance.",request_refund,52
why isn't this accepting my identity?,unable_to_verify_identity,68
a payment shows up on the app that i never made.,card_payment_not_recognised,17
how will i know when i get my refund?,Refund_not_showing_up,0
who should i talk to or go to resolve a duplicate charge on my statement?,transaction_charged_twice,63
do you accept other currencies besides us dollars?,supported_cards_and_currencies,54
what is the extra fee on my statement?,extra_charge_on_statement,35
i want to top up with my apple watch.,apple_pay_or_google_pay,3
will i be charged for adding money using an international card?,top_up_by_card_charge,57
please help me. i am still waiting on a refund.,Refund_not_showing_up,0
i want to skip verification of my identity.,why_verify_identity,74
when will the transaction be done?,transfer_not_received_by_recipient,66
how long will my transfer be pending for?,pending_transfer,49
my transfer has not arrived.,transfer_not_received_by_recipient,66
i used my card for a purchase and was charged a fee,card_payment_fee_charged,16
is apple pay a top up service?,apple_pay_or_google_pay,3
"i want to transfer money into my account, what do i do?",transfer_into_account,65
how long does it take for an international transfer into my account?,balance_not_updated_after_bank_transfer,6
what is the most that i can top-up to a card?,top_up_limits,60
"i transferred money to a receiver within the eu and they received a lesser amount than expected. now i will have to send additional money to the receiver in order to make up the difference. i'm not sure what went wrong, can you please advise?",transfer_fee_charged,64
"i've been waiting a while for my card, is there a way to know when it will arrive?",card_arrival,12
my transfer to a beneficiary did not go through. why?,beneficiary_not_allowed,8
which flat currencies can i use from you?,fiat_currency_support,37
"i want to hold and exchange fiat currencies, what can i use to do so?",fiat_currency_support,37
unsupported transfer declined,declined_transfer,28
is using my card free?,card_payment_fee_charged,16
what happens if the atm gives me the wrong amount of money?,wrong_amount_of_cash_received,75
i am not sure where my phone is.,lost_or_stolen_phone,43
which atms accept mastercard?,atm_support,4
"if us cards have a top up charge, what is it?",top_up_by_card_charge,57
is there a way to link the card i just got?,card_linking,14
"my receipt shows an extra charge on my transfer, why is this?",transfer_fee_charged,64
are the top-ups limited?,top_up_limits,60
why did i not get the amount of money i requested?,wrong_amount_of_cash_received,75
looking at my statement i see that i was double charged for a payment i made.,transaction_charged_twice,63
do you send duplicate cards?,getting_spare_card,40
i need my card frozen cause it was used without my consent to take money out. it was in an odd place.,cash_withdrawal_not_recognised,21
why is there are there two of the same transaction?,transaction_charged_twice,63
why do you require so many details about my identity?,why_verify_identity,74
i wasn't applied the correct exchange rate when getting cash,wrong_exchange_rate_for_cash_withdrawal,76
i need to reorder my virtual card!,getting_virtual_card,41
what should i do if my card is missing?,lost_or_stolen_card,42
do you deliver the pin separately?,get_physical_card,39
i've made a bank transfer but the money doesn't seem to be in my account.,balance_not_updated_after_bank_transfer,6
will you charge me for exchanging foreign currencies?,exchange_charge,32
i tried using my atm card at your notting hill location today. it did not work. am i doing something wrong?,declined_cash_withdrawal,27
from where are you getting your exchange rates?,exchange_rate,33
why is there a payment i didn't do in my app?,card_payment_not_recognised,17
i think my phone is either lost or stolen.,lost_or_stolen_phone,43
why would my top up be cancelled?,top_up_reverted,61
how can i obtain a virtual card?,getting_virtual_card,41
where should i look for my pin number at?,get_physical_card,39
i lost my passcode.,passcode_forgotten,45
"hey a seller just contacted me that my money didn't come through. it was definitely deducted from my account, but now it appears it's back with me! sort this out asap please.",reverted_card_payment?,53
what should i do if i think that someone else may be using my card.,compromised_card,23
"this is terrible, i want to delete my account",terminate_account,55
i was charged a hidden fee when i paid with card.,card_payment_fee_charged,16
the money is still in my account even though i already paid -- i don't understand what happened.,reverted_card_payment?,53
i need a physical card. what are the fees?,order_physical_card,44
how do i verify my identity?,verify_my_identity,69
"according to the app, i got cash from an atm but i haven't made any transactions.",cash_withdrawal_not_recognised,21
i didn't receive the right amount of cash back,wrong_amount_of_cash_received,75
when will my refund come through,Refund_not_showing_up,0
show me please how to reset my passcode.,passcode_forgotten,45
why is the pending status on my cash withdrawal taking so long?,pending_cash_withdrawal,47
what is required documents for new card process ?,contactless_not_working,24
where can i withdrawal my money?,atm_support,4
my card needs to be activated.,activate_my_card,1
are cheques accepted for a top up?,top_up_by_cash_or_cheque,58
can i have a spare card for this account please?,getting_spare_card,40
my account balance has not updated since i deposited a cheque recently.,balance_not_updated_after_cheque_or_cash_deposit,7
"i would like to top up my account with a bank transfer, is that allowed?",transfer_into_account,65
what's the web address to unblock my pin?,pin_blocked,50
"why did i not get all the money that i asked for? i asked for all the cash in my my account, but i only got about half. why is that??",wrong_amount_of_cash_received,75
"i just saw some charges on my card from the past days that i dont recognize, i need to freeze the card asap! will i be able to get my money back?",card_payment_not_recognised,17
i got an cancellation error when i was topping up.,top_up_reverted,61
what do i do after the atm takes my card.,card_swallowed,19
still waiting on my new card,card_arrival,12
i would like to exchange some currency.,exchange_via_app,34
what are the age limits for your service?,age_limit,2
how long does an item i bought show as pending?,pending_card_payment,46
i did not get the right amount of cash from the atm.,wrong_amount_of_cash_received,75
how long until my new card gets here?,card_arrival,12
i wanted 100 but only got 20,wrong_amount_of_cash_received,75
my card was refused,declined_card_payment,26
"i made a mistake of transferring, can i cancel my previous transfer?",cancel_transfer,9
will you handle eur?,fiat_currency_support,37
is it normal to be charged an extra fee when paying with my card?,card_payment_fee_charged,16
there is a withdrawal on my account that i don't remember initiating.,cash_withdrawal_not_recognised,21
"hi, i'm trying to by some crypto and the app isn't allowing it. i really want to exchange this, what am i doing wrong?",beneficiary_not_allowed,8
my top up card needs verification and i don't know how to do it,verify_top_up,71
i think my card is stolen!,lost_or_stolen_card,42
i requested for a top-up but it has not reflected,top_up_failed,59
"out of the blue, my card stopped working.",card_not_working,15
how do i check security settings on my card?,card_not_working,15
i didn't receive all the cash i asked for,wrong_amount_of_cash_received,75
where can i get your exchange rates from?,exchange_rate,33
my app is displaying a payment i didn't make,card_payment_not_recognised,17
is there a problem that makes my payments show pending?,pending_card_payment,46
how much time do transfers typically take? i sent money to a friend who needs it urgently. it's been hours and has not gone through.,transfer_not_received_by_recipient,66
my top-up was rejected by an app.,top_up_failed,59
how do i receive a refund for my item?,request_refund,52
why do i need to verify the top-up?,verify_top_up,71
if i need more than cards will i have to pay a fee to receive them?,getting_spare_card,40
please give me both a visa and a master card.,visa_or_mastercard,73
there is a suspicious cash withdraw on the account.,cash_withdrawal_not_recognised,21
i don't know where this transaction came from?,card_payment_not_recognised,17
"you will hear back from us about your verification results in 10 minutes to a one hour timeframe. if these verification results do fail, please double-check to make sure your images are clear and have no glare or blur your photos need to be fully readable. you need to be 18 years of age or older and a resident of switzerland or the european economic area to create an account.",unable_to_verify_identity,68
"the transfer keeps failing - i tried to transfer some money to friends this morning but it keeps getting rejected for some reason, i have no idea why",failed_transfer,36
can i use my apple watch to to top up?,apple_pay_or_google_pay,3
what do i do if my pin was blocked?,pin_blocked,50
"i thought i knew my password but i guess i was wrong, what can i do now?",passcode_forgotten,45
why does my transfer still say it is pending?,pending_transfer,49
where can i use my card?,card_acceptance,11
i'd like to have another card,getting_spare_card,40
"if i use a european bank card for top up, do i get charged?",top_up_by_card_charge,57
"there has been an unusual withdrawal from my account, can you help?",cash_withdrawal_not_recognised,21
a transfer could not be completed.,failed_transfer,36
what fiat currencies are used with holdings and exchanges?,fiat_currency_support,37
what kind of businesses will take my card?,card_acceptance,11
can you please help me in canceling my order.,request_refund,52
"i thought i lost my card but i found it today, so i would like to reactivate it.",card_linking,14
will it automatically top-up money if there isn't a lot left?,automatic_top_up,5
i did a transfer earlier but see that it failed to go through.,failed_transfer,36
account topping up bank transfers to my account assistance please?,transfer_into_account,65
i did a cash deposit to my account but my balance is still the same. what happened?,balance_not_updated_after_cheque_or_cash_deposit,7
how to order a virtual card,getting_virtual_card,41
my atm got stuck and i'm not sure what to do.,card_swallowed,19
"hello, there was an error while attempting top-up with my card this morning. i was able to use the card two days ago with no issues. could you please assist?",top_up_failed,59
how many disposable virtual cards can i have?,disposable_card_limits,30
what should i do if i've tried to enter my pin too often?,pin_blocked,50
what are the steps for my friend to send me money?,receiving_money,51
i haven't received the cash from the check i deposited.,balance_not_updated_after_cheque_or_cash_deposit,7
my top up was rejected. why?,top_up_reverted,61
what's the top up limit?,top_up_limits,60
i had transferred some money but the balance hasn't changed.,balance_not_updated_after_bank_transfer,6
can you tell me if my pop-up went through?,top_up_failed,59
"i need to order a new card, can you please direct me to the virtual cards?",getting_virtual_card,41
why was my transfer declined,declined_transfer,28
"hello. i ran into a problem with a transfer this morning. i was trying to send money to some friends but when i tried to send it, the transfer failed. i don't know what is causing the transfer to be rejected. please let me know what is causing the problem. thanks.",failed_transfer,36
"my cash withdrawal is showing as pending, why?",pending_cash_withdrawal,47
why does my account show as pending a cash withdrawal from the atm that i have already made?,pending_cash_withdrawal,47
"hi, in morning, i was trying to withdraw money from my card, but it got declined. so far it was working fine. could you please check my card.",declined_cash_withdrawal,27
what do you do with all the identity information you're collecting from me?,why_verify_identity,74
when will i have access to my pin number?,get_physical_card,39
when will my transfer be in my account?,transfer_timing,67
can i exchange currencies with this app?,exchange_via_app,34
can you tell me the foreign exchange rate?,exchange_rate,33
why can i not choose the card i want?,visa_or_mastercard,73
hello. i checked my transactions and saw i was double charged for a restaurant visit. can i get my money back?,transaction_charged_twice,63
i live in the eu - can i get a card?,country_support,25
"if i receive foreign currencies, am i able to exchange them on the app?",exchange_via_app,34
i didn't get my card back from the atm.,card_swallowed,19
why wouldn't you support american express? its a card i like and use often and i don't want to get a different one,supported_cards_and_currencies,54
i need to cancel a transaction.,cancel_transfer,9
i saw a payment i did not do,card_payment_not_recognised,17
i do not recognize a direct debit payment that i see on my app,direct_debit_payment_not_recognised,29
"i've been waiting for 3 days, why is my withdrawal still pending?",pending_cash_withdrawal,47
what are the benefits of a disposable card?,get_disposable_virtual_card,38
the app is not able to realize that it is me.,unable_to_verify_identity,68
what is the source of my money?,verify_source_of_funds,70
my card stopped working when i use it,card_not_working,15
i would like to cancel my previous transaction,cancel_transfer,9
how long do i have to wait for my transaction to be completed?,transfer_not_received_by_recipient,66
is there a top-up fee if you add money in usd?,top_up_by_card_charge,57
"is there a local atm that will provide british pounds, i have no money for my homeward journey and do not feel comfortable waiting until i arrive in britain. will a withdrawal involve extra charges?",wrong_exchange_rate_for_cash_withdrawal,76
i'm not sure where this charge came from.,card_payment_not_recognised,17
is there such thing as top up by cheque?,top_up_by_cash_or_cheque,58
i've tried my card a bunch of times and it never worked.,card_not_working,15
i did not receive all of my cash back,wrong_amount_of_cash_received,75
do i have to go somewhere to activate my card?,activate_my_card,1
whats the limit on my top up,top_up_limits,60
does transferring money have a fee?,transfer_fee_charged,64
will i be able to get both a visa and a mastercard?,visa_or_mastercard,73
could you please recommend what i should do if my card keeps getting declined? i planned to top-up today but i am unable to get it to work. i need a fast solution to this problem.,top_up_failed,59
what do i need to do to activate my card?,activate_my_card,1
"after the transfer, the balance did not update.",balance_not_updated_after_bank_transfer,6
what can i do if contactless doesn't work?,contactless_not_working,24
why isn't my deposit showing up?,balance_not_updated_after_cheque_or_cash_deposit,7
who should i contact if the amount of my withdrawal doesn't correspond to the amount that i tried to take out of my account?,wrong_amount_of_cash_received,75
how do you determine exchange rates?,exchange_rate,33
i transferred some money but it is yet to arrive.,balance_not_updated_after_bank_transfer,6
"hi, there is a suspicious payment from my card. i definitely do not know who this is or who could have made this payment.",card_payment_not_recognised,17
can topping up be automatic?,automatic_top_up,5
my transaction is showing several times.,transaction_charged_twice,63
would it be possible for me to get a second card?,getting_spare_card,40
how long is the wait for a money transfer to post?,pending_transfer,49
how can i close my account?,terminate_account,55
i want my purchases cancelled.,request_refund,52
i went tot the atm earlier today and didn't realize this till now but i did not get all the money i requested. i believe my account was charged for 100 but i only got 80. is there any way we can solve this problem?,wrong_amount_of_cash_received,75
"for my account, how do i transfer money in?",transfer_into_account,65
can you tell me when my card will arrive?,card_delivery_estimate,13
"i'm locked out of my account as i can't remember my code, what do i do now?",passcode_forgotten,45
"cancel my transfer, please.",cancel_transfer,9
"i need aud not gbp, how do i change it?",exchange_via_app,34
"i think i want aud and not gbp, can you help?",exchange_via_app,34
what stipulations do disposable cards entail?,disposable_card_limits,30
what atms can i use this card at?,atm_support,4
i want to reverse a transaction i did this morning,cancel_transfer,9
when will my card payment be done pending?,pending_card_payment,46
are there limits with top-up?,top_up_limits,60
i'm not able to withdraw money from the atm but i'm not sure why.,declined_cash_withdrawal,27
i don't know what this direct debit payment on my account is for.,direct_debit_payment_not_recognised,29
what is this fee for transferring money?,transfer_fee_charged,64
i want to top-up using cash,top_up_by_cash_or_cheque,58
do i have to use bank approved atm's,atm_support,4
i was charged the wrong exchange rate on a purchase,card_payment_wrong_exchange_rate,18
how do i deposit my paycheck to this account?,receiving_money,51
the recipient doesn't see the money transaction i made,transfer_not_received_by_recipient,66
will i be charged for exchanging foreign currencies?,exchange_charge,32
"why, when paying with the card, was i charged an extra fee?",card_payment_fee_charged,16
i need to know what's going on. i was under the impression you offered cryto top up which doesn't seem to be working and money has just vanished from my account.,top_up_reverted,61
i've forgotten my passcode. can i reset?,passcode_forgotten,45
what do i need to do to get a card?,order_physical_card,44
i was the victim of someone stealing my wallet. my card is being used and it isn't me. what should i do?,cash_withdrawal_not_recognised,21
i topped up my account but the money isn't there now.,topping_up_by_card,62
how do i transfer cash my into my account?,transfer_into_account,65
why do you need to verify my identity?,why_verify_identity,74
my card is about to expire. how do i get a new one?,card_about_to_expire,10
my refund is not showing up in my account. where is it?,Refund_not_showing_up,0
why is the exchange rate terrible? that can't be close to the actual interbank rate.,card_payment_wrong_exchange_rate,18
a transaction to a friend still hasn't shown up.,transfer_not_received_by_recipient,66
i'd like to apply for a visa card.,visa_or_mastercard,73
can you explain why i am now getting charged a fee for using my card?,card_payment_fee_charged,16
please send a new card the atm ate mine.,card_swallowed,19
what is going on with my cash deposit. i'm looking at my account balance and it is not there. it has been almost a week. someone better get back to me asap.,balance_not_updated_after_cheque_or_cash_deposit,7
the app reverted what i topped up.,top_up_reverted,61
why does it show that my transfer is still pending?,pending_transfer,49
a shop i go to didn't let me pay.,declined_card_payment,26
i found my card again. can i put it back into the app?,card_linking,14
"i can't figure out how to change gbp to aud, what do i do?",exchange_via_app,34
i want to use bank transfer for topping up my account. how is it handled?,transfer_into_account,65
i want to know where the funds come from.,verify_source_of_funds,70
are there any limit on the auto top-up?,automatic_top_up,5
could you explain why my top-up has gone through yet?,pending_top_up,48
is it possible to get a card outside the uk?,country_support,25
my balance is not what i thought it was following an atm withdrawal,pending_cash_withdrawal,47
help me verify the card used on a top-up.,verify_top_up,71
i transferred some money but it hasn't arrived yet,balance_not_updated_after_bank_transfer,6
what is the minimum age limit?,age_limit,2
how long should a cheque deposit take to show? my account hasn't updated and i want to make sure everything is okay.,balance_not_updated_after_cheque_or_cash_deposit,7
can the delivery be specific to my needs?,card_delivery_estimate,13
i would like to have a physical card to carry around and use. how can i get one?,order_physical_card,44
what are the fees associated with top up via transfer?,top_up_by_bank_transfer_charge,56
why is my check still not showing up on my account? it's been a week already,balance_not_updated_after_cheque_or_cash_deposit,7
what do i need to do to verify my funds?,verify_source_of_funds,70
can i use my card anywhere?,card_acceptance,11
i am looking to delete my account. i'm not happy with the service provided by you.,terminate_account,55
please tell me how i can receive a physical card,order_physical_card,44
how much do i have to pay to accept an international transfer?,exchange_charge,32
can you tell me about why the account i have was charged an extra 1,extra_charge_on_statement,35
what is with the need to have all my id information?,why_verify_identity,74
i thought that transfers are free. why was i charged an extra fee?,transfer_fee_charged,64
what documents do i need for the identity check?,verify_my_identity,69
why won't my transfer to another account work?,beneficiary_not_allowed,8
a card payment on my account is shown as pending.,pending_card_payment,46
i wish to top up using a cheque.,top_up_by_cash_or_cheque,58
how many transactions can i make on my disposable card?,disposable_card_limits,30
i tried to use the atm with foreign currency. the conversion rate applied was wrong.,wrong_exchange_rate_for_cash_withdrawal,76
can you tell me what i need for identity validation?,verify_my_identity,69
is there a way to track my card?,card_arrival,12
my card declined,declined_card_payment,26
how do i apply for a refund?,request_refund,52
the refund isn't showing up on my account.,Refund_not_showing_up,0
is it possible to get both visa and mastercard from you?,visa_or_mastercard,73
can you tell me why i noticed a 1 charge on my statement?,extra_charge_on_statement,35
i need to know the if there is a limit on the amount for auto top-up.,automatic_top_up,5
why has my card payment been cancelled?,reverted_card_payment?,53
i need to urgently transfer something from china. how long will it approximately take?,transfer_timing,67
can someone assist me with activating my card?,activate_my_card,1
i'm using the app and i noticed a payment that i didn't make.,card_payment_not_recognised,17
why has my card payment been reversed?,reverted_card_payment?,53
i don't think i made this transaction on my statement,card_payment_not_recognised,17
may i change my pin?,change_pin,22
why is my card payment pending?,pending_card_payment,46
why isn't my balance updating after depositing cheques and cash.,balance_not_updated_after_cheque_or_cash_deposit,7
i must make several disposable cards per day.,disposable_card_limits,30
i don't like your company. delete my account.,terminate_account,55
can you tell me if i can hold money in several currencies?,fiat_currency_support,37
i need to find the card i received in the app.,card_linking,14
i need to change my contact information.,edit_personal_details,31
how is top-up verified?,verify_top_up,71
what is going on? i have checked over and over and the details of my account are right. why is my transfer still pending? it's 2018 not 1818. transfering money to another country can't be that hard.,pending_transfer,49
what do i need to do to exchange my money?,exchange_via_app,34
"there are charges on my card from the past few day i am pretty sure i didnt make, can you please freeze it for me? how do i get my money returned since it wasnt me?",card_payment_not_recognised,17
i ordered a card and i still haven't received it. it's been two weeks. what can i do?,card_arrival,12
i want to change my name.,edit_personal_details,31
what are the currency types that i can keep money in.,fiat_currency_support,37
my refund isn't going fast enough.,Refund_not_showing_up,0
how do i find my new pin?,get_physical_card,39
my transfer to an account failed.,beneficiary_not_allowed,8
my credit card was declined.,declined_card_payment,26
the app failed to verify my identity.,unable_to_verify_identity,68
do i need to speak to a representative to change my pin?,change_pin,22
"three months ago i bought a new house for my cat, fluffy. unfortunately fluffy was not a fan of the house and it had to be returned to pet smart last week. they said they have sent a refund but it's not there, can you tell me where it is?",Refund_not_showing_up,0
can i use my apple watch to fill my gas tank?,apple_pay_or_google_pay,3
how many days until the money will be in my account?,transfer_timing,67
i sent some money and the receiver can't access it.,transfer_not_received_by_recipient,66
can my salary be received here?,receiving_money,51
can you tell me why my transfer is pending still?,pending_transfer,49
will you charge me more if i top up with an international card?,top_up_by_card_charge,57
how much does it cost for a physical card?,order_physical_card,44
how do i to up by card?,topping_up_by_card,62
where do i go to add a new card?,card_linking,14
does it cost extra to send out more than one card?,getting_spare_card,40
are there only certain atm machines where i can use this card?,atm_support,4
does it cost anything to transfer money for a top-up?,top_up_by_bank_transfer_charge,56
"which card would i get, visa or mastercard?",visa_or_mastercard,73
my card has been lost! help!,lost_or_stolen_card,42
can i transfer money i the app,transfer_into_account,65
i'm not sure where my phone is. can someone else use the app?,lost_or_stolen_phone,43
which forms of currency are accepted?,supported_cards_and_currencies,54
what should i do with my stuck atm?,card_swallowed,19
i tried my pin too many times,pin_blocked,50
where can i order a card?,order_physical_card,44
"there was money taken out of my account, and i'm pretty sure i didn't do it.",cash_withdrawal_not_recognised,21
how do vr cards work,get_disposable_virtual_card,38
is there such thing as an auto top-up option?,automatic_top_up,5
is there a charge for sepa transfers?,top_up_by_bank_transfer_charge,56
why is there a random payment in my statement?,card_payment_not_recognised,17
i am waiting for a payment to go through.,pending_card_payment,46
waiting for the cash i deposited this morning still,balance_not_updated_after_cheque_or_cash_deposit,7
why would an atm swallow my card?,card_swallowed,19
what is going on with my cash withdrawal? the exchange rate is wrong,wrong_exchange_rate_for_cash_withdrawal,76
"i tried to buy something and it was declined and my transfers keep getting declined, why?",declined_transfer,28
when will i receive the card?,card_delivery_estimate,13
"hi, i tried to withdraw some money from an atm and the machine was broken. it says that the transaction is still in progress. can you double check to see what's happening? i don't want to be charged since i was not able to withdraw the money.",pending_cash_withdrawal,47
why won't my top up go through?,top_up_reverted,61
i was wondering if you will take any fees in exchange for top ups?,top_up_by_card_charge,57
"my top up hasn't worked, it's been stuck in pending for the last couple hours",pending_top_up,48
"when exchanging currencies, is there an extra fee?",exchange_charge,32
can you tell my why my card payment has been reverted.,reverted_card_payment?,53
"i'm in austria right now, but i really need to change my pin right now. can i do this even though i'm in another country?",change_pin,22
how can i change to another currency?,exchange_via_app,34
can i top-up my card using a bank transfer.,transfer_into_account,65
what would lead to my top up still pending?,pending_top_up,48
"my pin can't access my card, can you help?.",pin_blocked,50
why is the purchase i made this morning still pending?,pending_card_payment,46
can usa residents get a card?,country_support,25
can you tell me the cost of a transfer?,top_up_by_bank_transfer_charge,56
why are my withdrawals suddenly being declined?,declined_cash_withdrawal,27
besides usd what other currencies can i have?,fiat_currency_support,37
is there a fee for using a european bank card to top up?,top_up_by_card_charge,57
why does my top-up get cancelled?,top_up_reverted,61
i happened to forget my passcode,passcode_forgotten,45
"i need to activate my card, how is that done?",activate_my_card,1
will i have to wait much longer for my new card to arrive?,card_arrival,12
where can i find my pin? i haven't gotten it yet.,get_physical_card,39
my daughter would like a card from my account? can i do this?,getting_spare_card,40
tell me about verifying top-up,verify_top_up,71
what is the correct exchange rate for getting cash,wrong_exchange_rate_for_cash_withdrawal,76
are their fee's for top ups?,top_up_by_card_charge,57
do i have to change my pin at a bank?,change_pin,22
i wish to remove my account.,terminate_account,55
my card payment did not go through.,declined_card_payment,26
"when exchanging, how much are the rates?",exchange_rate,33
"what about an auto top-up, is that a option?",automatic_top_up,5
what do i do if i forgot my passcode?,passcode_forgotten,45
i was wondering if there were any discounts offered for frequent currency exchanges?,exchange_charge,32
where can i view my pin?,pin_blocked,50
"i could not get a top-up to work, why?",top_up_failed,59
will you be adding more currencies in the future?,fiat_currency_support,37
are transfers not free? i didn't know i would be charged for transfers.,transfer_fee_charged,64
1 was in my statement as an extra fee.,extra_charge_on_statement,35
is there something wrong with my atm card? tried using it earlier and it did not work.,declined_cash_withdrawal,27
"i see an extra 1 charge on my statement, why is this?",extra_charge_on_statement,35
i made a purchase and it says it's pending. what does that mean?,pending_card_payment,46
i requested a refund for a large order the other day and don't think i received the funds. can you tell me if you see them or not?,Refund_not_showing_up,0
"i'd like to make a sepa transfer to my account, but will i be charged?",top_up_by_bank_transfer_charge,56
i paid with my card so so why was i charged a transaction fee?,card_payment_fee_charged,16
are you able to make exchanges to eur?,fiat_currency_support,37
i have no more money in my account. is there a way to do a bank transfer to put money into my account?,transfer_into_account,65
i'd like to have it delivered on saturday. is that possible?,card_delivery_estimate,13
"i recently got a new place while i'm staying abroad and have been using this account to manage payments, but suddenly i am seeing fees increase. where are these additional fees coming from?",transfer_fee_charged,64
how can i change my pin? help.,change_pin,22
can i give a second card to my daughter?,getting_spare_card,40
it's not letting me transfer money to my beneficiery.,beneficiary_not_allowed,8
what forms of id work for verification?,verify_my_identity,69
tell me how to reset the passcode.,passcode_forgotten,45
how do i change my name after marriage,edit_personal_details,31
i would like to get some extra cards?,getting_spare_card,40
"hey, i got charged extra for some reason when i purchased an app. is this a hidden fee or something? i don't think it's very cool.",extra_charge_on_statement,35
please give me both a visa and a mastercard.,visa_or_mastercard,73
please help me change my pin.,change_pin,22
my cash withdrawal isnt showing on my account,pending_cash_withdrawal,47
why couldn't i do a transfer to a beneficiary?,beneficiary_not_allowed,8
the cash i asked for still hasn't been received,wrong_amount_of_cash_received,75
my card payment has been pending for a long time now. why is it taking so long to take. it should have already made it through.,pending_card_payment,46
"i got a card, how do i get it in the app?",card_linking,14
why is it taking so long for my cash withdrawal to no longer show as pending?,pending_cash_withdrawal,47
what is the process to change my pin?,change_pin,22
i am being charged a transfer fee aren't they free?,transfer_fee_charged,64
is there a tracking number for the card?,card_arrival,12
my card didn't work at the atm in notting hill. is my card working?,declined_cash_withdrawal,27
can i link my new card?,card_linking,14
"transfers may show up as pending for up to one day while they are processed by one of our payment processors. then, they will depart for the beneficiary accounts. please also double-check that you have entered the correct account details. sepa transfers can take up to two business days, and swift transfers can take up to five business days.",pending_transfer,49
why hasn't my cash arrived yet from my cheque?!,balance_not_updated_after_cheque_or_cash_deposit,7
when will i see my new balance after making my bank transfer?,balance_not_updated_after_bank_transfer,6
are there certain cards and currencies you support?,supported_cards_and_currencies,54
please help me unblock my pin which i put the wrong one too many times.,pin_blocked,50
i moved. where do i update my details?,edit_personal_details,31
i received my card but not my pin.,get_physical_card,39
do you support countries other than mine?,country_support,25
"i'm not in the uk, but can i still get a card?",country_support,25
what kind of documents do i need for the identity check?,verify_my_identity,69
my cash withdrawal charged me the wrong exchange rate,wrong_exchange_rate_for_cash_withdrawal,76
my account statements show a debit payment that i didn't make it's from some time ago i need to know if it is disputable.,direct_debit_payment_not_recognised,29
i haven't received the pin yet.,get_physical_card,39
i need immediate assistance in canceling a transfer which was a mistake. please help me quickly so this does not go through.,cancel_transfer,9
is there a fee for physical cards?,order_physical_card,44
why do you keep declining my transfers?it was always been working really well so far but when i tried to buy something just now the card got declined . i tried couple of times already but same thing is happening.,declined_transfer,28
i want to add money automatically when i travel.,automatic_top_up,5
why is it saying my card payment is declined when i made it?,declined_card_payment,26
why was i charged for cash withdrawal?,cash_withdrawal_charge,20
do i need to wait to get my card before getting a pin,get_physical_card,39
will filling stations accept my card?,card_acceptance,11
i want a virtual card that is disposable,get_disposable_virtual_card,38
tell me why my transfer is pending.,pending_transfer,49
how long does it take for my id to verify?,unable_to_verify_identity,68
what's the right way to activate my card?,activate_my_card,1
i transferred some cash and it has not arrived yet.,transfer_not_received_by_recipient,66
do i need to verify my top up?,verify_top_up,71
i've checked multiple times to make sure the account number listed is the right one after attempting to make a transfer within the country the day before yesterday. the transfer is still not available so can you please find out what is going on?,transfer_not_received_by_recipient,66
how much longer until i get my new card?,card_arrival,12
my card will not work,card_not_working,15
my new card needs activating.,activate_my_card,1
good morning. i tried to make a purchase with my credit card last night and again this morning. both times it was declined. can you investigate?,declined_transfer,28
i have to have several disposable cards per day.,disposable_card_limits,30
what is the longest a us transfer should take to appear in my account?,transfer_timing,67
why can i not do a transfer,beneficiary_not_allowed,8
after transfering some money my balance hasn't changed.,balance_not_updated_after_bank_transfer,6
what should i do if my passcode won't work?,passcode_forgotten,45
"i received my new card, but i don't see it in the app anywhere. what do i do?",card_linking,14
why did my transfer to a beneficiary fail?,beneficiary_not_allowed,8
why am i charged whenever i withdraw cash?,cash_withdrawal_charge,20
can you tell me why my pop-up is still pending?,pending_top_up,48
the wrong exchange rate was applied to me while pulling out cash.,wrong_exchange_rate_for_cash_withdrawal,76
am i able to track the card that was just sent to me?,card_arrival,12
when will my top up be approved?,pending_top_up,48
is it right that i've been charged for transferring money?,transfer_fee_charged,64
how long will i have to wait for my new card?,card_delivery_estimate,13
"i completed a transfer within the uk two days ago, but it is still not showing received. i have verified the account number is correct already. is there anything else i need to do or is there a problem?",transfer_not_received_by_recipient,66
why would my payment still show as pending?,pending_card_payment,46
can you tell me why my transfer failed?,failed_transfer,36
we want to start a college fund for my daughter.,age_limit,2
why isn't top-up working? my top-up money disappeared after i saw that it was successfully transferred. is it gone? where did it go?,top_up_reverted,61
top up did not complete,pending_top_up,48
which us cards have top up charges?,top_up_by_card_charge,57
why cant i send money to a beneficiary?,beneficiary_not_allowed,8
how do i change my currency to another?,exchange_via_app,34
can you provide me a disposable virtual card?,get_disposable_virtual_card,38
is the a reason why my transfer has failed?,failed_transfer,36
why did my top up get reverted?,top_up_reverted,61
i made a purchase with my card and i was charged a fee for using it,card_payment_fee_charged,16
can i set automatic top ups?,automatic_top_up,5
how old do my kids need to be to use your service?,age_limit,2
are my contactless settings correct? i tried to use it today but it wasn't working.,contactless_not_working,24
where can i find your locations?,country_support,25
"there are a few transaction that i don't recognize, i think someone managed to get my card details and use it.",compromised_card,23
can i receive my salary in a currency other than what it is deposited in?,receiving_money,51
why didn't my top up work?,top_up_reverted,61
what's the exchange fee?,exchange_charge,32
how do i set-up my pin for the new card?,get_physical_card,39
"there was a transaction from two weeks ago from a business that i don't know. i'm fairly certain it wasn't me who made it, but is it an option to trace it to confirm?",direct_debit_payment_not_recognised,29
i believe that a card payment i made was cancelled.,reverted_card_payment?,53
is american express supported for adding funds?,supported_cards_and_currencies,54
i couldn't make a transfer,failed_transfer,36
how do i get my money back for something i bought?,request_refund,52
why am i being asked to verify my identity?,why_verify_identity,74
how limited is a virtual card?,disposable_card_limits,30
how would i go about getting a second card?,getting_spare_card,40
i can't see my refund on my account,Refund_not_showing_up,0
what am i missing to verify my id?,unable_to_verify_identity,68
"i just pulled money out of the atm and was charged a fee, why?",cash_withdrawal_charge,20
how quickly can you get me my card?,card_delivery_estimate,13
where are the cards delivered to,order_physical_card,44
if i can't choose my card type will i be able to use it everywhere?,visa_or_mastercard,73
can you look at my account ans see why my card was declined,declined_card_payment,26
what are you going to use my identification details for?,why_verify_identity,74
i need it delivered on a certain date.,card_delivery_estimate,13
is there a cost to receive money?,top_up_by_bank_transfer_charge,56
can i change my pin through the app?,change_pin,22
am i able to stop a transfer?,cancel_transfer,9
explain why i can't do a transfer to a beneficiary.,beneficiary_not_allowed,8
there's an error in regards to the exchange rate for an item i bought.,card_payment_wrong_exchange_rate,18
why hasn't the transaction i did arrive yet?,transfer_not_received_by_recipient,66
what do i need to know about topping up?,top_up_by_card_charge,57
help! the app says i took out cash but i didn't!,cash_withdrawal_not_recognised,21
the card i've got seems to be broken.,card_not_working,15
can i get a physical card through this app?,order_physical_card,44
your machine took my card. how do i get it back?,card_swallowed,19
am i limited on the amount of disposable cards i can possess?,disposable_card_limits,30
what is the charge to make a transfer,top_up_by_bank_transfer_charge,56
i sees some suspicious spending on my credit card that i don't recall i had made. what should i do?,compromised_card,23
how are top-ups verified?,verify_top_up,71
how do i see my source of funds?,verify_source_of_funds,70
i think someone got my card details and used it because there are transactions i don't recognize. what do i do now?,compromised_card,23
how do i terminate my account.,terminate_account,55
can i use apple pay to top-up?,apple_pay_or_google_pay,3
my new pin needs to be set.,change_pin,22
why was my card declined?,declined_card_payment,26
i just deposited cash to my account and can't find it!,balance_not_updated_after_cheque_or_cash_deposit,7
"i have used all my pin tries, what now?",pin_blocked,50
i cannot find my card pin,get_physical_card,39
i tried to pay through my account but the payment is not going through. what's going on?,pending_card_payment,46
why am i not able to verify my id?,unable_to_verify_identity,68
why can't i see my funds after i topped up?,pending_top_up,48
i have a transaction showing up multiple times.,transaction_charged_twice,63
i see cash withdrawal activity in the app that is not mine.,cash_withdrawal_not_recognised,21
can i cancel this purchase?,request_refund,52
"i was charged a transfer fee, why is that?",transfer_fee_charged,64
is there anyway to use a cheque to top up?,top_up_by_cash_or_cheque,58
"what are my options for topping up, automatic andor manual?",automatic_top_up,5
need to know where money comes from,verify_source_of_funds,70
are swift transfers supported?,top_up_by_bank_transfer_charge,56
what currencies can be used for top up?,supported_cards_and_currencies,54
can you cancel my purchase?,request_refund,52
why would a merchant refuse a payment,reverted_card_payment?,53
how would i top up with a cheque?,top_up_by_cash_or_cheque,58
"i have been trying to add money with apple pay but it wont work, why?",apple_pay_or_google_pay,3
i recently bought something abroad but the exchange rate is incorrect. why?,card_payment_wrong_exchange_rate,18
how long does it take to get my money,transfer_timing,67
there is a pending payment on my account that is very strange. i don't remember making this and it won't go away. can you help me figure this out?,extra_charge_on_statement,35
can i choose my card scheme?,visa_or_mastercard,73
do i get charged if i am receiving money?,top_up_by_bank_transfer_charge,56
"i just checked my statement and saw a 1 charge, why is it there?",extra_charge_on_statement,35
my top up was reverted. can you help?,top_up_reverted,61
i made a money transaction but the recipient can't see it,transfer_not_received_by_recipient,66
how can it be that my card is not functioning anymore?,card_not_working,15
the top-up verification code is not visible.,verify_top_up,71
when will it get delivered?,card_delivery_estimate,13
i can't use the app. my phone is lost at the hotel.,lost_or_stolen_phone,43
"my card payment didn't work, can you help?",declined_card_payment,26
will there be a charge for topping up by account with a sepa transfer?,top_up_by_bank_transfer_charge,56
i understand that this is extremely late. after going over my transactions for the last couple of months i noticed a large charge that i'm sure i did not make. is there anyway i can still dispute this?,direct_debit_payment_not_recognised,29
i have a fee showing from last time i used my card.,card_payment_fee_charged,16
there is a withdrawal waiting.,pending_cash_withdrawal,47
what is the best way to get my virtual card?,getting_virtual_card,41
can i use my card for online payments?,card_acceptance,11
the card payment exchange rate is wrong,card_payment_wrong_exchange_rate,18
i think my card payment had been return,reverted_card_payment?,53
i do not know where the transaction is.,transfer_not_received_by_recipient,66
i can see an extra 1 charge on my app. why did you charge me extra?,extra_charge_on_statement,35
how can i top up with google pay?,apple_pay_or_google_pay,3
why do you need my name and id,why_verify_identity,74
which flat currencies are supported for holding and exchange?,fiat_currency_support,37
does the top-up need verified?,verify_top_up,71
need help with a stolen card.,lost_or_stolen_card,42
i may have a fraud charge on my debit statement.,direct_debit_payment_not_recognised,29
i want to revert this mornings transaction.,cancel_transfer,9
why is my identity verification process not working?,unable_to_verify_identity,68
how can i get disposable virtual cards?,get_disposable_virtual_card,38
i was charged for getting cash.,cash_withdrawal_charge,20
"i transferred my funds, why did it not go through?",failed_transfer,36
i need to validate the source of my funds.,verify_source_of_funds,70
i have transactions that i don't recognize - i think someone is using my card.,compromised_card,23
hi i received an error message informing me about the transaction failure. i have done the money transfer before and it never failed. please let me know what is the issue this time.,beneficiary_not_allowed,8
what's the tracking on the card you sent?,card_arrival,12
why was the wrong rate applied when i bought something in a different currency?,card_payment_wrong_exchange_rate,18
am i able to order a disposable virtual card?,get_disposable_virtual_card,38
i didn't get the all the cash i wanted from the atm,wrong_amount_of_cash_received,75
what exchange rate do you use?,exchange_rate,33
i can't see my google pay top up. is it not working correctly?,apple_pay_or_google_pay,3
can i change to another currency?,exchange_via_app,34
can i get money in my home currency at some atm ? as i am on holiday and bit concerned because i do not have any cash with me . is it possible to withdraw without any additional cost.,wrong_exchange_rate_for_cash_withdrawal,76
am i gonna be charged for sending out more cards?,getting_spare_card,40
you sent me a card and now i want to link it.,card_linking,14
i want to take some funds from my other bank account and add them to this one.,transfer_into_account,65
is my card broken?,card_not_working,15
when will my cheque be processed?,balance_not_updated_after_cheque_or_cash_deposit,7
in a recent withdrawal i received less cash than i expected to receive. did someone make an error with the exchange rate?,wrong_exchange_rate_for_cash_withdrawal,76
can i transfer money to a beneficiery?,beneficiary_not_allowed,8
why can i not transfer money into my account?,transfer_into_account,65
can i change my pin?,change_pin,22
i cant find my card.,lost_or_stolen_card,42
why is my transfer pending?,pending_transfer,49
what is the fee for a cash withdrawal?,cash_withdrawal_charge,20
i need to withdraw money. where can i do that?,atm_support,4
why was a payment cancelled on my account?,reverted_card_payment?,53
the app reverted my recent payment,reverted_card_payment?,53
what are the top-up limits?,top_up_limits,60
"give me back my money, i'm not paying the sellers. it has been a long time ago that i made an order and it just isn't coming.",request_refund,52
there is a odd withdrawal on my account.,cash_withdrawal_not_recognised,21
"how do i freeze my bank card, as there has been a strange withdrawal?",cash_withdrawal_not_recognised,21
how will i get my card?,card_delivery_estimate,13
does it cost anything for exchanges?,exchange_charge,32
"i've use my accounts all the time to manage my payments for my place abroad that i just got. i now see that i suddenly have new fees.i'm a frequent customer, so why are you charging me new fees instead of rewarding me?",transfer_fee_charged,64
will i be able to get a disposable virtual card as well?,get_disposable_virtual_card,38
"i used to know my password, but not anymore.",passcode_forgotten,45
how can we correct a mistake on an atm transaction? the app shows what i should have gotten.,wrong_amount_of_cash_received,75
i don't see the top-up verification code anywhere,verify_top_up,71
can i get support?,country_support,25
i can't find my phone and i'm worried someone is going to use it,lost_or_stolen_phone,43
are there charges for topping up us cards?,top_up_by_card_charge,57
can i use my salary for this?,receiving_money,51
why was i not allowed to do a transfer to a beneficiary?,beneficiary_not_allowed,8
is it possible that my card payment was reverted?,reverted_card_payment?,53
the exchange rate is incorrect for something i bought,card_payment_wrong_exchange_rate,18
"i only made one transaction at this place, but it's appearing multiple times.",transaction_charged_twice,63
how can you assist on verifying my identity?,verify_my_identity,69
i am still waiting for verification. can i use my account before i am verified?,why_verify_identity,74
how much money can i top up?,top_up_limits,60
i topped up but it didn't complete,pending_top_up,48
why does it say my transfer failed?,failed_transfer,36
i used my card to make a payment and wondered why the payment was reverted?,reverted_card_payment?,53
when will it be delivered to the us?,card_delivery_estimate,13
i bought something with my card and i was charged a fee,card_payment_fee_charged,16
can i get a physical card online,order_physical_card,44
i asked for more cash than what was received,wrong_amount_of_cash_received,75
do you have any age limit?,age_limit,2
why am i getting charged more for using my card?,card_payment_fee_charged,16
"i sent a payment, but the person i sent it to says they don't have it",transfer_not_received_by_recipient,66
what is the fee on my statement for?,extra_charge_on_statement,35
my withdrawl is still pending. why?,pending_cash_withdrawal,47
is there a charge for topping up by transfer?,top_up_by_bank_transfer_charge,56
is a bank transfer acceptable for topping up my account?,transfer_into_account,65
is it okay to use a bank card to top up,top_up_by_card_charge,57
how do i verify my top up?,verify_top_up,71
my virtual card has not came yet!,getting_virtual_card,41
the money has not yet been placed in recipients account.,transfer_not_received_by_recipient,66
i asked for 100 only got 80,wrong_amount_of_cash_received,75
when trying to get more than one card is there a extra amount that needs to be paid?,getting_spare_card,40
i am having a problem with verifying my identity.,unable_to_verify_identity,68
i would like for someone to tell me which fiat currencies that your company supports.,fiat_currency_support,37
i need my account checked because it appears there is a problem. i attempted to update my balance yesterday using cheque but it doesn't seem to have worked. should this not be faster than this?,balance_not_updated_after_cheque_or_cash_deposit,7
my password doesn't work.,passcode_forgotten,45
where can cards be delivered?,order_physical_card,44
any extra charges for exchanging currencies?,exchange_charge,32
i have an unknown charge.,direct_debit_payment_not_recognised,29
how long does it take for a transfer to be in my account?,transfer_timing,67
why is my top up for my new account not instant,pending_top_up,48
can i use this app to change money?,exchange_via_app,34
what are the steps to getting a virtual card?,getting_virtual_card,41
how long should i expect to wait for my card to arrive?,card_delivery_estimate,13
can i use a bank transfer to refill my account?,transfer_into_account,65
the app made a mistake and said i made a cash withdrawal.,cash_withdrawal_not_recognised,21
how can the money machine keep my card what do i need to do?,card_swallowed,19
what are all the fiat currencies that are supported for both exchange and holding?,fiat_currency_support,37
can i choose between visa or mastercard?,visa_or_mastercard,73
could you tell me what your exchange rates are?,exchange_rate,33
i still have not received an answer as to why i was charged 1.00 in a transaction?,extra_charge_on_statement,35
why didn't i receive all the cash i requested?,wrong_amount_of_cash_received,75
how do i stop fraud to my card?,compromised_card,23
i was charged for a cash withdrawal.,cash_withdrawal_charge,20
why won't my virtual card work?,virtual_card_not_working,72
"i have lost my card, but need to place an online order! how do i get a virtual card instantly?",getting_virtual_card,41
i'm checking the app and i see a payment that's not mine.,card_payment_not_recognised,17
a cash withdrawal that i didn't authorize is shown on my account - can you please cancel my card as soon as possible?,cash_withdrawal_not_recognised,21
i know there's an auto-top option but i can not locate it when i look?,automatic_top_up,5
is there a fee for topping up a card?,top_up_by_card_charge,57
"i transferred money yesterday, but it still isn't available?",pending_transfer,49
how can i view the source of my available funds?,verify_source_of_funds,70
i wasn't able to withdraw money at an atm,declined_cash_withdrawal,27
why is there a fee for getting cash?,cash_withdrawal_charge,20
why isn't my virtual card working?,virtual_card_not_working,72
why is there an extra 1 pound charge on my card?,extra_charge_on_statement,35
i need clarity on why my card is not working.,card_not_working,15
your company is lame. shut down all my account services right now.,terminate_account,55
the exchange rate for case abroad is applied wrong.,wrong_exchange_rate_for_cash_withdrawal,76
"a 500 pound cash withdrawal was just made from my account, but i didn't make it. i am pretty sure my card has been compromised - can you help me?",cash_withdrawal_not_recognised,21
why do i have to verify my identity?,why_verify_identity,74
what do i have to do to cancel a transfer?,cancel_transfer,9
what does a transfer cost?,top_up_by_bank_transfer_charge,56
i would like my refund for this item i bought.,request_refund,52
my cash withdrawal was not entirely complete,wrong_amount_of_cash_received,75
why won't you accept my payment? i keep trying with this card and it's not working.,declined_card_payment,26
"i want to block my card or deactivate it or something, it's been stolen and i don't want it misused. i want this handled right away.",lost_or_stolen_card,42
how come there is a 1 extra charge on my statement?,extra_charge_on_statement,35
why am i being charged more ?,card_payment_wrong_exchange_rate,18
can i get money in my home currency at my atm ?i am on holiday and bit concerned because i do not have any cash with me .is it possible to withdraw without any additional cost.,wrong_exchange_rate_for_cash_withdrawal,76
"i found the card that i thought i lost, and i would like to reactivate it.",card_linking,14
i had to pay money for paying with my card.,card_payment_fee_charged,16
"i bought something while traveling, and the exchange rate was wrong.",card_payment_wrong_exchange_rate,18
"i want to do a bank transfer to this bank, from an account at another bank.",transfer_into_account,65
help my find the verification code on a top-up.,verify_top_up,71
why doesn't my google pay top up work?,apple_pay_or_google_pay,3
what should i do? i topped off but the app reversed it.,top_up_reverted,61
i believe there is a mistake because a payment i didn't make shows in my app.,card_payment_not_recognised,17
why is my disposable virtual card being denied?,virtual_card_not_working,72
where do your cards get delivered to?,order_physical_card,44
i would like to pay by cheque.,top_up_by_cash_or_cheque,58
can you explain why my transfer was unsuccessful?,failed_transfer,36
"if my card is about to expire, do i need to order a new one?",card_about_to_expire,10
why could i not choose cash at the atm?,declined_cash_withdrawal,27
my transfer failed when i tried.,failed_transfer,36
are there atm fees?,cash_withdrawal_charge,20
i have forgotten my passcode to access my app,passcode_forgotten,45
i would like to get your card in eu. is that possible?,country_support,25
where can i see the source of my money?,verify_source_of_funds,70
please help me. i don't know my code to get into the app.,passcode_forgotten,45
"i have done a transfer within the country the day before yesterday, but it's still not there yet. can you please check what's going on with that, the account number definitely is the right one, i've checked that already.",transfer_not_received_by_recipient,66
i want my card frozen right away. money was taken out in an odd location i have never heard of.,cash_withdrawal_not_recognised,21
the app reverted my top off.,top_up_reverted,61
how can i set a new pin.,change_pin,22
why wont my american express work to add money,supported_cards_and_currencies,54
what do i have to do to get a visa card?,visa_or_mastercard,73
i'm due a refund and it is not on my statement.,Refund_not_showing_up,0
are there any fees associated with receiving money?,top_up_by_bank_transfer_charge,56
what cards can i use to add money to my account,supported_cards_and_currencies,54
i think the exchange rate for the cash i withdrew was wrong.,wrong_exchange_rate_for_cash_withdrawal,76
the transfer i tried to make failed.,failed_transfer,36
why is there an extra 1 fee in my statement?,extra_charge_on_statement,35
i'm still waiting on my card to be delivered.,card_arrival,12
how long will it take to transfer something to china urgently?,transfer_timing,67
"hello. i looked at my account and see that a transaction i tried to do is pending, but i did not complete that transaction. when i was at the atm, the machine declined my card. can you make sure that transaction does not go through because i definitely did not receive the money.",pending_cash_withdrawal,47
why is my card being declined when i try to do a top-up? how can this be immediately resolved?,top_up_failed,59
what documents do i need to validate my identity?,verify_my_identity,69
why isn't my google pay top up working?,apple_pay_or_google_pay,3
price of physical card,order_physical_card,44
i was charged a fee for a card payment. why?,card_payment_fee_charged,16
what do you charge for an exchange fee?,exchange_charge,32
tell me if there are any top-up limits?,top_up_limits,60
please delete my account.,terminate_account,55
i bought something and returned it and the money from the return isn't in my account.,Refund_not_showing_up,0
is it possible to exchange currencies?,exchange_via_app,34
my card payment has been on pending forever. what is the problem? it should have gone through at some time by now.,pending_card_payment,46
i can't use the app because i got mugged yesterday and they took everything. i need some help.,lost_or_stolen_phone,43
i feel as though i have been over charged for the exchange rate on my payment on last saturday.,card_payment_wrong_exchange_rate,18
"i have a transfer from the us, how long is the wait?",transfer_timing,67
i didn't get the right amount of cash because of the exchange rate.,wrong_exchange_rate_for_cash_withdrawal,76
i want a refund for my item,request_refund,52
how long does a transfer from the united kingdom take? i haven't seen it show up yet in my bank account and want to make sure i get the transfer.,balance_not_updated_after_bank_transfer,6
are you ripping people off with the exchange rate? it can't be that atrocious between banks.,card_payment_wrong_exchange_rate,18
what are the charges for receiving money?,top_up_by_bank_transfer_charge,56
is there a strict timeline regarding disputing transactions made on my account? i just noticed a fraudulent charge on a statement from a couple months ago.,direct_debit_payment_not_recognised,29
why wasn't my bank balance updated?,balance_not_updated_after_bank_transfer,6
i would like to use cash to make a top-up?,top_up_by_cash_or_cheque,58
why would a transfer to a beneficiary not go through?,beneficiary_not_allowed,8
when will my deposit post to my account?,balance_not_updated_after_cheque_or_cash_deposit,7
my purchase from this morning still is pending.,pending_card_payment,46
is there a reason that my transfer failed?,failed_transfer,36
i would like to add money to my account through my american express.,supported_cards_and_currencies,54
where is my virtual card located?,getting_virtual_card,41
i'v exhausted all the of times i can try my pin,pin_blocked,50
can i cancel a transaction?,cancel_transfer,9
i am having some difficulty verifying my id.,unable_to_verify_identity,68
what do i do now my credit card has been swallowed by the atm?,card_swallowed,19
why was i not able to complete my transfer?,failed_transfer,36
my card payment was not successful.,declined_card_payment,26
what steps must i follow to get a visa credit card?,visa_or_mastercard,73
how do i order a new card before it expires?,card_about_to_expire,10
i would like to order a virtual card.,getting_virtual_card,41
can you please tell me why i cant get money from the atm?,declined_cash_withdrawal,27
i'm having trouble with proving my identity.,unable_to_verify_identity,68
why is this payment on my app,card_payment_not_recognised,17
i am still waiting for a money transfer to appear.,pending_transfer,49
i've tried numerous times to submit a transfer of funds. why isn't it going through?,beneficiary_not_allowed,8
is there a function where i can top-up automatically?,automatic_top_up,5
i requested money from the atm and it didn't give me as much as i requested.,wrong_amount_of_cash_received,75
what country's money can i hold currency in?,fiat_currency_support,37
i have been charged a fee that i didn't know about. why have you charged me extra for card payments?,card_payment_fee_charged,16
will it automatically top-up if there isn't much money left?,automatic_top_up,5
what are the auto-top up policies?,automatic_top_up,5
why hasnt my card come in yet?,card_arrival,12
why do you have an identity check?,why_verify_identity,74
there is a strange payment on my card.,card_payment_not_recognised,17
is there a way to track the delivery of my card?,card_arrival,12
"i deposited a check yesterday and im not seeing it in my account. i need the money, is there something wrong with my account? check it out please",balance_not_updated_after_cheque_or_cash_deposit,7
can you tell me the countries you provide support for.,country_support,25
why hasnt my top up gone through yet?? i thought it was suppose to be instant? am i wrong? why is it still pending?,pending_top_up,48
i think i lost my card . i dont know how long it has been missing. can you see if maybe someone else has been using it?,lost_or_stolen_card,42
why won't my card work.,card_not_working,15
"if i only have 1 other us card, can you take it?",supported_cards_and_currencies,54
please can i get a disposable virtual card as well?,get_disposable_virtual_card,38
i got married and need to change my name.,edit_personal_details,31
is my new card activated?,activate_my_card,1
"i heard you have an auto-top up option, where do i find that?",automatic_top_up,5
my cash transaction isn't showing on my receipt,transfer_not_received_by_recipient,66
i ordered my card 2 weeks ago and it still isn't here? what do i do?,card_arrival,12
cash deposit to my account but it has not appeared.,balance_not_updated_after_cheque_or_cash_deposit,7
can i use cash to top up,top_up_by_cash_or_cheque,58
how many cards can i have?,getting_spare_card,40
i've been charged an extra 1 and i don't know why,extra_charge_on_statement,35
how do i do an international transfer?,transfer_into_account,65
why is my friend not getting a transaction arrival yet?,transfer_not_received_by_recipient,66
can i open an account for my children?,age_limit,2
my google top-up pay is not going through,apple_pay_or_google_pay,3
how do i link the new card that i just got from you guys?,card_linking,14
my card is due to expire,card_about_to_expire,10
is the closest atm to me within 2 miles?,atm_support,4
there is a charge i don't recognize.,card_payment_not_recognised,17
i only own one other credit card from the usa. will it be accepted?,supported_cards_and_currencies,54
about this card pin?,get_physical_card,39
i did a bank transfer and my balance isn't current.,balance_not_updated_after_bank_transfer,6
"when my card expires soon, how fast is the replacement card sent and what are the costs?",card_about_to_expire,10
my card rejected a cash withdrawal. why?,declined_cash_withdrawal,27
how long does it take for a transfer from europe to go through?,transfer_timing,67
"i think my pin has been compromised, what do i do?",change_pin,22
i am just waiting for the transaction to be completed.,transfer_not_received_by_recipient,66
where do i order my card?,order_physical_card,44
"everything seems fine with my account, so why did it decline my payment?",declined_card_payment,26
"for some reason, the virtual card won't work for me.",virtual_card_not_working,72
what is the next step if my card is about to expire.,card_about_to_expire,10
i cannot see a refund in my account,Refund_not_showing_up,0
what is your exchange rate between uk pounds and russian rubles for my last transaction,card_payment_wrong_exchange_rate,18
my statement shows and extra 1 that was charged to it and i would like to know why.,extra_charge_on_statement,35
it seems like a transfer is pending.,pending_transfer,49
what steps do i need to take to change my card pin?,change_pin,22
help me delete my account. i am not satisfied with the service.,terminate_account,55
i want to track the card you sent,card_arrival,12
my card don't work.,card_not_working,15
what kind of currency can i hold money in?,fiat_currency_support,37
i did a transfer and was charged a fee that should not have been charged!,transfer_fee_charged,64
"your top-up function isn't working, it still says pending even though i know my card works.",pending_top_up,48
freeze my account it's been hacked.,compromised_card,23
my account is devoid of funds. am i permitted to submit additional money via bank transfer?,transfer_into_account,65
at what places accept my card?,card_acceptance,11
"how long does a transfer to another country normally take? i check over and over again and see that my transfer is still pending. it's 2018, nothing should take this long. i have confirmed my account information, so there is no error. what is the hold up?",pending_transfer,49
are you sure this is the interbank exchange rate? this rate is really bad.,card_payment_wrong_exchange_rate,18
is there a maximum amount of top-ups?,top_up_limits,60
"i'm trying to verify my identity but can't figure out how, what do i do?",verify_my_identity,69
i don't know how to top up my google pay.,apple_pay_or_google_pay,3
why is my money gone right when i attempted to top up,topping_up_by_card,62
where can i change my address?,edit_personal_details,31
the transfer on my account is not showing up.,balance_not_updated_after_bank_transfer,6
"how long does a transfer from a uk account take? i just made one and it doesn't seem to be working, wondering if everything is okay",balance_not_updated_after_bank_transfer,6
i am having trouble activating my card.,activate_my_card,1
i want to know if there is a maximum i can top up.,top_up_limits,60
i need to find out why my pending payment hasn't gone through.,pending_card_payment,46
there's a duplicate charge on my account?,transaction_charged_twice,63
can i choose between visa and mastercard?,visa_or_mastercard,73
is my pin recorded anywhere?,get_physical_card,39
where do i request another card?,getting_spare_card,40
my bank statement doesn't show the cash deposit i made recently.,balance_not_updated_after_cheque_or_cash_deposit,7
explain the interbank exchange rate,exchange_rate,33
what happens if i use my account and my identity verification hasn't finished?,why_verify_identity,74
are there fees for top ups?,top_up_by_card_charge,57
how can my friend send money to me?,receiving_money,51
i have been charged twice for the same thing!,transaction_charged_twice,63
i goofed up and used the wrong account. please help.,cancel_transfer,9
the exchange rate for foreign atm currency is wrong.,wrong_exchange_rate_for_cash_withdrawal,76
where do i unblock my pin?,pin_blocked,50
there's a payment showing in the app today even though i have not used my card at all. i want a refund.,direct_debit_payment_not_recognised,29
can the card was sen to me be tracked?,card_arrival,12
"if the transfer details have already but reviewed and confirmed that they are correct, what other reason would cause my transfer to be declined?",declined_transfer,28
why isn't my refund showing up in my statement?,Refund_not_showing_up,0
when will my transfer move out of pending stage?,pending_transfer,49
why is there an extra charge for money that was withdrawn?,cash_withdrawal_charge,20
i really was trying to complete this exhange. i was trying to purchase some crypto but the app won't allow me to do it. can you tell me what's going on here?,beneficiary_not_allowed,8
i got less cash than what i specified at the atm.,wrong_amount_of_cash_received,75
i would prefer a visa card,visa_or_mastercard,73
do you have a top-up limit?,top_up_limits,60
my card appears to have never arrived?,card_arrival,12
is there any way to verify who i am?,verify_my_identity,69
"when getting my id checked, what are the steps involved?",verify_my_identity,69
i would like to invalidate my account. i am very disappointed with your services.,terminate_account,55
i require verification for my source of funds.,verify_source_of_funds,70
"my card has not arrived yet, where is it?",card_arrival,12
do i need anything for the identity check?,verify_my_identity,69
does apple watch support the topping-off of my account?,apple_pay_or_google_pay,3
i didn't see the money i added to my card.,top_up_failed,59
i did not do this payment,card_payment_not_recognised,17
i'd like to order another card,getting_spare_card,40
an atm machine didn't return my card.,card_swallowed,19
can you please tell me why my card payments are not going through when i try to buy something online? when i put in my card payment it takes it but it comes back a while later.,reverted_card_payment?,53
i transferred money and was charged and want to know why.,transfer_fee_charged,64
what countries are supported?,country_support,25
how would my friend be able to send me money?,receiving_money,51
i can't find my card! can you help?,lost_or_stolen_card,42
i have a pending payment from stuff i bought this morning.,pending_card_payment,46
i need to cancel a purchase i made.,request_refund,52
is it possible to cancel a transaction?,cancel_transfer,9
why is there a pending time on my transfer?,pending_transfer,49
i have to verify my source of funds.,verify_source_of_funds,70
i do not know what this charge is for,direct_debit_payment_not_recognised,29
i moved to a new city and need to change my address,edit_personal_details,31
whats the maximum disposable virtual cards?,disposable_card_limits,30
i can't get my virtual card to work at all,virtual_card_not_working,72
my address needs to be changed.,edit_personal_details,31
how do i set up an account for my children?,age_limit,2
i keep checking my statements but no progress.i requested a refund but seems it's not reaching my account for some reason. can you please help me get the money back from the seller for me,Refund_not_showing_up,0
i want to use my american express for adding money into my account.,supported_cards_and_currencies,54
why hasn't my transaction completed?,transfer_not_received_by_recipient,66
why am i being charged more on exchange with things i bought abroad?,card_payment_wrong_exchange_rate,18
if my card was lost or stolen can i re-link it?,card_linking,14
do you have a return policy?,request_refund,52
"hi, i lost my phone yesterday, what can i do to stop someone using my account on it?",lost_or_stolen_phone,43
explain what the pending payment means?,pending_card_payment,46
why have you declined my card payment?,declined_card_payment,26
what are the steps needed to top up with apple pay?,apple_pay_or_google_pay,3
i have an unfamiliar direct debit in my statement.,direct_debit_payment_not_recognised,29
it seems someone used my card! there are a few transactions from a small town in the middle of nowhere that i definitely have not made! please prevent them from using it immediately!,compromised_card,23
do i need to add my salary?,receiving_money,51
what is the verification process used for?,verify_top_up,71
are your cards available in the eu?,country_support,25
what should i do if i see a payment i didn't make?,card_payment_not_recognised,17
why is there a fee for cash withdrawal?,cash_withdrawal_charge,20
i want to op up my account by using bank transfer. how do i go about it?,transfer_into_account,65
how much longer do i have to wait until my transaction is complete? i transferred money to another country many hours ago and the transaction is still pending.,pending_transfer,49
foreign currency rates were put in wrong at an atm i used.,wrong_exchange_rate_for_cash_withdrawal,76
i am confused as to why my transfer could still be pending.,pending_transfer,49
can currencies be exchanged on this app?,exchange_via_app,34
"when i travel, can it automatically add money in certain intervals?",automatic_top_up,5
"hi,accordingly you offer crypto top up but it doesn't seem to be working? money just disappeared from my account.what should be done now?",top_up_reverted,61
the atm i used for foreign currency provided the wrong exchange rate.,wrong_exchange_rate_for_cash_withdrawal,76
i didn't set up a direct debit payment on my account.,direct_debit_payment_not_recognised,29
how can i convert currencies?,exchange_via_app,34
is it possible to get a visa here?,visa_or_mastercard,73
i am still waiting for a transaction to be completed,transfer_not_received_by_recipient,66
is there a fee to make a transfer?,top_up_by_bank_transfer_charge,56
i can't get into the app with the passcode.,passcode_forgotten,45
how do i know how much money i will have when i travel abroad?,exchange_rate,33
can i schedule future top ups?,automatic_top_up,5
how do i get my card back after the atm has pulled it in?,card_swallowed,19
virtual card is not working for me,virtual_card_not_working,72
do i get visa or mastercard?,visa_or_mastercard,73
i am not receiving the correct exchange rate on my card.,card_payment_wrong_exchange_rate,18
i found my old card. can i link it back into the app?,card_linking,14
i have no idea why there is a dollar that has been charged to my account.,extra_charge_on_statement,35
what do i do if i completed a money transfer but the recipient hasn't received it?,transfer_not_received_by_recipient,66
is it possible to order a card?,order_physical_card,44
why are you not accepting my transfer!! i've tried a couple times already now and it just keeps showing an error message,beneficiary_not_allowed,8
show me the source of my money.,verify_source_of_funds,70
can i reactivate a card i thought i lost?,card_linking,14
i need two cards. is this possible?,getting_spare_card,40
what is the cost for currency exchanges?,exchange_charge,32
"once my card expires, what should i do?",card_about_to_expire,10
why can't i complete my transfer?,failed_transfer,36
i believe that the rate of exchange for my cash withdrawl is incorrect.,wrong_exchange_rate_for_cash_withdrawal,76
will i get a visa or mastercard?,visa_or_mastercard,73
"my son has just turned 13, is he old enough for an account?",age_limit,2
problem with my top up going through,pending_top_up,48
"one of my charges was declined, but the second one went through. but i notice on my app that one of them has gone through, and the other one is still pending. please ensure that only one charge is processed. thanks",transaction_charged_twice,63
my card was declined in a shop,declined_card_payment,26
i didn't get the correct amount of money from the atm machine,wrong_amount_of_cash_received,75
how do i get this damn virtual card to work?,virtual_card_not_working,72
"i need to top up, but i have to use an international card. is there a cost for that?",top_up_by_card_charge,57
can i get paid in another currency?,receiving_money,51
"while transferring money, its getting error out as my transfer is not possible. please help me in this as earlier i was able to do it successfully.",beneficiary_not_allowed,8
i have heard about these disposable virtual cards but don't understand how they work.,get_disposable_virtual_card,38
why caused my top up to not work?,top_up_failed,59
why am i being charged extra when i withdrew money?,cash_withdrawal_charge,20
the atm kept my card?,card_swallowed,19
i made a cash withdrawal earlier and it's showing as pending. what does that mean?,pending_cash_withdrawal,47
my identity can't be verified.,unable_to_verify_identity,68
what types of foreign money can be used with this service.?,fiat_currency_support,37
this company sucks! can you delete my account?,terminate_account,55
why hasn't my cheque processed?,balance_not_updated_after_cheque_or_cash_deposit,7
"am i able to look back at a transaction to see who with drawled some money from my account? i don't remember authorizing this a few weeks ago, but wanted to double check who took the money.",direct_debit_payment_not_recognised,29
there is payment showing that i didn't do.,card_payment_not_recognised,17
i'm interested in getting a card. how does one go about doing that?,order_physical_card,44
how do i find the top-up verification code?,verify_top_up,71
what is the age requirement?,age_limit,2
how long will it take to activate my new card?,activate_my_card,1
how come you need to know my identity?,why_verify_identity,74
i am seeing in the app a diret debit that its not mine,direct_debit_payment_not_recognised,29
my virtual card is just not going through.,virtual_card_not_working,72
i need to change my last name on my account because i just got married.,edit_personal_details,31
why has my top-up been reverted?,top_up_reverted,61
i got a message that i cannot name x as a beneficiary.,beneficiary_not_allowed,8
"hearing about your verification results from us may take anywhere from 10 minutes to approximately one hour. if this verification has in fact, failed, double-check to make sure that your images are clear. also make sure that your document photos have no blur or glare. they need to be readable. you must also be 18 years of age or older and be a resident of switzerland or the european economic area to open an account.",unable_to_verify_identity,68
why would i be declined if i had money iin my account,declined_cash_withdrawal,27
please help me to know the status of my card payment as its pending since a while.,pending_card_payment,46
my cash deposit hasn't posted to my account.,balance_not_updated_after_cheque_or_cash_deposit,7
can i do more than 10 transactions with a disposable card?,disposable_card_limits,30
why aren't my payment funds available to me?,pending_card_payment,46
what needs to be provided for identity verification?,verify_my_identity,69
"my card is stuck in the atm, what can i do?",card_swallowed,19
does google pay offer a top up option?,apple_pay_or_google_pay,3
why has my top-up been denied?,top_up_failed,59
i see a cash withdrawal in the app that i did not do.,cash_withdrawal_not_recognised,21
"i went to look at my top-up and it was canceled, can you tell me why this happend?",top_up_reverted,61
why does my statement show a 1 charge on my account?,extra_charge_on_statement,35
i don't know my password,passcode_forgotten,45
why would a transfer to an account not be allowed?,beneficiary_not_allowed,8
i think the exchange rate is wrong for my atm withdrawal,wrong_exchange_rate_for_cash_withdrawal,76
why was the price higher when i paid with my card?,card_payment_fee_charged,16
what do i have to do to change my name?,edit_personal_details,31
what is the amount of time transfers usually take from the uk? i had just completed a transfer and nothing seems to be showing up so i need to be sure things are alright.,balance_not_updated_after_bank_transfer,6
"suddenly, my card won't work.",card_not_working,15
how can i create another card linked to this account?,getting_spare_card,40
how do i know if my top up worked?,top_up_failed,59
why did my payment fail?,declined_card_payment,26
looking back on my transactions from a couple of months ago i have noticed a charge that is fairly large that i'm certain was not completed by me. i know it has been a while but can i please dispute this charge?,direct_debit_payment_not_recognised,29
i lost my phone and need help securing it.,lost_or_stolen_phone,43
"i just transferred my friend money, but she hasn't received it yet, and it's been a few hours. can you tell me when to expect it to go through?",transfer_not_received_by_recipient,66
"i really wanted to buy something online but seems the card is not working as the payment suddenly came back! what's going on here, i've been trying for a good week or two.",reverted_card_payment?,53
tell me how to delete my account.,terminate_account,55
can you tell me why i was charged to withdraw cash?,cash_withdrawal_charge,20
how long is the delivery to the us?,card_delivery_estimate,13
is there a way to link cards if i have one of yours?,card_linking,14
can you please advise if there is something wrong with my card? i have had multiple rejections and do not know the reason. thanks!,declined_card_payment,26
i don't recognize some transactions. is someone else using it?,compromised_card,23
are there restrictions on new cards in china?,card_about_to_expire,10
my card was charged more than expected.,card_payment_fee_charged,16
why are there so many fees on my statement?,extra_charge_on_statement,35
i have some transactions on my account i did not make. can you cancel my card and prevent further use.,compromised_card,23
i see a direct debit that i didn't authorize,direct_debit_payment_not_recognised,29
i did not make a direct debit payment as listed on my app,direct_debit_payment_not_recognised,29
i've been waiting for a refund to show up and i don't see it on my statement yet.,Refund_not_showing_up,0
"if my card is trapped in the atm, what do i do?",card_swallowed,19
is there a fee for a sepa transfer,top_up_by_bank_transfer_charge,56
"i deposited a check yesterday to up my account balance, but that deposit hasn't shown up yet. it's been a day already!",balance_not_updated_after_cheque_or_cash_deposit,7
where is my money i was using my card and it disappeared,topping_up_by_card,62
are both visa and mastercard accepted?,visa_or_mastercard,73
my address has changed.,edit_personal_details,31
what's the reason for needing to verify my identity?,why_verify_identity,74
there is a fraudulent charge on my statement.,card_payment_not_recognised,17
how can i use my credit card to transfer money?,topping_up_by_card,62
in what atm can i change my pin?,change_pin,22
"after my checque or cash deposit, my balance didn't update.",balance_not_updated_after_cheque_or_cash_deposit,7
what are the steps to reset my passcode?,passcode_forgotten,45
is there a way to recover my password?,passcode_forgotten,45
my card is broken,card_not_working,15
one of my card payments looks like it's stuck but i have made the payment days ago. how long until the payment will be applied to my account?,pending_card_payment,46
do you charge for making a withdrawal? i took some money out of my account earlier and i was charged for this.,cash_withdrawal_charge,20
what is the limit to top up?,top_up_limits,60
where do i find out about exchange fees,exchange_charge,32
how long do i have to wait for the transfer to be finalized?,pending_transfer,49
"how long is a top up supposed to be pending, because an hour is too long! can you fix this to go through?",pending_top_up,48
the app doesn't think that i am myself,unable_to_verify_identity,68
is there a fee for transfer top-up?,top_up_by_bank_transfer_charge,56
does it cost money to top up?,top_up_by_card_charge,57
i'm pretty sure something went wrong with my exchange. i changed russian ruble to uk pounds and was charged way too much!,card_payment_wrong_exchange_rate,18
i didn't do a payment and i have it now.,card_payment_not_recognised,17
is a swift transfer acceptable?,top_up_by_bank_transfer_charge,56
does the app allowing exchanges between usd and gbp,exchange_via_app,34
i've received my card so now i need to know how to sync it to the app.,card_linking,14
how long should i expect to wait when i add money,pending_top_up,48
i still don't have a card. how do i get one?,order_physical_card,44
i bought an item and the exchange rate was wrong.,card_payment_wrong_exchange_rate,18
what do i do if i think my card was improperly used?,compromised_card,23
hello! i recently made a purchase and i'm needing to cancel my order and process a refund as soon as possible.,request_refund,52
"i'd like to get a refund for something i bought, is that possible?",request_refund,52
"how long do eu transfers actually take? i bought something online a couple days ago, sent the money immediately online but the seller says it's still not there yet.",pending_transfer,49
is it possible for friends to top up my account?,topping_up_by_card,62
where can i exchange my money for eur?,fiat_currency_support,37
how long does it take for a transfer?,transfer_timing,67
why is the transfer still pending? can i do something?,pending_transfer,49
i looked on the app and it says i withdrew cash. i didn't!,cash_withdrawal_not_recognised,21
what do i need for the verification check?,verify_my_identity,69
how much is it to use my us debit or credit card to top up?,top_up_by_card_charge,57
why did i get less cash than what i asked in the atm?,wrong_amount_of_cash_received,75
do you have any accounts for children ?,age_limit,2
i found the card i thought i lost this morning. can i reactivate this card?,card_linking,14
how can i stop fraud on my account right now?,compromised_card,23
how do i get another card,getting_spare_card,40
i am trying to complete a transfer but i keep getting an error message.,beneficiary_not_allowed,8
the atm didn't let me get any cash,declined_cash_withdrawal,27
where can my card be delivered?,order_physical_card,44
i lost my phone and would like to freeze my accounts.,lost_or_stolen_phone,43
i am not being recognized by the app.,unable_to_verify_identity,68
the withdrawal was declined i am unsure as to why this happened?,declined_cash_withdrawal,27
can you delete my account please?,terminate_account,55
"ordered awhile back, what is the eta in the us?",card_delivery_estimate,13
my card was declined at a restaurant today and i don't know what the problem is.,card_not_working,15
i keep checking my statements but nothing shows up.i requested a refund a long time ago but seems like it's not submitting my account for some reason. can you please help me get the money back from the seller for me,Refund_not_showing_up,0
how do i request the pin?,get_physical_card,39
what are the currency exchange fees?,exchange_charge,32
i tried to transfer but it was declined,declined_transfer,28
"i saw money was taken out of my account by a seller a while back. i do not recognize the seller, but i'm pretty certain i didn't make that payment. can you track who the seller is?",direct_debit_payment_not_recognised,29
what are the places that you deliver cards to?,order_physical_card,44
can i get a full list of instructions for identity checks?,verify_my_identity,69
my account is depleted. can i transfer funds from another bank?,transfer_into_account,65
i made this payment days ago so why hasn't it gone through yet?,pending_card_payment,46
"i tried using a virtual card for a hotel but it didn't work, why not",disposable_card_limits,30
"for some reason, i'm unable to transfer funds.",beneficiary_not_allowed,8
when will my account receive the money?,transfer_timing,67
what do i do if the machine rejects my card?,card_not_working,15
"i received a fee for obtaining cash, is this correct?",cash_withdrawal_charge,20
i didn't get all the money i asked for,wrong_amount_of_cash_received,75
"about two days ago now, i made a transfer from france but it hasn't arrived yet. is it possible that the international transfer just takes longer?",balance_not_updated_after_bank_transfer,6
what is the exchange rate when i get cash,wrong_exchange_rate_for_cash_withdrawal,76
how do i access the auto top-up option?,automatic_top_up,5
how do i reactivate a card i thought i lost?,card_linking,14
where can i get the info for my funds,verify_source_of_funds,70
what is this fee for transfering,transfer_fee_charged,64
i would like a second card.,getting_spare_card,40
how do i make contactless work,contactless_not_working,24
what is the limits on the number of disposable cards i can have?,disposable_card_limits,30
can you tell me when the transfer will be completed?,pending_transfer,49
i question today's exchange rate for rubles into pounds. i was hoping for a better return.,card_payment_wrong_exchange_rate,18
can i choose whether i receive a visa or a mastercard card?,visa_or_mastercard,73
i'd like to use cash to top up. how do i find that option?,top_up_by_cash_or_cheque,58
can i have my money refunded for an item,request_refund,52
why did the atm take my card and keep it?,card_swallowed,19
what kind of fee is there to top-up my account?,top_up_by_bank_transfer_charge,56
when i received my cash they had my exchange rate incorrect.,wrong_exchange_rate_for_cash_withdrawal,76
can this convert money?,exchange_via_app,34
"i can't get my card out of the atm, what should i do now?",card_swallowed,19
i don't understand why my card payment is pending. it has been pending for too long. why is this and when might it go through?,pending_card_payment,46
i need to cancel my card that got stolen a little while ago. someone has already taken some money out and i don't want them to take anymore. can you please do that?,cash_withdrawal_not_recognised,21
is there a way to reset my passcode?,passcode_forgotten,45
i would like to know where the funds are at.,verify_source_of_funds,70
how is the exchange rate calculated?,exchange_rate,33
tell my why my top-up is pending.,pending_top_up,48
the transger i tried to make failed.,failed_transfer,36
can i get a description of how to use a disposable virtual card,get_disposable_virtual_card,38
i just purchased a disposable virtual card. am i able to use it for online purchases immediately?,get_disposable_virtual_card,38
can i get a card? i live in the us.,country_support,25
how do i verify the top up?,verify_top_up,71
i think i lost my phone. is there a way to prevent anyone from getting into my account on it?,lost_or_stolen_phone,43
"disaster, i've totally forgotten my passcode, can you help me?",passcode_forgotten,45
i would like to get an account for my child.,age_limit,2
"hello, i believe there has been a mistake made on the exchange rate for my card. could you please check the official interbank exchange rate for me?",card_payment_wrong_exchange_rate,18
"the expiration date for my card is coming up, how do i get a new card?",card_about_to_expire,10
anytime i've made an atm withdrawal before it has always been free. i now say that i have been charged for my most recent atm withdrawal. what's going on here?,cash_withdrawal_charge,20
how can i check for an unsupported merchant for my transfer request?,declined_transfer,28
unusual direct deposit,direct_debit_payment_not_recognised,29
"if i were to use a european bank card for a top up, will i incur a charge?",top_up_by_card_charge,57
i need to trace a deposit,verify_source_of_funds,70
do you have a fee for receiving a sepa transfer?,top_up_by_bank_transfer_charge,56
why did they charge me an extra 1?,extra_charge_on_statement,35
can you please explain why the exchange rate for the item i bought is wrong?,card_payment_wrong_exchange_rate,18
how do i dispute a direct debit that i didn't do?,direct_debit_payment_not_recognised,29
"hello, i was contacted by a seller who let me know my money didn't come through on their side. it most certainly came out of my account so i need this looked at immediately because now it has been returned to me!",reverted_card_payment?,53
how do i unblock my pin?,pin_blocked,50
why hasn't my friend's transaction arrive yet?,transfer_not_received_by_recipient,66
"if my top-up didn't transfer, what went wrong?",top_up_reverted,61
is there a reason to why i was charged twice for a transaction?,transaction_charged_twice,63
can i have more physical cards?,getting_spare_card,40
several items i have charged this week are appearing twice. please review my statement and remove any duplicate charges.,transaction_charged_twice,63
"my card will expire soon, do i need to order a new one?",card_about_to_expire,10
my card got stuck in an atm.,card_swallowed,19
is there a way to tell where the money came from?,verify_source_of_funds,70
can you transfer money to your card by bank transfer?,transfer_into_account,65
can i use my apple watch to top up?,apple_pay_or_google_pay,3
"i thought transfers were free, why was i charged?",transfer_fee_charged,64
how long will it take for a bank transfer to show up on my account? it's been a couple hours but i havnt seen anything yet. also it's from a uk account if that makes any difference.,balance_not_updated_after_bank_transfer,6
how do i select a mastercard instead of a visa?,visa_or_mastercard,73
which country's currency do you support?,fiat_currency_support,37
my virtual card isn't working. what do i do?,virtual_card_not_working,72
please help! there was an extra fee when i got cash.,cash_withdrawal_charge,20
i need to move money to another beneficiary. why is it not working?,beneficiary_not_allowed,8
what is the solution of this problem,card_arrival,12
i would like to transfer money from my other bank account into this one.,transfer_into_account,65
i was charged extra for a withdrawal,cash_withdrawal_charge,20
how do i add my new card to the app?,card_linking,14
when i was drunk i got my card stuck in your machine because i mis-typed my pin. what do i need to do to get it restored?,pin_blocked,50
"hello. i have a transaction in my account listed as pending. i tried to use an atm at the city centre, but the machine declined my card, and i did not receive the money. why is the transaction still pending if i did not receive the money.",pending_cash_withdrawal,47
the cash i wanted wasn't there.,wrong_amount_of_cash_received,75
help me verify my identification.,unable_to_verify_identity,68
what does the 1 fee mean?,extra_charge_on_statement,35
how do i get a pin for my card,get_physical_card,39
how long will it take for my transaction to be completed?,transfer_not_received_by_recipient,66
i think the currency exchange that's been applied is wrong.,card_payment_wrong_exchange_rate,18
i'm not happy with service and would like to delete this account.,terminate_account,55
why is my top up not completing?,pending_top_up,48
what atms can i use this card?,atm_support,4
what's a verification code?,verify_top_up,71
i am noticing that a refund of a large purchase still has not been credited to my account. i contacted the merchant a few days ago and he assured me that he would submit it right away. is there a status update?,Refund_not_showing_up,0
i need several cards per day. and i need to be able to throw away all of the cards i make.,disposable_card_limits,30
"i was charge a fee for my transfer, why?",transfer_fee_charged,64
"there are incorrect charges on my account, there was a wd that was made by someone else. i still have my card though.",cash_withdrawal_not_recognised,21
i was charged an additional amount of money for making a purchase with my card,card_payment_fee_charged,16
can you tell me why i was declined from getting cash?,declined_cash_withdrawal,27
something is wrong with my payment account since it has been declined,declined_card_payment,26
what are the reasons for my beneficiary not being allowed?,beneficiary_not_allowed,8
you've incorrectly calculated the exchange rate for my cash withdrawal,wrong_exchange_rate_for_cash_withdrawal,76
what is the process for unlocking the pin?,pin_blocked,50
why is my payment pending?,pending_card_payment,46
my atm transaction was wrong,wrong_amount_of_cash_received,75
how do i prove i am who i am?,verify_my_identity,69
"so, i was just charged for my recent atm withdrawal and any withdrawal prior to this has been free. what is the issue here?",cash_withdrawal_charge,20
do i need to establish i am paid in gbp before a transfer?,receiving_money,51
i think someone is using my card to withdraw money. someone stole my wallet. what can i do? it is urgent.,cash_withdrawal_not_recognised,21
my card is showing the same transaction over and over again.,transaction_charged_twice,63
how come i'm not allowed to transfer funds right now? i just keep getting an error message.,beneficiary_not_allowed,8
is there a top charge for us cards?,top_up_by_card_charge,57
where do i go to change gbp?,exchange_via_app,34
where is an atm?,atm_support,4
"hi, i'm buying a flat and i'm trying to get my mortgage to go though. every time i check i simply get an error message. is there any way you can help me get this money transferred over. thanks!",failed_transfer,36
can i use the apple watch to make a top-up?,apple_pay_or_google_pay,3
the app is showing that i received alot more money than i actually received from the atm. this occurred earlier today.,wrong_amount_of_cash_received,75
why would a cash withdrawal still be pending?,pending_cash_withdrawal,47
are there steps to see where my funds come from?,verify_source_of_funds,70
"i want to give a second card for this account to my daughter, would this be possible?",getting_spare_card,40
how many top-ups can be approved?,top_up_limits,60
i want my card i just received to show up in the app. how do i do that?,card_linking,14
can i use a bank transfer to add money to my account?,transfer_into_account,65
how can i fix a problem where contactless isn't working?,contactless_not_working,24
i'm still waiting for my card that was issued a week ago. what should i do?,card_arrival,12
hello! i randomly got charged an extra fee today as i was shopping online and i have no idea why! are there extra fees for card payments? or am i missing something here?,card_payment_fee_charged,16
hello. i just noticed i was charged two times for a restaurant i visited this week. can you reverse the additional charge?,transaction_charged_twice,63
i cant seem to activate card,activate_my_card,1
how do i reset the passcode?,passcode_forgotten,45
do you offer additional currency options?,fiat_currency_support,37
there is a card payment i do not recognise.,card_payment_not_recognised,17
can you check the exchange rate on a cash transaction i did overseas,wrong_exchange_rate_for_cash_withdrawal,76
the app shows a fraudulent payment made on my account.,card_payment_not_recognised,17
when the time is right will this automatically replenish my balance?,automatic_top_up,5
am i allowed to get an account for my daughter?,age_limit,2
i have a fee listed for a transfer.,transfer_fee_charged,64
"when considering currency holdings and exchanges, what fiat currencies are supported?",fiat_currency_support,37
i changed my mind on something i purchased through you and i need the transaction canceled and a refund as soon as possible. can you help me please?,request_refund,52
"when my card expires, will i get a new one mailed to me?",card_about_to_expire,10
i am awaiting my refund,Refund_not_showing_up,0
set a new pin please.,change_pin,22
an extra pound was charged!,extra_charge_on_statement,35
european bank card for top up will come with any extra fees?,top_up_by_card_charge,57
there has been a transfer pending in my account and i wanted to know how long it is going to take to go through.,pending_transfer,49
where do i go to change my pin?,change_pin,22
"i bought something in another currency, but the exchange rate was incorrect.",card_payment_wrong_exchange_rate,18
is there an age limit to open an account,age_limit,2
how long does it take for a pending cash withdrawal?,pending_cash_withdrawal,47
how long do i have to wait for a transfer to reach my account?,transfer_timing,67
i see my transfer was declined.,declined_transfer,28
i would like to delete my account. i'm not happy with the service you're providing,terminate_account,55
i made an atm withdrawal over the holiday and then later realized i was charged an exorbitant fee! i never would've made this withdrawal if i'd known i'd be charged so much.,wrong_exchange_rate_for_cash_withdrawal,76
what do i do if my phone is stolen?,lost_or_stolen_phone,43
why am i being charged for withdrawing cash but haven't in the past?,cash_withdrawal_charge,20
is there a way to see my money's source?,verify_source_of_funds,70
can you tell me the restrictions for the disposable cards?,disposable_card_limits,30
purchases i did not make are appearing in my bank statement?,direct_debit_payment_not_recognised,29
what is the need to verify my identity?,why_verify_identity,74
i added funds to my account but the app didn't process it.,top_up_failed,59
will it take more than 3 days for my transfer to reach my account?,transfer_timing,67
i asked for 100 but only got 20.,wrong_amount_of_cash_received,75
how long is it going to take for my funds to show in my account?,transfer_timing,67
i paid with a card and there is an extra charge. why?,card_payment_fee_charged,16
can i have a tangible form of my virtual card.,order_physical_card,44
how do i find top up for cash deposit,top_up_by_cash_or_cheque,58
how do i change my identity?,verify_my_identity,69
trouble transferring transaction contact for help,declined_transfer,28
my card is missing.,lost_or_stolen_card,42
i would like to better understand why my pass-code is not working.,passcode_forgotten,45
why do you verify the top up,verify_top_up,71
where has my available money come from?,verify_source_of_funds,70
can i choose a specific delivery date?,card_delivery_estimate,13
"do you not accept crypto transfers from certain places? because when i tried to do a top up the money just disappeared. im not sure what to do or what i'm doing wrong, please help.",top_up_reverted,61
i couldn't pay with card in a shop,declined_card_payment,26
"i need to order a new virtual card, how do i do that?",getting_virtual_card,41
can i get some help to get me card activated?,activate_my_card,1
"i found my card in my jacket this morning, so can i reactivate it?",card_linking,14
did not receive correct cash upon withdrawal,wrong_amount_of_cash_received,75
why do i need to verify my account?,why_verify_identity,74
there is a card payment i'm not familiar with.,card_payment_not_recognised,17
why did i have to pay extra because i paid with my card?,card_payment_fee_charged,16
i can't figure out why a transfer is still pending?,pending_transfer,49
i still want to use my account but haven't verified is that ok?,why_verify_identity,74
my identity has been stolen. i still have my physical card but there are charges i didn't make on my account. how do i cancel this card or dispute the charges?,cash_withdrawal_not_recognised,21
the atm ate my card.,card_swallowed,19
why am i not allowed to verify my id?,unable_to_verify_identity,68
"i don't know if this is an issue with the atm or my account, but i just tried withdrawing 30 pounds from the atm i'm at now and it only gave me 10. is this a glitch or what exactly is going on?",wrong_amount_of_cash_received,75
i was under the impression i can make transfers for free. i made an online purchase for something that was obroad and there's some additional strange fee. i've never seen this before and this isn't fair.,transfer_fee_charged,64
there's been a transaction to the wrong account.,cancel_transfer,9
i believe my card payment were reverted,reverted_card_payment?,53
i am still currently waiting for the cash that has been deposited into the account this morning.,balance_not_updated_after_cheque_or_cash_deposit,7
can somebody else top up my account?,topping_up_by_card,62
how long does a european transfer take?,transfer_timing,67
must i verify my identity?,why_verify_identity,74
"the service here is horrible, i want to delete my account.",terminate_account,55
what do i need to do to link my new card for my account?,card_linking,14
there is a direct debit fee in the app that i didn't do.,direct_debit_payment_not_recognised,29
i tried to do a transfer but i got a message that it was declined.,declined_transfer,28
can i cancel a transfer i made,cancel_transfer,9
why was my cash withdrawal cancelled at the atm?,declined_cash_withdrawal,27
what's going on with my card? i've tried multiple times and it never goes through.,card_not_working,15
the bank charged me fees for withdrawing cash!,cash_withdrawal_charge,20
"how do i know if i will get my card, or if it is lost?",card_arrival,12
"visa and mastercard, can i get them both?",visa_or_mastercard,73
i withdrew cash but it still shows as pending?,pending_cash_withdrawal,47
why can't i see a recent refund in my statement?,Refund_not_showing_up,0
the item i bought exchanged rate was incorrect.,card_payment_wrong_exchange_rate,18
where do i order a virtual card from?,getting_virtual_card,41
why isn't the transfer on my account showing up?,balance_not_updated_after_bank_transfer,6
can i automatically top-up when traveling?,automatic_top_up,5
why hasn't my refund appeared on my statement?,Refund_not_showing_up,0
for some reason i forgot the passcode i have.,passcode_forgotten,45
why do i see an extra 1 charge on my statement?,extra_charge_on_statement,35
can you help me activate my card,activate_my_card,1
how do i go forth on transferring money into my account?,transfer_into_account,65
locations to withdraw money,atm_support,4
i am not satisfied with your company. close my account.,terminate_account,55
can i use a cheque to top up my account,top_up_by_cash_or_cheque,58
something is wrong with my top up and i can't see it. how do i find it?,topping_up_by_card,62
how do i unblock my pin after entering it wrong too many times?,pin_blocked,50
hey i thought transfers were free. why are you charging me?,transfer_fee_charged,64
what is maximum top up?,top_up_limits,60
where can i find the top up verification code?,verify_top_up,71
how long does a transfer take from china?,transfer_timing,67
"i have been charged to much for the object i bought when abroad, the exchange rate seems to be wrong.",card_payment_wrong_exchange_rate,18
i need info on activating my card?,activate_my_card,1
i selected to withdrawal 30 pounds but only received 10. i'm still standing in front of the atm. the app shows i took out 30 pounds also. how do i fix this?,wrong_amount_of_cash_received,75
there is a 1 extra fee in my statement,extra_charge_on_statement,35
why isn't a recent refund on my statement?,Refund_not_showing_up,0
why was my top up reverted?,top_up_reverted,61
there is a payment in the app that i did not approve,card_payment_not_recognised,17
is there a way i can check on the card on route to me?,card_arrival,12
"my bank card has expired, how can i get a new physical card?",card_about_to_expire,10
i checked the app and there is a payment that i don't recognize.,card_payment_not_recognised,17
what should i do if i think that someone might be using me card?,compromised_card,23
i see a strange payment in my account.,card_payment_not_recognised,17
how can i prove the source of my funds?,verify_source_of_funds,70
what is the procedure of unblocking my pin?,pin_blocked,50
i got 20 when i should've gotten 100,wrong_amount_of_cash_received,75
where in the app can i find my pin?,get_physical_card,39
how do i use a disposable virtual card?,get_disposable_virtual_card,38
tell me if there is a top-up limit.,top_up_limits,60
where do i find the exchange rate?,exchange_charge,32
what amount of time does it take for a transfer to reflect and be available,balance_not_updated_after_bank_transfer,6
i'm unsure of a withdrawl in my statement.,cash_withdrawal_not_recognised,21
do you accept swift transfers?,top_up_by_bank_transfer_charge,56
"there's a payment with my card that i definitely didn't do myself, never seen that name before.",card_payment_not_recognised,17
my card payment did not work.,declined_card_payment,26
i didn't receive the correct exchange rate for an item that i bought.,card_payment_wrong_exchange_rate,18
i don't see a refund in my account.,Refund_not_showing_up,0
why hasn't my money transfer shown up yet?,balance_not_updated_after_bank_transfer,6
"i tried topping up my account but it failed, can you help me?",top_up_failed,59
"i think something is wrong with your top up. i've been waiting a little over an hour for this to go through, can you send it through for me?",pending_top_up,48
how do i receive more physical cards,getting_spare_card,40
why hasn't my friend received the transaction?,transfer_not_received_by_recipient,66
how old does my daughter have to be to open an account?,age_limit,2
"hello, i have recharged topup but account is not credited. please help me in this, i guess there is some defect in system.",top_up_reverted,61
where can i link a new card?,card_linking,14
there's a direct debit on my account that i didn't authorize,direct_debit_payment_not_recognised,29
"hello, i tried to take out some money out of the atm, but it's still showing that it's pending? i really don't want to be charged for this.",pending_cash_withdrawal,47
why can't i transfer to a beneficiary?,beneficiary_not_allowed,8
what commission do you take for currency exchage?,exchange_charge,32
"hi. a couple hours ago i make a transfer from my uk bank account, but it hasn't shown up. please, would you see what the delay is?",balance_not_updated_after_bank_transfer,6
can i top up using my car?,topping_up_by_card,62
i received a decline message on a transfer,declined_transfer,28
"since i got married, i need to change my name.",edit_personal_details,31
can i make a withdraw in my home currency at an atm? i'm on vacation and don't have cash with me. this is cause for a bit of concern. is it possible to withdraw here without additional fees?,wrong_exchange_rate_for_cash_withdrawal,76
transactions on my card look really weird. i've been charged twice for a couple things this week! please check this and return the double charged ones.,transaction_charged_twice,63
why don't you accept american express for adding money to my account,supported_cards_and_currencies,54
"i want to buy cryptocurrency, but your app doesn't let me. why?",beneficiary_not_allowed,8
"i received my card, how do i get it to show in the app?",card_linking,14
i tried to buy something online yesterday but it wouldn't stop saying declined. tried again today but same thing happened. what's broken?,declined_transfer,28
the bank transfer was declined,declined_transfer,28
my card is gone i think it was stolen,lost_or_stolen_card,42
how does a transfer work?,transfer_into_account,65
can i use my account if the identity verification is not complete?,why_verify_identity,74
have a payment that i haven't done.,card_payment_not_recognised,17
how come i can't take money out of the atm?,declined_cash_withdrawal,27
"if i exchange foreign currency, are there any other charges?",exchange_charge,32
how do i change my address?,edit_personal_details,31
"1 extra has been charged on my statement, why is that?",extra_charge_on_statement,35
is there anyway to bypass identity verification?,why_verify_identity,74
the atm only gave me 10 pounds when i withdrew 30. what do i do?,wrong_amount_of_cash_received,75
i need help with some transactions in my account that i dont recognize or remember purchasing. im not sure if the name is just different or what. should my card be put on hold while the issue gets figured out to be safe or is it ok?,card_payment_not_recognised,17
"i cannot seem to buy something online with my card? the payment comes back, what's going on?",reverted_card_payment?,53
do i need to do something to get a new card once it expires?,card_about_to_expire,10
how do i actually obtain a card myself?,order_physical_card,44
"i withdrew money and got a fee, please explain",cash_withdrawal_charge,20
im waiting for my transaction to go through.,transfer_not_received_by_recipient,66
"i already made a transfer and want to cancel it, how do i do that?",cancel_transfer,9
"there's an extra fee on my statement, why is that?",extra_charge_on_statement,35
wheres my pin,get_physical_card,39
"i deposited a cheque with some money, but the balance hasn't changed.",balance_not_updated_after_cheque_or_cash_deposit,7
tell me how to setup a new pin.,change_pin,22
i have a pending top-up,pending_top_up,48
"changed details is essential, what steps do i take to do so?",edit_personal_details,31
what exchange rate will i receive?,exchange_rate,33
the top-up did not go through.,top_up_failed,59
i have a missing refund,Refund_not_showing_up,0
will you help me unblock my pin after putting in the wrong pin too many times?,pin_blocked,50
how many times can i use my disposable card?,disposable_card_limits,30
am i able to add money into my account using my american express?,supported_cards_and_currencies,54
how can i report that my card was stolen? i made a police report first.,lost_or_stolen_card,42
when will my funds transfer?,transfer_not_received_by_recipient,66
"i will need to exchange currencies frequently, will i be able to get a discount?",exchange_charge,32
what happens when my card expires?,card_about_to_expire,10
i don't know why my card payment did not work,declined_card_payment,26
i forgot my code to get into the app.,passcode_forgotten,45
there's a direct debit payment in my account that i didn't make,direct_debit_payment_not_recognised,29
"hello, my money went through for my purchase but now i got contacted from the seller noting that they didn't receive it. then the money was returned to my account and i'm not sure why this occurred. so if you can resolve this issue please.",reverted_card_payment?,53
is it possible to top-up automatically?,automatic_top_up,5
i would like a refund for something i bought,request_refund,52
"i purchased something and already received it, why hasn't the money taken out?",reverted_card_payment?,53
i would like to know what your exchange rates are.,exchange_rate,33
it seems that the rate i got is incorrect.,card_payment_wrong_exchange_rate,18
"on my disposable card, is there a transaction limit?",disposable_card_limits,30
i attempted to withdraw some money from an atm this morning and received the wrong amount. your app says i have enough money available in the account. can someone tell me what's wrong?,wrong_amount_of_cash_received,75
what fiat currencies are used for holdings?,fiat_currency_support,37
"i performed a transfer within the country the day before yesterday, but it has not gone through? can you check on that? the account number is definitely correct, as i've checked.",transfer_not_received_by_recipient,66
i would like to know why my transfer was declined.,declined_transfer,28
why can't i withdraw cash from this atm?,declined_cash_withdrawal,27
"i am trying to make a transfer and am unsuccessful, can you please tell me why?",failed_transfer,36
i made a transfer and it doesnt' show up in my account.,balance_not_updated_after_bank_transfer,6
why would a merchant revert a card payment?,reverted_card_payment?,53
why can't i top up by cheque?,top_up_by_cash_or_cheque,58
"last saturday, i made a payment and the exchange rate was wrong. i was charged too much.",card_payment_wrong_exchange_rate,18
what transfer methods do you accept?,transfer_into_account,65
why is there an extra pound charge that is pending?,extra_charge_on_statement,35
i have a pending transfer,pending_transfer,49
is there a fee when i add money to my international card?,top_up_by_card_charge,57
i can't get my google pay top to work. are there any issues on your end?,apple_pay_or_google_pay,3
i am still waiting for my card after 1 week. is this ok?,card_arrival,12
i can't recognise this direct debit payment.,direct_debit_payment_not_recognised,29
please help me get a virtual card.,getting_virtual_card,41
my refund doesn't seem to be showing on my statement.,Refund_not_showing_up,0
why is my beneficiary not being allowed to get payment services?,beneficiary_not_allowed,8
how will i know when i can use the auto top-up feature?,automatic_top_up,5
"can you please assist me in apple pay, in getting top up to work?",apple_pay_or_google_pay,3
does it cost to exchange currencies with this card?,exchange_charge,32
what do i do if my disposable virtual card doesn't work?,virtual_card_not_working,72
"i made a transfer and according to the receiver they haven't received the right amount its lesser than it should be.now i have to transfer more money to make up for the missing amount . can you please help me about this, what should be done ?",transfer_fee_charged,64
how do i change to a different currency?,exchange_via_app,34
would i need to pay extra for currency exchanges?,exchange_charge,32
do i pay extra for exchange?,exchange_charge,32
i would like to know why i was charged twice for my purchase.,transaction_charged_twice,63
why didn't my card payment work?,declined_card_payment,26
what is your age limit?,age_limit,2
how to change name on account,edit_personal_details,31
it looks like my card payment was sent back.,reverted_card_payment?,53
i'm still waiting on my identity verification.,unable_to_verify_identity,68
"my card is stuck inside the atm, what am i supposed to do?",card_swallowed,19
what is a pending payment?,pending_card_payment,46
i am here to change my adress.,edit_personal_details,31
whats the process of tranfering money into an account?,transfer_into_account,65
i see a charge for a direct debit that was not me.,direct_debit_payment_not_recognised,29
why has my top-up not worked?,top_up_failed,59
can i add money to my account with cash?,top_up_by_cash_or_cheque,58
could i get a mastercard and visa from you?,visa_or_mastercard,73
"how can i get my money back on an order. i haven't gotten the item yet, so i want to cancel the order. how?",request_refund,52
what exchange rates do you use?,exchange_rate,33
"i accidentally chose to exchange gbp, but i need to pick aud. how can i change it?",exchange_via_app,34
who is giving me my money?,verify_source_of_funds,70
how long does shipping take to get to a us destination?,card_delivery_estimate,13
where is my money from this morning,balance_not_updated_after_cheque_or_cash_deposit,7
how do i close my account?,terminate_account,55
the contactless payments are not working.,contactless_not_working,24
can i verify my identity online?,verify_my_identity,69
someone may have made an error in figuring out the rate of exchange. i should have received more cash than i did on my most recent withdrawal.,wrong_exchange_rate_for_cash_withdrawal,76
i only got some of the cash i requested from the atm,wrong_amount_of_cash_received,75
when will my top up process?,pending_top_up,48
someone needs to make me aware when there are extra charges for payments. i happened to be looking at the app earlier and noticed a charge associated to a payment that was extra that no one made me aware of before at all.,card_payment_fee_charged,16
why can't my transfer complete?,failed_transfer,36
what methods can i use to top up my account?,top_up_by_cash_or_cheque,58
i finished my transfer. i am having an issue with it still pending. it has been a long time and i'm growing impatient,pending_transfer,49
nothing goes through on my card.,card_not_working,15
the exchange rate on my purchase is wrong.,card_payment_wrong_exchange_rate,18
how do i see what i transferred,balance_not_updated_after_bank_transfer,6
i can't top up my account using my american express with apple pay.,apple_pay_or_google_pay,3
"do you charge for cash withdrawals? i want to get my hands on my own money and you appear to be charging me for the pleasure! why is this, you'd never get this with my high street bank!",cash_withdrawal_charge,20
would it be possible to get another card?,getting_spare_card,40
i need to get a disposable virtual card?,get_disposable_virtual_card,38
trouble with my top up,top_up_failed,59
"if my phone was stolen, do i need to do anything?",lost_or_stolen_phone,43
"i logged in wrong and am blocked, how do i log in?",pin_blocked,50
why didn't my balance change after i transferred some money?,balance_not_updated_after_bank_transfer,6
"i do not need gbp, i need aud, how do i convert it?",exchange_via_app,34
i think my card has been compromised in some way.,compromised_card,23
can i get a visa instead of a mastercard?,visa_or_mastercard,73
which currencies do you handle?,supported_cards_and_currencies,54
do you work in greece?,country_support,25
can i top up?,top_up_limits,60
my identity hasn't been verified. can i use my account?,why_verify_identity,74
are cards issued to people living in the us?,country_support,25
passcode retrieval,passcode_forgotten,45
do i need to order a new card if mine is expiring?,card_about_to_expire,10
do you know the closest atm?,atm_support,4
"if i am in china, can i still order a new card and if so, how?",card_about_to_expire,10
exchange rate for my cash withdrawal is wrong,wrong_exchange_rate_for_cash_withdrawal,76
how do i transfer money using a credit card?,topping_up_by_card,62
i would like to cancel a transfer,cancel_transfer,9
is there a fee for a transfer? if so how much will it be?,top_up_by_bank_transfer_charge,56
why was a charged just for transferring?,transfer_fee_charged,64
what should i do if i think someone stole my details and used my information to make some transactions?,compromised_card,23
where do i go to unblock my pin?,pin_blocked,50
"i requested a refund from a merchant a while ago, and upon repeatedly checking my statement, the merchant has yet to refund me my money. i don't know what's going on, or why the money is getting into my account--could you please help?",Refund_not_showing_up,0
what am i going to need in order to verify my identity?,verify_my_identity,69
how do i activate a new card?,activate_my_card,1
i want this fee reversed from my account.,request_refund,52
my top-up isn't working.,top_up_failed,59
can i hold money in multiple currencies?,fiat_currency_support,37
a fee that shouldn't be there is there after using my card!,card_payment_fee_charged,16
i need to change my pin. can i do that at a cash machine?,change_pin,22
i need help changing my last name on my account.,edit_personal_details,31
is there a fee for exchanging foreign currencies?,exchange_charge,32
is there a number to call to get my pin unblocked?,pin_blocked,50
can you please explain why i was charged an extra fee for my transfer?,transfer_fee_charged,64
what is minimum age for an account?,age_limit,2
the hotel called and said i left my phone in the room.,lost_or_stolen_phone,43
i tried to use my card today in the restaurant but it didn't work and just got declined. what's wrong?,card_not_working,15
where do you get your exchange rates from?,exchange_rate,33
i deposited a cheque a week ago but have yet to receive the cash.,balance_not_updated_after_cheque_or_cash_deposit,7
is it possible to change my address?,edit_personal_details,31
status of the card i ordered.,card_arrival,12
what is this strange payment in my account?,card_payment_not_recognised,17
the exchange rate i was charged for a purchase was not right.,card_payment_wrong_exchange_rate,18
i have a transaction that shows several times,transaction_charged_twice,63
does google play have an app to top up?,apple_pay_or_google_pay,3
"hi, last week i have contacted the seller for a refund as directed by you, but i have not received the money yet. please look into this issue with seller and help me in getting the refund.",Refund_not_showing_up,0
please delete my account now.,terminate_account,55
i saw a fee on my receipt from withdrawing money while shopping earlier. is there supposed to be a fee for this type of transaction?,cash_withdrawal_charge,20
why is a payment i made reverted back to my account?,reverted_card_payment?,53
how long will a transfer take from europe?,transfer_timing,67
why am i unable to withdraw money even though in the past i've done it just fine?,declined_cash_withdrawal,27
the app doesn't believe that i am myself,unable_to_verify_identity,68
can i create a disposable virtual card?,get_disposable_virtual_card,38
"i just want to top-up, why do i need to verify anything?",verify_top_up,71
i entered the wrong pin too many times and now i am blocked. help me unblock!,pin_blocked,50
"yesterday, i made an incorrect payment to the wrong account for my rent payment. i need this addressed as soon as possible and the funds transferred to the correct account by no later than tomorrow.",cancel_transfer,9
how long is my europe transfer wait?,transfer_timing,67
"hi, i have an apple watch. how do i use it to top up my card?",apple_pay_or_google_pay,3
how long will my cash withdrawal be pending for?,pending_cash_withdrawal,47
this exchange rate on my purchase is wrong.,card_payment_wrong_exchange_rate,18
i have a new email.,edit_personal_details,31
there was some money taken from my account that i don't remember paying for. am i able to look up this transaction which was a few weeks ago to see who took out the money? im not sure i need a refund just want to check to make sure it's legit.,direct_debit_payment_not_recognised,29
the atm wouldn't let me withdraw cash.,declined_cash_withdrawal,27
what does it mean if my payment has been reverted?,reverted_card_payment?,53
i want to cancel my purchase,request_refund,52
how much does currency exchange cost?,exchange_charge,32
seems like my top-up has been cancelled,top_up_reverted,61
i want to know about your refund policy.,request_refund,52
"i'm not in the uk, can i still get a card?",country_support,25
what extra charges are there?,transfer_fee_charged,64
"can i change my pin at atms? if so, what ones?",change_pin,22
can you please tell me why my transfer failed?,failed_transfer,36
"i tried to add a topup to my account but the money isn't there, anymore. did i do something wrong?",top_up_reverted,61
can i apply for one of your cards if i live in the eu?,country_support,25
i made an error in payment yesterday and i need it fixed asap because it's for my rent tomorrow.,cancel_transfer,9
why didn't my balance update after my cash or checque deposit?,balance_not_updated_after_cheque_or_cash_deposit,7
how come i got to pay to get my money from the atm?,cash_withdrawal_charge,20
can i go ahead and use my account even though my identify hasn't been verified yet?,why_verify_identity,74
i would like to know more about what a disposable virtual card is?,get_disposable_virtual_card,38
will declined funds i tried to withdraw be returned to me?,wrong_amount_of_cash_received,75
what is the process for activating a new card.,activate_my_card,1
does it cost anything to get a new card? mine's about to expire and i'd also like to know how long it takes to get the new one.,card_about_to_expire,10
"if i want to add funds to the account using american express, how do i do that?",supported_cards_and_currencies,54
what happened to my top-up?,top_up_reverted,61
how can i get funds into my account from my american express?,supported_cards_and_currencies,54
"i need to figure out what these charges are on my account. they've been coming out for a couple of days. can i get all of this money back? also, i need to freeze my card.",card_payment_not_recognised,17
"my phone was stolen, what should i do first?",lost_or_stolen_phone,43
would i be able to get a second card?,getting_spare_card,40
why is my debit card being declined when i have money?,declined_card_payment,26
is there anywhere i can't use my card?,card_acceptance,11
why am i not allowed to add a certain beneficiary?,beneficiary_not_allowed,8
what limits are the to top-ups?,top_up_limits,60
where's the money from my transfer from europe?,transfer_timing,67
i received my card. how do i link it to the app?,card_linking,14
i want to use auto top-up. is there a limit?,automatic_top_up,5
is there restrictions on where i can use my card?,card_acceptance,11
my credit card got declined for top up! what's going on? can you check on why it didn't go through?,top_up_failed,59
how can i change my name in my profile?,edit_personal_details,31
how do i replace my card before it expires?,card_about_to_expire,10
transferring money in 2018 to another country shouldn't take this long. my transfer has been pending for too long. i verified my account details are correct.,pending_transfer,49
is it okay to hold money in multiple currencies?,fiat_currency_support,37
"i'm going on holiday to france for 6 weeks with my family and the cat, fluffy. i just purchased 10,000 from a currency exchange to ensure we don't run short but there appears to be a fee. what is this for?",card_payment_fee_charged,16
how can i alteration my pin?,change_pin,22
i did not receive the correct amount for the exchange rate.,card_payment_wrong_exchange_rate,18
"my phone was stolen, what can i do?",lost_or_stolen_phone,43
"my card's expiring a month from now, should i place an order for the new card?",card_about_to_expire,10
where can i find my top-up verification code?,verify_top_up,71
i would like more physical cards,getting_spare_card,40
when do i receive my pin,get_physical_card,39
"i made a transfer and the receiver did not get the right amount its lesser than what it should be,now i have to transfer more money to make up for the missing amount . can you please help me about this, what should be done",transfer_fee_charged,64
why am i still waiting for my refund,Refund_not_showing_up,0
i've been using my account while abroad for a while but only recently i've been charged a fee. why am i only being charged a fee now.,transfer_fee_charged,64
"i deposited some money, but the balance has not changed.",balance_not_updated_after_cheque_or_cash_deposit,7
how can i speed up a transfer? mine is pending.,pending_transfer,49
i can not see my top up,topping_up_by_card,62
why does my statement contain an extra fee?,extra_charge_on_statement,35
can i top up using a cheque?,top_up_by_cash_or_cheque,58
"if someone in a different country sends me money, do i have to pay a fee?",exchange_charge,32
i have been charged with a fee for paying with my card.,card_payment_fee_charged,16
i tried to buy something online yesterday and was told declined. i got the same error today after trying again. what is the problem?,declined_transfer,28
why did i get declined when trying to get cash?,declined_cash_withdrawal,27
why was there an additional fee on the payment i just made? i don't usually have additional fees applied to my payments.,card_payment_fee_charged,16
why was my payment cancelled?,reverted_card_payment?,53
can i space out how often money is transferred along my travels?,automatic_top_up,5
it looks like the exchange rates on my card payment are wrong,card_payment_wrong_exchange_rate,18
i lost my phone! will my card still work?,lost_or_stolen_phone,43
i cannot find my pin.,get_physical_card,39
"i don't understand how to top up my account, can you please explain the process?",transfer_into_account,65
the card payment i made didn't work.,declined_card_payment,26
why isnt top up working,top_up_failed,59
what kind of cards an currency do you support?,supported_cards_and_currencies,54
i need my card soon.,card_delivery_estimate,13
is pin delivered separately?,get_physical_card,39
"could it be that i deactivated my card, its not working?",card_not_working,15
how do i avoid getting charged a fee on my card?,card_payment_fee_charged,16
"when adding money, what are the currencies you take?",supported_cards_and_currencies,54
could i get tracking on the card?,card_arrival,12
"in the exchange and holding, what fiat is allowed?",fiat_currency_support,37
can i pay more to get it deliver quicker?,card_delivery_estimate,13
do you have an age requirement when opening an account with your service?,age_limit,2
how do you get exchange rates,exchange_rate,33
the app wouldn't accept my top up.,top_up_reverted,61
can you provide information for freezing my card immediately?,lost_or_stolen_card,42
can you tell me where to find my top-up verification code?,verify_top_up,71
are you visa or mastercard?,visa_or_mastercard,73
will you accept my credit card?,supported_cards_and_currencies,54
i can't get google pay to work right.,apple_pay_or_google_pay,3
i notice there's a pending payment on my card.,pending_card_payment,46
are there still fees for european top-ups?,top_up_by_card_charge,57
i need to terminate my account.,terminate_account,55
what can i do with a disposable virtual card?,get_disposable_virtual_card,38
i want to use a european bank card for a top up. must i pay?,top_up_by_card_charge,57
"when i went to 100, all the machine would give me was 20.",wrong_amount_of_cash_received,75
"something went wrong, i was charged an extra pound?",extra_charge_on_statement,35
i was charged twice for a few things this week when i only bought one. what do i do?,transaction_charged_twice,63
there has a recent suspicious withdrawal on my bank account. is it possible to freeze my card?,cash_withdrawal_not_recognised,21
for what reason must i authenticate the top up?,verify_top_up,71
i got less cash than the one i specified in the atm,wrong_amount_of_cash_received,75
what is the fee to receive money?,top_up_by_bank_transfer_charge,56
what is the time frame that it usually takes for a transfer to come through? i have a friend needing it immediately but it has yet to come through.,transfer_not_received_by_recipient,66
i'm looking for a machine of yours that will provide me cash from my home country. i went on holiday and don't have any cash on me. will your machine charge me extra to do this?,wrong_exchange_rate_for_cash_withdrawal,76
i am very upset that i went to use my new card today and it kept getting declined. why is this happening and what do i do to not have it declined?,declined_card_payment,26
can i change my card pin?,change_pin,22
"i was told to verify my identity, how do i do that?",verify_my_identity,69
when will my returned transaction show up on my account?,Refund_not_showing_up,0
how can i change currency type?,exchange_via_app,34
is there a reason why there is an extra 1 charge on my account?,extra_charge_on_statement,35
why is the exchange rate different than expected on my transaction?,wrong_exchange_rate_for_cash_withdrawal,76
why can't a beneficiary receive a money transfer from me?,beneficiary_not_allowed,8
i'd like to know what you guys look at to decide an exchange rate,exchange_rate,33
why is a money transfer not showing?,pending_transfer,49
why am i being charged to withdrawal money?,cash_withdrawal_charge,20
"how much time do transfers take? i sent money to a friend who needs it fast. it's been hours, and the money has not gone through.",transfer_not_received_by_recipient,66
"i was told that withdrawing cash from the atm is free, but i'm charged a fee. why is this?",cash_withdrawal_charge,20
when can i expect my card to be delivered to the us?,card_delivery_estimate,13
how much will i be charged for making a transfer?,top_up_by_bank_transfer_charge,56
i need help with my card!!!!! please. it keeps getting declined when i try to use it. i have tried a few times to use it and it keeps getting rejected. i have no idea why.,declined_card_payment,26
i haven't been able to complete any transactions on my card today. do you know what's wrong?,card_not_working,15
what should i do if someone stole my phone?,lost_or_stolen_phone,43
do you support the eu?,country_support,25
activate my card,activate_my_card,1
"card payment is still pending, why is that the case?",pending_card_payment,46
i seem to have lost my card.,lost_or_stolen_card,42
i made a card payment which is showing me pending.,pending_card_payment,46
how many purchases can i make with one disposable card?,disposable_card_limits,30
i used the wrong account.,cancel_transfer,9
i cannot use my pin.,pin_blocked,50
can you tell me the total cost of a transfer?,top_up_by_bank_transfer_charge,56
why am i being charged for withdrawing cash funds?,cash_withdrawal_charge,20
am afraid someone may have gained access to the info on my card.,compromised_card,23
when will a cash withdrawal show up?,pending_cash_withdrawal,47
how to i switch my money for the money used in another country?,exchange_via_app,34
what are the fees for using transfer to top off my account?,top_up_by_bank_transfer_charge,56
why isn't the transfer i made to a friend showing?,transfer_not_received_by_recipient,66
do i need to verify my identity each time i wish to use my account?,why_verify_identity,74
"i didnt make these transactions, i think my card details might be stolen",compromised_card,23
i need to cancel a transfer i made.,cancel_transfer,9
what do i do if my card is expiring soon?,card_about_to_expire,10
what should i do if i exceed my pin tries?,pin_blocked,50
is there an extra fee for using an atm?,cash_withdrawal_charge,20
can i have money in more than one currency in my account?,fiat_currency_support,37
where do my funds originate from?,verify_source_of_funds,70
i didn't cancel my top-up.,top_up_reverted,61
i'm in the eu. can i get one of your cards?,country_support,25
i was declined when i tried to get cash.,declined_cash_withdrawal,27
can i change my information?,edit_personal_details,31
is an auto top-up option available?,automatic_top_up,5
if i top-up by using a trasfer are there charges that applied?,top_up_by_bank_transfer_charge,56
i have found my lost or stolen card. is there a way i can link the card with my account through my app again?,card_linking,14
i need to transfer funds from my other bank account into this bank account.,transfer_into_account,65
can i get a visa or mastercard?,visa_or_mastercard,73
i haven't received my virtual card yet!!,getting_virtual_card,41
i have a new card. how do i top it up?,topping_up_by_card,62
"if i started the bank transfer from europe, how long will the process take to complete?",transfer_timing,67
can you tell me why my top up didn't work?,top_up_failed,59
"if i found an error in my account for a transaction i didn't make, how long to i have to dispute it?",direct_debit_payment_not_recognised,29
it's been some time ago that i placed an order and it just isn't coming. at this point just give me back my money because i'm not paying them.,request_refund,52
"i tried taking money from the atm but no money came out, but the transaction is still pending? how is this possible?",pending_cash_withdrawal,47
can you please make my top up go through as soon as possible. i really need the money and it has been pending for an hour already.,pending_top_up,48
why can't i withdraw cash?,declined_cash_withdrawal,27
my transfer has been declined and i know it should have went through.,declined_transfer,28
my card has been compromised,compromised_card,23
"how come my top-up didn't go through instantly, like it usually does?",pending_top_up,48
i'm concerned because my cash withdrawal is pending.,pending_cash_withdrawal,47
when will my transfer process?,balance_not_updated_after_bank_transfer,6
what forms of payment do you accept?,supported_cards_and_currencies,54
"for adding money, which currencies do you accept?",supported_cards_and_currencies,54
i no longer have my passcode.,passcode_forgotten,45
"there are transactions that i did not make on my account, i think someone has my information.",compromised_card,23
i haven't received my order and want a refund,request_refund,52
i found my lost card. am i still able to use it?,card_linking,14
"i've been to several different countries, can i exchange the cash with a discount for a large transaction?",exchange_charge,32
card payment is showing as pending,pending_card_payment,46
can you tell me why i haven't received my new card yet?,card_arrival,12
the balance on my account wasn't updated after i made a depost.,balance_not_updated_after_cheque_or_cash_deposit,7
why is my card payment still pending? it should have gone through already.,pending_card_payment,46
is there a limit on how many times i can use a disposable card?,disposable_card_limits,30
can i cancel a transfer,cancel_transfer,9
i got a new address and need to change my information.,edit_personal_details,31
i sent money about 5 days ago and the recipient has not received the money yet.,transfer_not_received_by_recipient,66
my cash withdrawal was declined. why?,declined_cash_withdrawal,27
"my new card just arrived, how can i activate it?",activate_my_card,1
i haven't received the money from the check i deposited.,balance_not_updated_after_cheque_or_cash_deposit,7
do i need to add money before i order a card,order_physical_card,44
why did you revert my top up?,top_up_reverted,61
my balance doesn't show my deposit.,balance_not_updated_after_cheque_or_cash_deposit,7
how do i go about transferring money using my credit card?,topping_up_by_card,62
when will my transfer go through?,pending_transfer,49
why didn't i receive the right amount of cash?,wrong_amount_of_cash_received,75
do i need my phone to use the app?,lost_or_stolen_phone,43
yikes! i didn't get the amount of money that i requested. what do i do now?,wrong_amount_of_cash_received,75
i should not have been charged a fee for my transfer.,transfer_fee_charged,64
let me know what the steps for the identity checks are,verify_my_identity,69
can you give me info about what to do when my card expires?,card_about_to_expire,10
a direct debit payment that i didn't authorise shows up in my app.,direct_debit_payment_not_recognised,29
i cannot use my disposable virtual card.,virtual_card_not_working,72
looks like my top up failed.,top_up_failed,59
i still don't have my card after 2 weeks. what should i do?,card_arrival,12
"if i want to be able to give my daughter a card for my account, would i be allowed to get one for her?",getting_spare_card,40
"hey, i think someone stole my card numbers. there is a purchase showing up on my app from a store pretty far away from me.. i really need that money back to pay my rent.",direct_debit_payment_not_recognised,29
help! my account doesn't show any funds. is transferring funds an option i can use?,transfer_into_account,65
i would like to get both a visa and mastercard?,visa_or_mastercard,73
what do i use to verify my identity?,verify_my_identity,69
i topped up but the app did not accept it.,top_up_failed,59
how many days processing new card?,contactless_not_working,24
the app doesn't recognize me.,unable_to_verify_identity,68
where can the card be used?,card_acceptance,11
is there any way to cancel a transfer?,cancel_transfer,9
how is the pin delivered?,get_physical_card,39
i have a transaction and would like to know if i it's cancelable?,cancel_transfer,9
can i dispute a payment even if i notice it several weeks after it was made?,direct_debit_payment_not_recognised,29
i have a new card and i can't add money to it. i tried about 30 minutes ago and it is still pending. what do i do?,pending_top_up,48
please help me find my top-up verification code,verify_top_up,71
what is the process for activating my new card?,activate_my_card,1
can i use my social security card as a form of identity?,verify_my_identity,69
can you help me find top up by cash deposit?,top_up_by_cash_or_cheque,58
it seems my top up is reverted?,top_up_reverted,61
how can i setup automatic top-up?,automatic_top_up,5
i accidentally left my phone at the hotel so now i'm not able to use the app.,lost_or_stolen_phone,43
please can you block the transaction i just sent from my account? it was a payment but i accidently typed in the wrong details and think it might have gone to the wrong place.,cancel_transfer,9
"if i want to top up, can i use apple pay?",apple_pay_or_google_pay,3
where is the top-up verification code located?,verify_top_up,71
what would be the reason there's an extra fee on my statement?,extra_charge_on_statement,35
how to get new card after atm eats it,card_swallowed,19
is there a trick to get the disposable virtual card to work?,virtual_card_not_working,72
am i able to top up with apple pay?,apple_pay_or_google_pay,3
am i allowed to change my pin anywhere?,change_pin,22
why did i get charged a fee when i tried to obtain cash?,cash_withdrawal_charge,20
can you express my card to me?,card_delivery_estimate,13
"ive been trying to use my card for two weeks now to purchase somethings online but nothing is going through. it keeps returning my payment to my account. there shouldn't be anything wrong with my account, is it the card?",reverted_card_payment?,53
can i have a card even if i am not living in the uk?,country_support,25
"got married, need to change account name",edit_personal_details,31
when are cards delivered?,card_delivery_estimate,13
how come the atm won't give me my money?,declined_cash_withdrawal,27
you charged me more than once for the same transaction!,transaction_charged_twice,63
my card has not come in the mail yet.,card_arrival,12
what's the refund process?,request_refund,52
i paid with card and i think there was a fee applied.,card_payment_fee_charged,16
"i am traveling to germany, will i be able to use my card there?",card_acceptance,11
i ordered my card a couple weeks ago and haven't received it yet. when can i expect it?,card_delivery_estimate,13
i need to find out where the card is that i ordered.,card_arrival,12
when will my card be here?,card_delivery_estimate,13
how long does a transfer from the uk account usually take? after completing the transfer it is not showing up. i need to know that everything i actually went okay.,balance_not_updated_after_bank_transfer,6
what do i do if my card expires soon?,card_about_to_expire,10
what is the source of the money in my account?,verify_source_of_funds,70
"i couldn't transfer money to my bank, why not?",beneficiary_not_allowed,8
my pin has been blocked.,pin_blocked,50
my card won't work right now.,card_not_working,15
"i notice a transaction a couple of weeks ago in my account, from a seller that i don't recognize. is there a way we can trace back the information to make sure it was truly something i did?",direct_debit_payment_not_recognised,29
can i have a card after my first one?,getting_spare_card,40
is there a fee for extra cards?,getting_spare_card,40
there was an extra fee when i was at the atm. why?,cash_withdrawal_charge,20
how long do deposits take to appear? i've been waiting for more than a week and need the money!,balance_not_updated_after_cheque_or_cash_deposit,7
"please double check my card - withdrawal was working fine so far, but this morning on the way to work it suddenly got declined!",declined_cash_withdrawal,27
i need to update my info.,edit_personal_details,31
"i got a message saying i made a withdrawal from the bank machine, but i did not.",cash_withdrawal_not_recognised,21
"fix your system. i can't make transfers, i've tried like 5 times already.",failed_transfer,36
what are the countries you support.,country_support,25
what do i need to do if the atm kept my card?,card_swallowed,19
what amount can i top-up?,top_up_limits,60
can this card be used at all atms?,atm_support,4
i wanted to know why my transaction didn't go through.,declined_transfer,28
"help me! when i was abroad, the exchange rate was wrong.",wrong_exchange_rate_for_cash_withdrawal,76
why can't i see the top up i made?,topping_up_by_card,62
my card expires soon,card_about_to_expire,10
"phone is gone, dont want others to access account information",lost_or_stolen_phone,43
can i get payed through this system?,receiving_money,51
"i have done a transfer within the country the day before yesterday, but it's still not there yet. can you please check what's going on with that, the account number definitely is the right one, i've checked that several times already.",transfer_not_received_by_recipient,66
i noticed that the exchange rate applied to a recent purchase i made abroad was incorrect.,card_payment_wrong_exchange_rate,18
contactless isn't working for me,contactless_not_working,24
where is the money that i asked for? i asked for more than i got!,wrong_amount_of_cash_received,75
my card is just not working at this time.,virtual_card_not_working,72
i have a direct debit i didn't make,direct_debit_payment_not_recognised,29
what i need to verify my account,why_verify_identity,74
i just had a wedding and i want to take my spouses name.,edit_personal_details,31
can i use my card at any atms?,atm_support,4
i did a transfer but it is still pending.,pending_transfer,49
can my daughter make an account?,age_limit,2
my phone is lost. what do i do to prevent someone from using the app?,lost_or_stolen_phone,43
tell me what the steps for the identity checks are,verify_my_identity,69
from what countries can i use an account?,country_support,25
"i just transferred some money into my account and do not see it updated yet, can you assist?",balance_not_updated_after_bank_transfer,6
are there any top-up limits?,top_up_limits,60
"when traveling, can i auto top-up my card at certain times?",automatic_top_up,5
am i allowed to give my daughter one of my cards to use?,getting_spare_card,40
"i needed to send my friends some money urgently. i tried multiple times to transfer the money this morning, but the transfer keeps failing. can you tell me why the transfer is getting rejected?",failed_transfer,36
why is there an extra dollar charged to my account?,extra_charge_on_statement,35
"hello, i'm a brand new customer and tried topping up for the first time today. it has been pending for half an hour and doesn't seem to be working. please resolve this.",pending_top_up,48
why was my withdrawal requested cancelled by the atm?,declined_cash_withdrawal,27
what has to be done to verify my identity?,verify_my_identity,69
how come the atm gave me less cash than what i asked for?,wrong_amount_of_cash_received,75
why is my 'top up' not showing up in my wallet?,topping_up_by_card,62
i got mugged yesterday and can't use the app.,lost_or_stolen_phone,43
why has my top-up failed?,top_up_failed,59
do i have to pay for a physical card?,order_physical_card,44
the stupid machine just swallowed my card!! i need a new one asap,card_swallowed,19
how do i link to my credit card with you?,card_linking,14
i haven't been sent my new pin!,get_physical_card,39
"i didn't get as much cash as i asked for from the atm, why?",wrong_amount_of_cash_received,75
my cash received does not match what has been requested,wrong_amount_of_cash_received,75
the rate applied to my foreign currency at an atm was incorrect.,wrong_exchange_rate_for_cash_withdrawal,76
"please help, the atm swallowed my card, what do i do?",card_swallowed,19
would i be able to open an account for my daughter?,age_limit,2
"hi, i am interested buying crypto currency but unable to purchase it through the application. i do want to do the exchange, could you please let me know what is the problem?",beneficiary_not_allowed,8
what is the extra fee that was added when i used the card?,card_payment_fee_charged,16
how come my disposable virtual card used to pay for a gym subscription got rejected?,virtual_card_not_working,72
how much am i allowed to top-up?,top_up_limits,60
i just made a transfer from france 2 days ago. it has not yet reached my bank. is it possible it takes longer because it was an international transfer?,balance_not_updated_after_bank_transfer,6
my card was stolen,lost_or_stolen_card,42
it shows that the transfer on my account wasn't allowed.,beneficiary_not_allowed,8
i used an atm in a foreign currency but the rate applied is wrong!,wrong_exchange_rate_for_cash_withdrawal,76
why is there extra cash in my account?,cash_withdrawal_not_recognised,21
"i just tried to top-up and now i'm getting an additional verification message, why?",verify_top_up,71
i am still awaiting the money i put into my account this morning.,balance_not_updated_after_cheque_or_cash_deposit,7
why was there an extra charge when i transferred money?,transfer_fee_charged,64
please delete my account and personal information.,terminate_account,55
how old must i be to open an account?,age_limit,2
i want to get an item refunded,request_refund,52
"when i received my cash, the exchange rate was wrong.",wrong_exchange_rate_for_cash_withdrawal,76
"hello, i was just went through my recent transaction on my bank account and i just noticed that i was charged twice at a place that ate at this past week. can i get that second transaction removed from my account?",transaction_charged_twice,63
can you tell me why my card isn't letting me make purchases online? it's been 2 weeks i've been trying.,reverted_card_payment?,53
i can not find my refund.,Refund_not_showing_up,0
how long does it take to activate my card?,activate_my_card,1
"i am in austria right now. i need to change my pin asap, so can i still do this from here?",change_pin,22
do you offer multiple cards for the same account?,getting_spare_card,40
i have tried transferring money numerous times. all i keep getting is an error message. can you tell me what is going on and how this van be fixed?,beneficiary_not_allowed,8
i got some items this morning but the payment says pending,pending_card_payment,46
why use a disposable card?,get_disposable_virtual_card,38
i would like to terminate my account.,terminate_account,55
auto-top up option can be found where?,automatic_top_up,5
what do you think of the exchange rate?,exchange_rate,33
"i want to top up by transfering accounts, what do i do?",transfer_into_account,65
can i set it up to add money every few days automatically while i am traveling?,automatic_top_up,5
can you tell me what currencies i can use to add money?,supported_cards_and_currencies,54
a cash withdrawal has been done that i didn't do.,cash_withdrawal_not_recognised,21
no visa please. i want to continue with mastercard.,visa_or_mastercard,73
i deposited a check a few days ago and it's still not gone in! please help me with this,balance_not_updated_after_cheque_or_cash_deposit,7
where's my top up code?,verify_top_up,71
i was informed that transfers were free. i noticed i have a fee but why?,transfer_fee_charged,64
"i transferred money, why was charged for an extra fee?",transfer_fee_charged,64
why do you have the identity check,why_verify_identity,74
should i reinstall the payment app?,contactless_not_working,24
what is the fee for topping up by card?,top_up_by_card_charge,57
i was getting cash and the card got stuck inside,card_swallowed,19
can i top up with cash,top_up_by_cash_or_cheque,58
a bank atm did not give my card back. what do i do now?,card_swallowed,19
there's an unauthorized direct debit in my app.,direct_debit_payment_not_recognised,29
there is something wrong with my card. tried to use it a few times today in different places and it just didn't work. the transactions i tried to make were really small so not sure what's going on,card_not_working,15
i was told i would be getting a refund but i have yet to see it,Refund_not_showing_up,0
do you do business in the eu?,country_support,25
can i open an account for a child?,age_limit,2
will my friends be able to top up my account?,topping_up_by_card,62
my transfer is failing when i try to do it.,failed_transfer,36
"i would like to receive and use the card in europe, is that possible?",country_support,25
"needed gas, been delayed for half an hour.please fix it!",pending_top_up,48
if i need to top up with cash where should i look?,top_up_by_cash_or_cheque,58
why do you need to know where my money is coming from?,verify_source_of_funds,70
how does one send me money?,receiving_money,51
where do you export the cards to?,order_physical_card,44
i was charged a fee with my cash withdrawal that i shouldn't have been charged.,cash_withdrawal_charge,20
can you let me know if visa is among the card scheme assignments?,visa_or_mastercard,73
why wasn't my payment accepted by the app,reverted_card_payment?,53
what are the benefits to verifying the top-up?,verify_top_up,71
does the auto top-up have any limits?,automatic_top_up,5
the app won't let me log in as myself.,unable_to_verify_identity,68
i lost track of my card,lost_or_stolen_card,42
i just got my new card but am not sure how to check its pin.,get_physical_card,39
what are the current exchange rates?,exchange_rate,33
i won't verify my identity.,why_verify_identity,74
i tried to buy something online yesterday but it kept saying declined. tried another time today but same thing happened. what's broken?,declined_transfer,28
i could not transfer to a beneficiary,beneficiary_not_allowed,8
"if i am overseas, how do i change my pin?",change_pin,22
"i've just come back from an eating holiday in the usa and canada and have so many pending and duplicated transactions on my account. i think there is something wrong, can you look in to it please?",transaction_charged_twice,63
how much is the exchange fee?,exchange_charge,32
how long does it take for the money to show up in my account?,transfer_timing,67
how did you guys get your exchange rate?,exchange_rate,33
how do i use my new card?,activate_my_card,1
my app is showing a cash balance that i did not receive.,cash_withdrawal_not_recognised,21
"hi, i am new to this. are there any additional fees or charges that i should be aware of? i was looking through the app and i thought i saw something in regards to fee-free allowances.",card_payment_fee_charged,16
what is the limit to a top-up?,top_up_limits,60
one of my transactions needs to be canceled.,cancel_transfer,9
why is my identification required?,why_verify_identity,74
may i exchange currencies with this?,exchange_via_app,34
is eur one of the currencies you deal with?,fiat_currency_support,37
"i looked at my statement, and there is a charge for 1 that i don't recognize. why is it on there?",extra_charge_on_statement,35
what countries do you support?,country_support,25
can i get a new card in china?,card_about_to_expire,10
can someone help me unblock my pin?,pin_blocked,50
cash deposit to my account has shown a red flag.,balance_not_updated_after_cheque_or_cash_deposit,7
can i use american express?,supported_cards_and_currencies,54
can you please help me with this exchange? i am trying to get crypto and the app won't let me.,beneficiary_not_allowed,8
why was money taken for a transfer?,transfer_fee_charged,64
"if i lost my phone, what steps do i need to take to stop someone from using my account?",lost_or_stolen_phone,43
"google pay and top up, i want it, can i get it?",apple_pay_or_google_pay,3
how do i dispute a debit that i didn't make?,direct_debit_payment_not_recognised,29
which atms accept this placard ?,atm_support,4
"i requested a refund from a seller a while ago, but when i check my statements it doesn't show up. can you help me get my refund.",Refund_not_showing_up,0
my transfer didn't work! help!,failed_transfer,36
please delete the duplicate payment that was made to my account. one payment is still pending and i do not want to pay twice.,transaction_charged_twice,63
"i did a cash deposit to my account, but i am not seeing it on my statement.",balance_not_updated_after_cheque_or_cash_deposit,7
"since my card is about to expire, i need a new one.",card_about_to_expire,10
how many transactions can i do with my disposable card?,disposable_card_limits,30
need to deposit a cheque into my account,top_up_by_cash_or_cheque,58
i am not seeing recent cash withdrawal on my account.,pending_cash_withdrawal,47
it appears my top-ups have been canceled.,top_up_reverted,61
"i've been waiting since friday, where is my money?",transfer_not_received_by_recipient,66
what is the base amount for cross-currency exchanges?,exchange_charge,32
why was i charged a fee for using my card,card_payment_fee_charged,16
my beneficiary didn't receive my transfer,beneficiary_not_allowed,8
the fee charged when i changed rubles into british pounds was too much.,card_payment_wrong_exchange_rate,18
what reasons could cause my top up to be reverted,top_up_reverted,61
"i need to exchange between different currencies, like gbp and usd. can i do that with your app?",exchange_via_app,34
can i change my pin in austria?,change_pin,22
the see the rate applied to my transaction was wrong at the atm.,wrong_exchange_rate_for_cash_withdrawal,76
"even though i added money ey to the card, i couldn't use it",pending_top_up,48
for topping-up is there a charge?,top_up_by_bank_transfer_charge,56
is there any way i can get more physical cards to use with my account?,getting_spare_card,40
can my password be reset if i do not have it?,passcode_forgotten,45
what kind of cards are supported? what currency?,supported_cards_and_currencies,54
it appears as though my card payment was duplicated. i paid at the store earlier today. the first time it was declined and the second time it worked. the app is still showing one of the payments to be pending. please take one of these off because clearly the first was declined and is not correct.,transaction_charged_twice,63
please tell me what the exchange fee is.,exchange_charge,32
atm took my card,card_swallowed,19
what is the charge for receiving a sepa transfer?,top_up_by_bank_transfer_charge,56
"i tried to top up, but it didn't finish.",pending_top_up,48
why are the payments being declined on my new card? i tried several times to use my new card to pay for my gas at the shell station in my neighborhood. i am very distressed about my new card not working.,declined_card_payment,26
i may have entered the pin wrong and the account is blocked. what do i have to do to get it unblocked.,pin_blocked,50
what are the rules for a top-up?,top_up_limits,60
my card is needed soon,card_delivery_estimate,13
what are the rules to where i can use my card?,card_acceptance,11
why do i get declined when i try to withdraw cash?,declined_cash_withdrawal,27
i didn't know there was a charge for tranferring. what is the charge?,transfer_fee_charged,64
which countries do you currently support?,country_support,25
there are funds showing in my app that i did not receive.,cash_withdrawal_not_recognised,21
when my card expires what happens to my account?,card_about_to_expire,10
"this company is bad, delete my account now.",terminate_account,55
is it possible to link a new card?,card_linking,14
the card is non-functional.,card_not_working,15
what is the wait time for a transfer from the us?,transfer_timing,67
what currency's can i exchange for?,exchange_via_app,34
"i signed up, but don't have a pin. where can i find it?",get_physical_card,39
what happened! i asked for 30 pounds at your atm and only go 10. the machine lied about it too. it said i received the full 30 pounds. someone better help me asap on this.,wrong_amount_of_cash_received,75
can i get both a visa and a mastercard from you?,visa_or_mastercard,73
"my new card is here, what's the process for activating it?",activate_my_card,1
can i have it delivered on the date i need it delivered?,card_delivery_estimate,13
how do i receive my physical card,order_physical_card,44
what can i do to verify my card?,verify_top_up,71
i do not have what is required to prove my identity,unable_to_verify_identity,68
how do i delete an account?,terminate_account,55
i received my new card. where is it in the app?,card_linking,14
who can have access to top up my account?,topping_up_by_card,62
is there a verification code for top-ups?,verify_top_up,71
"when will i get a new card when i order it, and how much will it cost.",card_about_to_expire,10
where can i use this card at an atm?,atm_support,4
why is my card being declined at the atm? i have tried multiple atms and i keep running into the same problem. could you verify that everything is okay with my account?,declined_cash_withdrawal,27
how do i auto top-up?,automatic_top_up,5
how can i make my card show up in the app?,card_linking,14
"why is my transfer not working? i tried multiple times to transfer money, and all that happens is an error message pops up.",beneficiary_not_allowed,8
how long should i expect for the card to arrive?,card_delivery_estimate,13
can i get my salary through this?,receiving_money,51
i can't see the transfer that i put in.,balance_not_updated_after_bank_transfer,6
what is the extra fee i was charged when using an atm?,cash_withdrawal_charge,20
"when i tried to top up using my card, all of the money disappeared.",topping_up_by_card,62
i am under the impression that my top up is still pending,pending_top_up,48
i am perplexed. why is it that i received an extremely wrong rate when i tried to use an atm using a foreign currency?,wrong_exchange_rate_for_cash_withdrawal,76
earlier today i took money out the atm. after checking the app the amount is so much higher than the amount i received.,wrong_amount_of_cash_received,75
i made a payment but the app gave the money back.,reverted_card_payment?,53
how can i change my pin even though i'm out of the country in austria at the moment?,change_pin,22
could you please freeze my card immediately?,lost_or_stolen_card,42
"hey, i have my card, how do i get it to show in the app?",card_linking,14
why would the app deny my top-up?,top_up_failed,59
i receive my salary in gbp. do i need to configure this somehwere?,receiving_money,51
there is a strange 1 charge that appears as pending on my statement. what's the cause for that? i haven't purchased anything for a pound.,extra_charge_on_statement,35
is there any amount in which i would get cut off from topping up?,top_up_limits,60
how do i enable contactless pay?,contactless_not_working,24
after i got married i need to change my name,edit_personal_details,31
what's up with verifying top-ups?,verify_top_up,71
how are currencies exchanged?,exchange_via_app,34
can my friend send me money if it is not in us dollars?,receiving_money,51
how can i get a real-life card of my own?,order_physical_card,44
where can i modify my details?,edit_personal_details,31
what systems do you have in place for my security when using my card for everyday purchases?,get_disposable_virtual_card,38
how can i put more money into my account?,top_up_by_cash_or_cheque,58
an extra fee has been added to my card payment is this correct?,card_payment_fee_charged,16
where is my refund? it appears to be missing.,Refund_not_showing_up,0
my card failed to work when i was shopping in a store,declined_card_payment,26
do i have to pay for topping up by transfer?,top_up_by_bank_transfer_charge,56
something is wrong with my password.,passcode_forgotten,45
i'm being charged for using my card!,card_payment_fee_charged,16
how can i periodically check the delivery of the card you sent?,card_arrival,12
is payment required to get a card of my own?,order_physical_card,44
i did not receive the right amount of cash i requested,wrong_amount_of_cash_received,75
will you deal with swift transfers?,top_up_by_bank_transfer_charge,56
where did the money transfer go?,transfer_not_received_by_recipient,66
"the exchange rate given to me wasn't correct, after i purchased an item",card_payment_wrong_exchange_rate,18
why would i be charged an extra fee while doing a transfer?,transfer_fee_charged,64
i haven't received my card.,card_arrival,12
how do your exchange rates work?,exchange_rate,33
can you make exchanges with the eur?,fiat_currency_support,37
what do i do if i see a transaction on my card that i don't recall making?,card_payment_not_recognised,17
i see an unauthorized withdraw.,cash_withdrawal_not_recognised,21
it didn't give me my cash,wrong_amount_of_cash_received,75
i have exceeded the number of times i can try my pin,pin_blocked,50
what is my password?,passcode_forgotten,45
where do i go to update details?,edit_personal_details,31
how much does a card cost and why do you charge me,order_physical_card,44
"i got my american express in apple pay, why is top up not working?",apple_pay_or_google_pay,3
my payment did not go through because the app reverted it,reverted_card_payment?,53
why do i have a transaction showing up more than once?,transaction_charged_twice,63
there is a record of payment i never submitted on the app.,card_payment_not_recognised,17
can you show me how to top up with google play?,apple_pay_or_google_pay,3
will i get charged on a foreign currencies exchange?,exchange_charge,32
why hasn't the app verified my identity?,unable_to_verify_identity,68
"i prefer using mastercard, can i substitute?",visa_or_mastercard,73
my phone was stolen so i no longer have access to the app.,lost_or_stolen_phone,43
is there a charge for top-ups?,top_up_by_card_charge,57
yesterday i had my phone stolen. please advise what i should do.,lost_or_stolen_phone,43
the atm didn't give me all my cash,wrong_amount_of_cash_received,75
what is the maximum transactions i can use on a disposable card?,disposable_card_limits,30
how long does a card delivery take?,card_arrival,12
"if my funds are running low, will the app top up automatically?",automatic_top_up,5
what is the source of your exchange rates?,exchange_rate,33
what is the most i can top-up?,top_up_limits,60
what does my daughter need to open an account?,age_limit,2
what are the steps i should take to recover my swallowed card?,card_swallowed,19
i am still waiting for a the cash i deposited this morning,balance_not_updated_after_cheque_or_cash_deposit,7
who can send me money?,receiving_money,51
"i need to transfer something from china, how long will it take?",transfer_timing,67
i'm not certain my top-up went through yet.,pending_top_up,48
"if the atm only gave me 10 pounds instead of the 30 i requested, what do i do?",wrong_amount_of_cash_received,75
is going to a bank only way to change my pin?,change_pin,22
i was unaware of the additional charge that was added onto my previous payment. a notification of extra charges would be appreciated in the future.,card_payment_fee_charged,16
my top up didn't work.,top_up_failed,59
i just got 20 when i tried to get 100,wrong_amount_of_cash_received,75
do i have a visa card as an option?,visa_or_mastercard,73
"i needed some cash while abroad, and i'm pretty sure the wrong exchange rate was applied.",wrong_exchange_rate_for_cash_withdrawal,76
there's a debit on my account that i didn't do.,direct_debit_payment_not_recognised,29
why was i charged an additional fee when paying with card?,card_payment_fee_charged,16
do i get any sort of discount on volume for a lot fo currency exchanges?,exchange_charge,32
the atm didn't give me the card back!,card_swallowed,19
how can receive a physical card,order_physical_card,44
why hasn't my balance increased after depositing a check?,balance_not_updated_after_cheque_or_cash_deposit,7
this card is accepted by what businesses?,card_acceptance,11
i have made a recent check and cash deposit that isn't reflected in my balance.,balance_not_updated_after_cheque_or_cash_deposit,7
i've got to have one of those virtual cards.,getting_virtual_card,41
how does on apply fora refund on an item he ordered? i ordere an item and have not received it yet so i want to cancel it and get a refund,request_refund,52
i need to make multiple disposable cards in a day.,disposable_card_limits,30
i have made a card payment but it did not completed still showing as pending. please tell me when it will be completed.,pending_card_payment,46
how can i add physical money to my card?,top_up_by_cash_or_cheque,58
is there an auto top up option?,automatic_top_up,5
i am still waiting for a transfer to show,pending_transfer,49
can i order a disposable virtual card?,get_disposable_virtual_card,38
for some reason my account's been charged an extra dollar.,extra_charge_on_statement,35
is there a location near me that i can change my pin?,change_pin,22
the atm isn't giving out any money.,declined_cash_withdrawal,27
which kind of documentation do i need for identity check?,verify_my_identity,69
i made a transfer a few hours ago from a uk banking account. i do not yet see the transfer. please check on this for me.,balance_not_updated_after_bank_transfer,6
what are the atms that will accept this card?,atm_support,4
i would like to use top-up with my apple pay.,apple_pay_or_google_pay,3
"i topped-up my account, but i don't think it went through.",pending_top_up,48
why would a merchant revert my payment?,reverted_card_payment?,53
i was wrongfully charged one pound.,extra_charge_on_statement,35
"i'm looking at my statement, and my refund is not on there.",Refund_not_showing_up,0
my top-up appears to be pending.,pending_top_up,48
i have a problem with my account. i tried to transfer some funds and the message came back declined. can you help me?,declined_transfer,28
can i use my account without verifying my identity?,why_verify_identity,74
i have a new card. how do i activate it?,activate_my_card,1
i need someone to assist me with explaining how much i can top-up.,top_up_limits,60
contactless payments need to be enabled for my card.,contactless_not_working,24
what should i do if i lost my phone?,lost_or_stolen_phone,43
can i get an account for my daughter?,age_limit,2
how long does it take in europe to do a transfer?,transfer_timing,67
what's the normal time frame for a transfer from a uk account? after just making a transfer it doesn't appear at all. i need to know if things went okay.,balance_not_updated_after_bank_transfer,6
my card is very close to expiring. when can i order a new one and how do i do so?,card_about_to_expire,10
how soon will i get my card?,card_delivery_estimate,13
"hi, i was just checking over my card transactions and notice i was charged twice for a restaurant visit this week. can you please remove one of these false charges from my account?",transaction_charged_twice,63
"my phone was taken yesterday, what should i do about my account?",lost_or_stolen_phone,43
what will happen after my card expires?,card_about_to_expire,10
my account transfer was blocked.,beneficiary_not_allowed,8
why was my transfer request decline?,declined_transfer,28
i'd like my account to be deleted. i'm not satisfied with the service you provide.,terminate_account,55
my transfer to beneficiary didn't go through,beneficiary_not_allowed,8
i have have multiple charges for one transaction.,transaction_charged_twice,63
i can't get money out of the atm,declined_cash_withdrawal,27
i don't recognize this payment at all! help!,card_payment_not_recognised,17
what are the restrictions on auto top-up?,automatic_top_up,5
i received incorrect amount of cash from an atm today. it was more than i wanted. what do i do now?,wrong_amount_of_cash_received,75
i still do not see the cash deposit in my account from last week. why?,balance_not_updated_after_cheque_or_cash_deposit,7
what are the top-up fees?,top_up_by_card_charge,57
can i activate my card with the app?,activate_my_card,1
why did i only receive this much currency?,wrong_exchange_rate_for_cash_withdrawal,76
what are the limits to where my card will be accepted?,card_acceptance,11
hi i'm waiting for a refund for an item i bought. i have contacted the merchant directly but had nothing back. can you tell me whether or not you are able to refund me for the item?,Refund_not_showing_up,0
i can't see my refund in my history.,Refund_not_showing_up,0
top up cancellation,top_up_reverted,61
can i change my pin online?,change_pin,22
"i topped up my account and even though it was confirmed at first, the money isn't there anymore! why did this happen, and where did my money go?",top_up_reverted,61
are you located in other countries?,country_support,25
i did a money transaction and the recipient doesn't see it,transfer_not_received_by_recipient,66
"i found my card that i thought i had lost, i need to reactive it, please help.",card_linking,14
why hasn't my transfer gone through,failed_transfer,36
do i need a pin,get_physical_card,39
how do i get extra cards?,getting_spare_card,40
i live in germany. is that one of the countries you are in? what other countries are you in?,country_support,25
how long is the transfer?,transfer_timing,67
how to change name,edit_personal_details,31
"help, lost my card",lost_or_stolen_card,42
"i need an accurate exchange rate, when i make my withdrawals.",wrong_exchange_rate_for_cash_withdrawal,76
why is identity verification required?,why_verify_identity,74
i want to get my salary deposited as pesos?,receiving_money,51
is my card frozen?,card_not_working,15
i tried withdrawing money in another country and the exchange rate was wrong.,wrong_exchange_rate_for_cash_withdrawal,76
the rate for a currency exchange was wrong when i bought something.,card_payment_wrong_exchange_rate,18
i don't recognize the direct debit payment from the app.,direct_debit_payment_not_recognised,29
"hello, i wanted to get some more information about atm withdraw fee. i have been withdrawing money for years and notice this charge on my account. i always thought it was no fee since its you guys atm company that i am withdrawing. can you please explain?",cash_withdrawal_charge,20
does the app top up automatically?,automatic_top_up,5
do you have the option for a disposable virtual card?,get_disposable_virtual_card,38
when should i receive my refund,Refund_not_showing_up,0
how fast are transfers from europe?,transfer_timing,67
where do i find the virtual card?,getting_virtual_card,41
i got cash and the exchange rate should have been different than it ended up being.,wrong_exchange_rate_for_cash_withdrawal,76
will i be charged a fee to top up using a debit or credit card?,top_up_by_card_charge,57
i didn't get a pin yet. what gives?,get_physical_card,39
why did the atm give me less money than what i requested?,wrong_amount_of_cash_received,75
can you please check if i was charged twice?,transaction_charged_twice,63
what do i do if my card has been lost or stolen?,lost_or_stolen_card,42
are there directions to get a new passcode if i forgot mine?,passcode_forgotten,45
which one are you? visa or mastercard?,visa_or_mastercard,73
i cannot get my disposable virtual card to work,virtual_card_not_working,72
i put the wrong pin too many times and now it is blocked. can you help me unblock it?,pin_blocked,50
"i ordered a card a week ago, and it's still not here. what do i do?",card_arrival,12
i have 1 other us card. can you take that?,supported_cards_and_currencies,54
how do i make sure my transfer isn't goin to an unsupported merchant?,declined_transfer,28
why do you ask for top-up verification?,verify_top_up,71
what fee is included if i top up by card?,top_up_by_card_charge,57
what kind of cash machines would allow me to change my pin?,change_pin,22
i tried to top up my account and it didn't work,top_up_failed,59
"please help me, as my topup amount has been reverted, i did it correctly. i think there is some defect in system.",top_up_reverted,61
i'm still waiting for my new card.,card_arrival,12
what is the fee for a transfer into my account,top_up_by_bank_transfer_charge,56
i keep checking my bank statements but i don't see a refund that i've requested from a seller. can you ensure that i receive the refund from the seller?,Refund_not_showing_up,0
what kind of fees will i pay when i transfer?,transfer_fee_charged,64
which cards do you guys support? i want to top up using my credit card.,supported_cards_and_currencies,54
how can i transfer money using my credit card?,topping_up_by_card,62
"i need help to resolve mix up on my card payment. my account shows the money was taken out and then put back in the account. then i received a message from the seller, it said that they did not get my payment.",reverted_card_payment?,53
how does the exchange rate work?,exchange_rate,33
i forgot the code i need to get into the app.,passcode_forgotten,45
i need more than one disposable card,disposable_card_limits,30
help me verify my identify?,unable_to_verify_identity,68
may i get an account for my daughter?,age_limit,2
what is the foreign exchange rate you will apply?,exchange_rate,33
"for physical cards, do you charge?",order_physical_card,44
is there a reason why my account isn't updating because i used a check to balance my account?,balance_not_updated_after_cheque_or_cash_deposit,7
how do i transfer money using my credit card?,topping_up_by_card,62
i can not get the app to know it is me.,unable_to_verify_identity,68
is there a reason that my payment didnt go through,declined_card_payment,26
what types of cards and money do you accept?,supported_cards_and_currencies,54
i'm trying to make a bank transfer but it's not going through. could there not be enough funds to transfer or something? have i done it too many times?,failed_transfer,36
would it be possible to activate my card?,activate_my_card,1
my top-up was cancelled will i receive a refund?,top_up_reverted,61
how long will a transaction to a friend take?,transfer_not_received_by_recipient,66
i sent money to someone but they haven't gotten it yet,transfer_not_received_by_recipient,66
what are the limitations on the disposable cards?,disposable_card_limits,30
what is the purpose for verifying my identity?,why_verify_identity,74
i don't want to give you all my identify details.,why_verify_identity,74
how much do i have to pay if i want to transfer money?,transfer_fee_charged,64
i entered a typo when i was transferring money and now i've sent it to an incorrect account. this is so bad! i need it cancelled now.,cancel_transfer,9
can i choose from either visa or mastercard?,visa_or_mastercard,73
help me get the virtual card working.,virtual_card_not_working,72
where are you present globally?,country_support,25
is there a limit to the top-ups someone can do?,top_up_limits,60
i'm quite confused as to what is going on. there is some odd extra pound charge on my statement in the app that's just listed as pending and doesn't go away since a couple days.,extra_charge_on_statement,35
my card is not working at stores.,declined_card_payment,26
my statement is showing an extra 1 charge and i am unsure why. is there an explanation for this?,extra_charge_on_statement,35
"on a card top-up, where can i verify?",verify_top_up,71
how does a bank transfer for topping my account work?,transfer_into_account,65
i don't think that my top-up worked.,top_up_failed,59
"could i please cancel my transfer, i paid it into the wrong account. i need to pay it into the right account by tomorrow.",cancel_transfer,9
how can i get a card sent to china?,card_about_to_expire,10
"hae, i already completed my 3d secure authentication when i tried the crypto top up but it's still not working for me. i also don't understand what happened to the money in my account",top_up_reverted,61
"i'm pretty frustrated about a pound charge that keeps showing up in my account statement. it's listed in the app as pending, it never changes, and now i'm thinking someone's hacked my account!",extra_charge_on_statement,35
why couldn't i get cash from an atm?,declined_cash_withdrawal,27
transaction failed?,transfer_not_received_by_recipient,66
my cash transaction isn't showing on my account,transfer_not_received_by_recipient,66
i purchased something about one to two weeks ago but for some reason the payment was returned to my account today even though i've already received one of the items. can you tell me what's going on?,reverted_card_payment?,53
i need to freeze my card. there are charges on there that i did not authorize. they've been coming out for a couple of days. can i get this money back?,card_payment_not_recognised,17
can i add a new currency to my account?,exchange_via_app,34
is it acceptable to use either visa or mastercard?,visa_or_mastercard,73
"i recently reported my card as missinglost, and i just found it. can i still use it?",card_linking,14
why doesn't the person i sent money to see that transfer yet?,transfer_not_received_by_recipient,66
"i am not sure how this will work, but i have not received a product i ordered. i want a refund, but should i just cancel the payment?",request_refund,52
can i have a second card issued to another family member?,getting_spare_card,40
i wanna revert a transaction i did this morning.,cancel_transfer,9
how long do cheques take to post to your account?,balance_not_updated_after_cheque_or_cash_deposit,7
do you take swift transfers?,top_up_by_bank_transfer_charge,56
i need some spare physical cards.,getting_spare_card,40
i could not do a transfer because it was declined,declined_transfer,28
what are the steps to get my card back that was kept by the atm?,card_swallowed,19
what card types can i choose from?,visa_or_mastercard,73
does my pin come with my card?,get_physical_card,39
why does top-up need verifying?,verify_top_up,71
"i have a card that expires in the coming month, do i have to specifically ask for the updated card?",card_about_to_expire,10
"this morning, i tried to send money to my friends several times but each time the transfer fails. why does it keep failing? the transfer gets rejected but i do not know what is causing it to be rejected.",failed_transfer,36
is there a way to verify a card top-up?,verify_top_up,71
"looks like my card payment was duplicated after all. i went to pay at the store earlier, got declined once,second time it works. app still stays pending for one of the payments. can you please remove one of them as it's wrong and was declined?",transaction_charged_twice,63
what do you demand for identity verification?,verify_my_identity,69
what is my money worth in other countries?,exchange_rate,33
"if i want a physical card, do i have to pay anything?",order_physical_card,44
hello! i need to order a disposable virtual card. where can i do that at?,get_disposable_virtual_card,38
"i see random purchases to my account, was it hacked?",compromised_card,23
why isn't my refund showing up?,Refund_not_showing_up,0
"i want to add money but don't know what currencies you accept, can you tell me?",supported_cards_and_currencies,54
which fiat currencies are supported?,fiat_currency_support,37
i didn't make the direct debit payment on my account.,direct_debit_payment_not_recognised,29
why would the app show a withdrawal that i did not make?,cash_withdrawal_not_recognised,21
will you charge me if i top up by card?,top_up_by_card_charge,57
how do i cancel a charge?,cancel_transfer,9
why can't my id be verified?,unable_to_verify_identity,68
can i be given a new passcode?,passcode_forgotten,45
why is my atm withdrawal still pending?,pending_cash_withdrawal,47
what is the maximum number of transactions i can do with a disposable card?,disposable_card_limits,30
can you tell me what to do to reset my passcode?,passcode_forgotten,45
the app won't let me transfer money to a beneficiary,beneficiary_not_allowed,8
"how long does eu transfer take? i bought something online a couple days ago , sent the money immediately online but the seller says it is still not there yet",pending_transfer,49
i want to top up by card,topping_up_by_card,62
is my card denied anywhere?,card_acceptance,11
is there a way to obtain a virtual card?,getting_virtual_card,41
what are the steps to activating a new card?,activate_my_card,1
what is the virtual card,getting_virtual_card,41
i need to move money from another bank to this account.,transfer_into_account,65
my card is missing! help!,lost_or_stolen_card,42
at what atm can i change my pin?,change_pin,22
can i edit my personal details?,edit_personal_details,31
where do you find your exchange rates?,exchange_rate,33
the app failed to verify my id.,unable_to_verify_identity,68
i asked for cash but i did not receive all the funds,wrong_amount_of_cash_received,75
help my money isnt showing up,balance_not_updated_after_bank_transfer,6
what do i do if there is an electronic debit that is not correct?,direct_debit_payment_not_recognised,29
"i'm still waiting for delivery of my new card, why is it taking so long?",card_arrival,12
tell me how to top up my account using bank transfer.,transfer_into_account,65
i am only 17. can i make an account?,age_limit,2
i cannot get my google pay to work.,apple_pay_or_google_pay,3
what is the most i can top up?,top_up_limits,60
is it possible to deposit money in gbp?,receiving_money,51
why is my top-up still outstanding?,pending_top_up,48
i had a dollar charged to my account that's still pending and wanted to know what the charge is for?,extra_charge_on_statement,35
no option to top up with a cheque ?,top_up_by_cash_or_cheque,58
i made a payment but it was returned.,reverted_card_payment?,53
explain top-up cancellation,top_up_reverted,61
why is my cash withdrawal still showing as pending?,pending_cash_withdrawal,47
i prefer to get a mastercard.,visa_or_mastercard,73
i submitted a transaction but it was for the incorrect account.,cancel_transfer,9
when i add money to my international card do you charge a fee to do so?,top_up_by_card_charge,57
"help me please, my apple pay american express top up does not work.",apple_pay_or_google_pay,3
explain why my card payment wouldn't go through.,declined_card_payment,26
"would you please tell me the status of my refund request for a large purchase i made not long ago? i contacted the merchant nearly a week ago, but haven't received it.",Refund_not_showing_up,0
i don't understand why you aren't accepting my transfer. after a couple times trying i'm still getting an error message.,beneficiary_not_allowed,8
i was charged twice for the same thing.,transaction_charged_twice,63
are there restrictions for my disposable card since it does not seem to be working?,virtual_card_not_working,72
i have yet to receive my virtual card,getting_virtual_card,41
what documents do i need to get together to verify my identity?,verify_my_identity,69
i would like to change the the pin on my card.,change_pin,22
can you tell me your exchange rates?,exchange_rate,33
at which locations can i order a card?,order_physical_card,44
is there a fee to top up by bank transfers?,top_up_by_bank_transfer_charge,56
i made a purchase a few weeks ago but wasn't happy with it so recently requested a refund from the supplier. can you check where the money is?,Refund_not_showing_up,0
can i get an actual card,order_physical_card,44
i have an outgoing transfer,pending_transfer,49
i can't find my code,passcode_forgotten,45
my things were stolen and i need to know if i can still use this app.,lost_or_stolen_phone,43
my statement does not reflect that a refund has been issued,Refund_not_showing_up,0
i do not know my passcode.,passcode_forgotten,45
i submitted my transfer but it has been pending for quite a while and i was wondering what takes so long? why hasn't it completed,pending_transfer,49
why is your exchange rate different on different days?,exchange_rate,33
my card is about to expire. how do i get a new card?,card_about_to_expire,10
it appears my top-up has not gone through.,pending_top_up,48
how do i change my pin abroad?,change_pin,22
i bough an item and the exchange rate was incorrect.,card_payment_wrong_exchange_rate,18
do you have a problem with eur exchanges?,fiat_currency_support,37
what would cause a transfer failure?,failed_transfer,36
the atm took my card.,card_swallowed,19
"hi, i am experiencing problems while trying to top-up with my card. i have never experienced any problems doing this before. could you please help me?",top_up_failed,59
does your system support multiple currency.,fiat_currency_support,37
why am i seeing a transfer fee?,transfer_fee_charged,64
are you able to locate my card?,lost_or_stolen_card,42
why i'm i being charged an extra pound,extra_charge_on_statement,35
unsure how to provide my identity.,unable_to_verify_identity,68
i thought crypto top up with something you offer. this is not working. the money has been deducted from my account. can you find out what's going on?,top_up_reverted,61
when can i expect delivery?,card_delivery_estimate,13
how long will it be before the person i sent money to is able to see it?,transfer_not_received_by_recipient,66
"i took out cash from the atm, but something must have went wrong, my account shows the correct amount of cash i took out, but the atm didn't give me that amount. how do i get my money back?",wrong_amount_of_cash_received,75
does the fee for exchange change?,card_payment_wrong_exchange_rate,18
why is the transaction not posting?,pending_transfer,49
"i have moved to a new house and set up a rent payment to my landlord, it was supposed to be in her account a few days ago but it hasn't arrived. i definitely sent it to the right place, can you confirm where the money is?",transfer_not_received_by_recipient,66
i believe my top up did not work.,top_up_failed,59
in my statement there is a payment that is i do not recognize,card_payment_not_recognised,17
can you tell me how to order a virtual card?,getting_virtual_card,41
is there a limit to my top-up?,top_up_limits,60
"hi, as suggested by you, i have asked the seller to initiate the refund, it has been a week and i haven't received my money. please advise.",Refund_not_showing_up,0
"there are a couple payments with my card shown in the app that i really make myself. what's going on with this, maybe someone has access to my card?!",card_payment_not_recognised,17
is it possible to get a disposable virtual card as well?,get_disposable_virtual_card,38
why doesn't a return show up im my account from a purchase i made?,Refund_not_showing_up,0
can you freeze my card it was stolen,lost_or_stolen_card,42
i checked on google and the exchange rate you are using is really bad. can you update it?,card_payment_wrong_exchange_rate,18
can i transfer my salary if it's in a different currency?,receiving_money,51
"my card payment is just showing up as pending since forever, what's going on with that, when should it be going through?",pending_card_payment,46
how long does it take for a transfer to post,balance_not_updated_after_bank_transfer,6
how do i go about getting a virtual card?,getting_virtual_card,41
i bought something online a week ago and i never got it in the mail.can i just get my money back now i don't want to keep waiting on something that isn't going to show up.,request_refund,52
i made a payment with my card and it hasn't changed. how long do you think this will take?,pending_card_payment,46
"a transfer i sent was received in less than the full amount i originally sent, and now i have to send additional funds to cover the full amount. what happened?",transfer_fee_charged,64
what's the wait time for european transfers?,transfer_timing,67
my beneficiary is unable to transact,beneficiary_not_allowed,8
how can i exchange currencies,exchange_via_app,34
how can i transfer some money into a foreign account?,transfer_into_account,65
"i don't think the transaction has gone through, so can i cancel a transfer?",cancel_transfer,9
should i just wait until the post office sends a change of address form?,edit_personal_details,31
how long does it take for a new purchase to stop being considered pending?,pending_card_payment,46
"the exchange rate you're using is terrible - this can't be the official interbank exchange rate, can it?",card_payment_wrong_exchange_rate,18
why can't i transfer to an account?,beneficiary_not_allowed,8
is it free to transfer money or is there a fee?,transfer_fee_charged,64
what is the exchange fee?,exchange_charge,32
what should i do when my card reaches its expiry date?,card_about_to_expire,10
"my transfer is quite urgent, and finally worked out, but i've been waiting for it for quite some time. can you tell me how long to expect to wait for it?",pending_transfer,49
"my card's expiration is approaching, how do i replace it.",card_about_to_expire,10
my bank transfer is still not showing up in my account.,balance_not_updated_after_bank_transfer,6
what does it mean to have a pending cash withdrawal?,pending_cash_withdrawal,47
"in china, need new card",card_about_to_expire,10
how do i get the top up feature on my apple watch working?,apple_pay_or_google_pay,3
"i traded some of my money from my native country into an atm to exchange for foreign currency, and the money i received was a different equating amount!",wrong_exchange_rate_for_cash_withdrawal,76
"how long do transfers need to come through? i sent some money to a friend, she needs it urgently, but seems it's still not there yet after a couple hours.",transfer_not_received_by_recipient,66
how do i get my card back after the atm swallowed it.,card_swallowed,19
the atm didn't give me the the withdraw amount requested.,wrong_amount_of_cash_received,75
how can i lookup where funds came from?,verify_source_of_funds,70
i want some extra physical cards.,getting_spare_card,40
can friends add to my account,topping_up_by_card,62
what should i do to top up using my apple watch?,apple_pay_or_google_pay,3
what are the charges for receiving a sepa transfer?,top_up_by_bank_transfer_charge,56
what do you use disposable cards on?,get_disposable_virtual_card,38
i swear that there are 2 payments on the app that i didn't make. could my card me stolen? please advise what i should do.,card_payment_not_recognised,17
"cash withdrawal has been pending, why is it so?",pending_cash_withdrawal,47
i need to update my current address,edit_personal_details,31
"hi, i just looked at my card transactions and saw that i've been charged twice for a restaurant i went to this week. can you remove the double charge, please?",transaction_charged_twice,63
i deposited a cheque but i don't see the funds in my account.,balance_not_updated_after_cheque_or_cash_deposit,7
my cash balance less than what i thought,wrong_amount_of_cash_received,75
can i do a swift transfer?,top_up_by_bank_transfer_charge,56
can you please check the exchange rate when i was getting cash?,wrong_exchange_rate_for_cash_withdrawal,76
i would like to know how to work out where my funds came from?,verify_source_of_funds,70
what is the process of obtaining a disposable virtual card,get_disposable_virtual_card,38
can i still use my account without verifying my identity?,why_verify_identity,74
how come my transfer declined,declined_transfer,28
"i have done a transfer within the country a couple days ago, but it's still not there yet. can you please check what's going on with that, the account number definitely is the right one, i've checked that several times already.",transfer_not_received_by_recipient,66
i recently deposited a cheque and cannot find the cash from it.,balance_not_updated_after_cheque_or_cash_deposit,7
i had a wrong fee charged at this atm.,cash_withdrawal_charge,20
where will i get my card?,order_physical_card,44
i was charged the wing amount for an item.,card_payment_wrong_exchange_rate,18
i didn't make a payment at this business.,card_payment_not_recognised,17
"i live in america, but i would like a card.",country_support,25
i want to take back my transaction,cancel_transfer,9
the exchange rate was different when i got cash,wrong_exchange_rate_for_cash_withdrawal,76
i messed up a transfer and need to reverse it.,cancel_transfer,9
i do not want a visa card.,visa_or_mastercard,73
20 came out instead of 100,wrong_amount_of_cash_received,75
how do i go about unlocking a pin?,pin_blocked,50
what do you require for identity verification?,verify_my_identity,69
is it possible someone has access to my card? i noticed that there are a couple of payments in the app i'm sure i did not make. can you find out what's going on here?,card_payment_not_recognised,17
where can i order a virtual card?,getting_virtual_card,41
i was double charged at a restaurant can you take the second charge off?,transaction_charged_twice,63
"my pin needs unblocking, unblock it please?",pin_blocked,50
i'm worried that my card has been compromised because i see a payment that i didn't make.,card_payment_not_recognised,17
i got charged twice for the same payment. please removed the pending payment. thank you.,transaction_charged_twice,63
next time maybe let people know that buying things from another country costs extra. i used my card to purchase an item from another country and i was charged for the item and also an extra fee it looks like. i wasnt aware of this and i think i should get a refund.,transfer_fee_charged,64
i have a payment i didn't do,card_payment_not_recognised,17
why isn't my contactless not working?,contactless_not_working,24
why did the bank reject my transfer?,failed_transfer,36
can i purchase extra non-virtual cards?,getting_spare_card,40
i contacted a seller about a refund last week but he still hasn't returned my money. i am frustrated and need these funds. please help me get my money back.,Refund_not_showing_up,0
do you offer services that hold money in different types of currency?,fiat_currency_support,37
i tried to transfer some money and it hasn't done it yet - what's going on?,transfer_not_received_by_recipient,66
is there a way i can have a mastercard?,visa_or_mastercard,73
my phone is at the hotel. how can i use the app?,lost_or_stolen_phone,43
what are the steps i follow to transfer money into my account?,transfer_into_account,65
i am concerned that i am being doubled charged for several items purchased in the past week. please review my statement and correct.,transaction_charged_twice,63
i'm not able to verify my identity.,unable_to_verify_identity,68
how do i link one your card if i have one already?,card_linking,14
"i am waiting on this refund, hurry up.",Refund_not_showing_up,0
how can someone send me money?,receiving_money,51
"so, i was under the impression that you have an offer for crypto top up. this doesn't seem to be working. now, the money has just disappeared from my account. what is the deal?",top_up_reverted,61
"hey i want to buy some crypto but the app doesn't allow me to! what's the issue, i really want to exchange this",beneficiary_not_allowed,8
a seller is stating that they haven't received money yet when the money has already deducted from my account.,reverted_card_payment?,53
"i topped up last night but don't have any funds, why not?",pending_top_up,48
how do you decide what your exchange rates are?,exchange_rate,33
i topped up but the app reverted it,top_up_reverted,61
"i'm out of money, can i add money with my bank?",transfer_into_account,65
how can i order my card?,order_physical_card,44
can you tell me why my top-up failed?,top_up_failed,59
where did the extra fee on my statement come from?,extra_charge_on_statement,35
how long does the pending period of a transfer take?,pending_transfer,49
"i'm having a problem with a money transfer. i sent some money to a friend a couple of hours ago, and they haven't received it yet. why hasn't it gotten to them? how long do transfers need to go through?",transfer_not_received_by_recipient,66
how long will it take for my id to verify?,unable_to_verify_identity,68
what needs to be done to activate and use a card?,activate_my_card,1
i'm trying to activate the auto-top up function. where is it?,automatic_top_up,5
can i add to my account balance with a cheque?,top_up_by_cash_or_cheque,58
i have a transfer that was declined.,declined_transfer,28
"if i ordered my new card last week, how much longer should i wait to receive it?",card_arrival,12
i need help because i drunken blocked my card?,pin_blocked,50
can i cancel my transaction?,cancel_transfer,9
you can use it anywhere that accepts mastercard.,card_acceptance,11
how do i query a payment on my card? it looks like i have paid for the same thing twice.,transaction_charged_twice,63
can i use apple pay to top up?,apple_pay_or_google_pay,3
why has another fee been placed on my statement?,extra_charge_on_statement,35
"my daughter needs a card, how do i add her?",getting_spare_card,40
"my top-up hasn't gone through, what happened?",top_up_failed,59
how do i top up? can i use my apple watch?,apple_pay_or_google_pay,3
can i add a card back to the app?,card_linking,14
what can i do after the card missing,activate_my_card,1
how do i get my cash withdrawal to show?,pending_cash_withdrawal,47
"i'm trying to move money from my account to elsewhere, but it's giving me an error message.",declined_transfer,28
i got billed an extra pound!,extra_charge_on_statement,35
how do i transfer something faster than normal?,transfer_timing,67
why don't i see my top up in my wallet?,topping_up_by_card,62
the terminal i paid at wouldn't take my card. is something wrong?,contactless_not_working,24
how much can i top up in a day?,top_up_limits,60
at what age can my children use your service?,age_limit,2
how do i verify the source of my funds?,verify_source_of_funds,70
the purchase i made is still pending.,pending_card_payment,46
"um, my top up didn't work",top_up_failed,59
what is this extra charge for a withdrawal?,cash_withdrawal_charge,20
please tell me why the same transaction is showing up on my account more than once.,transaction_charged_twice,63
is there a problem with the top up system? my transaction hasn't gone through properly,pending_top_up,48
is there anywhere that a card cannot be delivered?,order_physical_card,44
can i get a refund on an item?,request_refund,52
i can't verify my id.,unable_to_verify_identity,68
why isn't the transfer to my account showing up?,balance_not_updated_after_bank_transfer,6
there is a 1 charge that appears as pending on my statement. what is that? i haven't purchased anything for a pound there.,extra_charge_on_statement,35
my card expires very soon. what is the cost and delivery time to get a new one?,card_about_to_expire,10
i'm trying to purchase crypto via the app. i haven't been able to get it to go through. am i doing something wrong?,beneficiary_not_allowed,8
my card no longer works.,card_not_working,15
can you help me get a disposable virtual card?,get_disposable_virtual_card,38
how can i top-ff my account using my apple watch?,apple_pay_or_google_pay,3
what currencies can i use to top up my account?,transfer_into_account,65
i bought some stuff this morning but the payment shows as pending,pending_card_payment,46
can i use this app for both usd and gbp?,exchange_via_app,34
why is there an extra fee on a transfer?,transfer_fee_charged,64
how many top-ups am i allowed to do?,top_up_limits,60
my transfer was declined. why did this happen?,declined_transfer,28
can i get money in my home currency at an atm? i'm on vacation and don't have cash with me. this is cause for a bit of concern. is it possible to withdraw here without additional cost?,wrong_exchange_rate_for_cash_withdrawal,76
can i transfer from swift?,top_up_by_bank_transfer_charge,56
how do i top up on my card?,topping_up_by_card,62
asked for 100 but only got 20. why would this happen?,wrong_amount_of_cash_received,75
"my beneficiary has been denied, is this normal?",beneficiary_not_allowed,8
i would like to get a visa card,visa_or_mastercard,73
i misplaced my card and i dont know where the last place is where i used the card last. can you look at my account and tell me the last place i used the card?,lost_or_stolen_card,42
how do i get my card on the app?,card_linking,14
i anticipate getting a visa card,visa_or_mastercard,73
"if there isn't much money left over, will it top-up automatically?",automatic_top_up,5
i'm noticing a paymentpurchase at a company that i don't recognise.,card_payment_not_recognised,17
the atm won't give back my card,card_swallowed,19
can you tell me what i need to do for the identity check process?,verify_my_identity,69
my phone is not on me. how can i use the app?,lost_or_stolen_phone,43
why was i charged an extra fee from the atm?,cash_withdrawal_charge,20
what all am i required to show for the identity check?,verify_my_identity,69
why hasn't my id been verified?,unable_to_verify_identity,68
i used my card to top up but it's saying it is still pending. what does this mean?,pending_top_up,48
how do i get a refund for a direct debit payment i didn't make,direct_debit_payment_not_recognised,29
"some cash was withdrawn in the app, but i did not do it.",cash_withdrawal_not_recognised,21
i need a new card.,getting_spare_card,40
atm apparently not working? couldn't access funds in my account?,declined_cash_withdrawal,27
what happens if my card is stuck in the atm?,card_swallowed,19
"my phone is lost i don't want someone to use my account, what can i do?",lost_or_stolen_phone,43
why did i not get all the cash i asked for?,wrong_amount_of_cash_received,75
why did a transaction i made charge me 1?,extra_charge_on_statement,35
can you tell me why i wasn't able to complete my transfer?,failed_transfer,36
"is there something wrong with my top up i did an hour ago? it's still pending. i need that money, i cant afford to wait or have it come back to me.",pending_top_up,48
i am being charged the wrong amount on my card.,card_payment_wrong_exchange_rate,18
i do not have my pin,get_physical_card,39
my transfer got declined.,declined_transfer,28
i wasn't able to use my card today when i went out for lunch. wondering why that is?,card_not_working,15
can i exchange an item for a refund?,request_refund,52
can you please explain the topping up transfer process?,transfer_into_account,65
what are the countries you have offices in?,country_support,25
my contactless stopped working today for no good reason. it's not working no matter where i try to use it. can you please help me fix it?,contactless_not_working,24
i live in the uk. can i get a card?,country_support,25
what are the charges for us cards with top up.,top_up_by_card_charge,57
why was my transfer stopped ?,beneficiary_not_allowed,8
why didn't i receive the correct exchange rate for an item that i purchased?,card_payment_wrong_exchange_rate,18
"i know this very late, but i just went through my statements from the last couple months and there's one quite large-ish payment that i definitely haven't made. is it still possible to dispute it?",direct_debit_payment_not_recognised,29
"i am trying to exchange aud for gbp, how do i do that?",exchange_via_app,34
"i no longer have my phone with the app, what should i do?",lost_or_stolen_phone,43
i just moved. how do i give you my new address?,edit_personal_details,31
i have never been charged a card payment fee before. why did this change?,card_payment_fee_charged,16
i need to top-up my card today urgently but my card keeps getting declined!! can you please resolve this problem or let me know if you have any alternatives,top_up_failed,59
i wasn't able to use my top up card because the money i put on there wasn't there anymore,topping_up_by_card,62
i won't be pleased unless i get a mastercard.,visa_or_mastercard,73
why hasn't my cash been deposited yet?,balance_not_updated_after_cheque_or_cash_deposit,7
is there a charge for using an european bank card for top up?,top_up_by_card_charge,57
i was given the wrong exchange rate when getting cash,wrong_exchange_rate_for_cash_withdrawal,76
can cash be used in physical locations to top up?,top_up_by_cash_or_cheque,58
i was overcharged one extra pound!,extra_charge_on_statement,35
how can i update my details since i moved?,edit_personal_details,31
what information do i need to see my source of money?,verify_source_of_funds,70
what would ii do if i wanted to activate my new card,activate_my_card,1
what do i do if i think someone managed to get my card information?,compromised_card,23
i really need to top-up my card today urgently but my card keeps getting declined!! can you please resolve this problem or try an alternative,top_up_failed,59
will it cost me to get a second card?,getting_spare_card,40
can you tell me the atms i can use with my card?,atm_support,4
is there a fee when you pay with your card?,card_payment_fee_charged,16
i think my card is lost. what do i do?,lost_or_stolen_card,42
what should i do if i can't use my card?,card_not_working,15
i went to the notting hill atm to use my card the first time for a cash withdrawal but it didn't work. does this mean that my card isn't working yet?,declined_cash_withdrawal,27
how soon will my card arrive?,card_delivery_estimate,13
why did my exchange rate change?,wrong_exchange_rate_for_cash_withdrawal,76
are new cards available from china?,card_about_to_expire,10
what currencies are supported?,fiat_currency_support,37
can a card stop working?,card_not_working,15
my card is missing. please help.,lost_or_stolen_card,42
"i need a second card, can i have more than one?",getting_spare_card,40
why isn't my purchase exchange rate correct?,card_payment_wrong_exchange_rate,18
what is the leadtime for a new card to show up in the mail?,card_delivery_estimate,13
can i get a second card for free?,getting_spare_card,40
help! i lost my card!,lost_or_stolen_card,42
i did not get the item i ordered. how should i go about this? should i just cancel my order or my payment? please help me.,request_refund,52
i tried using my credit card with top up but it didn't work! i thought it was supposed to?,top_up_failed,59
my identity wasn't verified,unable_to_verify_identity,68
there is the same transaction showing more than once.,transaction_charged_twice,63
how can i tell if my top-up has been cancelled?,top_up_reverted,61
what is the importance of verifying the top-up?,verify_top_up,71
are there virtual cards,getting_virtual_card,41
can i link a card of yours i already have?,card_linking,14
i don't understand where this charge came from.,card_payment_not_recognised,17
i'm not sure why my account has been refunded a payment for an item i've already received about 2 weeks ago. can you please tell me what is going on?,reverted_card_payment?,53
i would like a physical card,order_physical_card,44
can i top up my account with a check?,top_up_by_cash_or_cheque,58
the atm didn't give me what i asked for but my balance says it did,wrong_amount_of_cash_received,75
which cash machines will allow me to change my pin?,change_pin,22
i wanted to know about a pending dollar that is on my statement.,extra_charge_on_statement,35
i was checking my account when i saw a 500 cash withdraw that i know i didn't do. i have my card so i don't understand how this happened. please help me.,cash_withdrawal_not_recognised,21
how long does it typically take to make a transfer from a uk bank? i just made one and it hasn't shown up in my account yet.,balance_not_updated_after_bank_transfer,6
"my pin was blocked, how do i make it so i can use it?",pin_blocked,50
did a wd earlier at an atm. the amount showing in the app is more than i got though.,wrong_amount_of_cash_received,75
i would like to have assistance with activating my card.,activate_my_card,1
why is it showing that my account has been charged a dollar that is showing as pending?,extra_charge_on_statement,35
was there a number to track that i could get?,card_arrival,12
how can i tell where my funds came from?,verify_source_of_funds,70
i have an account that is empty of funds. can i transfer some from another bank?,transfer_into_account,65
i was issued a card about a week ago. why hasn't it come in yet?,card_arrival,12
i think the payment from my card was revereted,reverted_card_payment?,53
what do i need to do to perform identity checks?,verify_my_identity,69
i just found a payment from a while back in my account that i didn't make. can i still dispute it even though it was a couple of months ago?,direct_debit_payment_not_recognised,29
is there an extra charge to exchange different currencies?,exchange_charge,32
why am i not allowed to transfer money to my cryptocurrency exchange?,beneficiary_not_allowed,8
did you revert my top up?,top_up_reverted,61
i used the wrong account number!,cancel_transfer,9
my statement contains an unknown payment,card_payment_not_recognised,17
can i use this card at an atm?,atm_support,4
a wrong exchange rate was applied to a transaction made abroad.,wrong_exchange_rate_for_cash_withdrawal,76
a withdraw i tried to make at the atm was declined i don't know why.,declined_cash_withdrawal,27
what is the current exchange rate for me?,exchange_rate,33
"i'm waiting for a money transfer to show, still.",pending_transfer,49
how much longer is it going to take to get my new card?,card_arrival,12
my transfer still says pending,pending_transfer,49
do you have a list of exchange rates?,exchange_rate,33
could you please tell me how to activate my new card?,activate_my_card,1
i need a disposable virtual card.,get_disposable_virtual_card,38
would a visa or mastercard be more suited to me?,visa_or_mastercard,73
which fiat currencies do you currently support? will this change in this future?,fiat_currency_support,37
what are the reasons for a declined transfer?,declined_transfer,28
it appears i have a fee in my statement.,extra_charge_on_statement,35
"when i tried to pay for my bus ride, the contactless payment wouldn't work. how can i prevent this in the future?",contactless_not_working,24
there is a transfer pending.,pending_transfer,49
can i reset my password? i don't know what it is.,passcode_forgotten,45
need to verify source of funds,verify_source_of_funds,70
i don't have the means to prove my identity.,unable_to_verify_identity,68
can you show me how to verify the top-up card?,verify_top_up,71
i need money put into this account from another one.,transfer_into_account,65
can i get a few more physical cards?,getting_spare_card,40
how can i tell if an amt will take this card?,atm_support,4
what do i do if i can't access my passcode?,passcode_forgotten,45
i have not received the completed transaction.,transfer_not_received_by_recipient,66
can this app exchange american and english currency?,exchange_via_app,34
how do i get a real card?,order_physical_card,44
i need to reset my passcode. how do i do it?,passcode_forgotten,45
"when i got cash, my exchange rate was wrong.",wrong_exchange_rate_for_cash_withdrawal,76
"hi, i was looking over my card receipts for the past week and i realize i had a charge put through two times for the same single restaurant visit. can one of the charges be removed so that i can get the money back that was mistakenly taken from my account?",transaction_charged_twice,63
how long does my top up pending last?,pending_top_up,48
the top-up is broken.,pending_top_up,48
i need help resetting my passcode to access my app.,passcode_forgotten,45
"i tried topping up but my funds seem to be pending. i want to buy something right now, what do i do?",pending_top_up,48
how do i add the card to my account?,card_linking,14
the card can be used at which atms?,atm_support,4
my account is new why can i not top up,pending_top_up,48
i need to know your exchange rates.,exchange_rate,33
i want this amount reversed out of my account.,request_refund,52
i believe i got a wrong exchange rate when i got cash.,wrong_exchange_rate_for_cash_withdrawal,76
why is the exchange rate wrong for my cash withdrawal?,wrong_exchange_rate_for_cash_withdrawal,76
how old do i need to be?,age_limit,2
my statement shows an extra fee - what is it?,extra_charge_on_statement,35
i need assistance activating my card?,activate_my_card,1
do you charge a fee for topping up a card?,top_up_by_card_charge,57
do you support fiat currencies?,fiat_currency_support,37
in what way can i change my pin and where do i need to be?,change_pin,22
can i find the origination of my funds?,verify_source_of_funds,70
can i change my name? i am not married.,edit_personal_details,31
is my card broken? i can't get cash out of the atm,declined_cash_withdrawal,27
is exchanging currencies a feature of the app?,exchange_via_app,34
i transferred money and it hasn't come yet,transfer_not_received_by_recipient,66
weird direct debit payment,direct_debit_payment_not_recognised,29
will this app exchange currencies?,exchange_via_app,34
the money that i have transferred hasn't arrived yet.,balance_not_updated_after_bank_transfer,6
do you charge for sending out more cards?,getting_spare_card,40
i found my card. how can i put it into my app?,card_linking,14
how are your exchange rates calculated?,exchange_rate,33
"hello, a few days ago i transferred my rent check to my landlord, however, he is saying that it has not gone though. on my end everything looks fine and i double checked the account number. is there anything else that could be holding up the check?",transfer_not_received_by_recipient,66
"will you accept my credit card, it my only one.",supported_cards_and_currencies,54
i think my card is broke it's not working anymore,card_not_working,15
could i raise a dispute for a large payment that i found out was not done by me in my couple of last statements? i am aware its delayed now. please help me out.,direct_debit_payment_not_recognised,29
can i reactivate my lost card that i found this morning in my jacket pocket?,card_linking,14
has someone accessed my card there are payments i did not make that are showing up on the app.,card_payment_not_recognised,17
what is accepted in regards to cards and currencies?,supported_cards_and_currencies,54
i topped up but the app declined it,top_up_reverted,61
"hearing back from us regarding your important verification results may take 10 minutes to one hour time. if verification results do fail, double-check to make sure all of your images are clear -- make sure your photos have no glare or blurring. note these photos need to be readable as well. you also need to be 18 years of age or older. you must be a resident of switzerland or the european economic area to open a new account.",unable_to_verify_identity,68
is it possible to change to another currency?,exchange_via_app,34
what if i need multiple disposable cards?,disposable_card_limits,30
why is this payment pending?,pending_card_payment,46
i have an emergency and lost my phone. i need help accessing my account.,lost_or_stolen_phone,43
what does a disposable virtual card do?,get_disposable_virtual_card,38
what is the best way to exchange currency?,exchange_via_app,34
i ordered my card but it still isn't here,card_arrival,12
why was my card payment reverted?,reverted_card_payment?,53
"i can not seem to make a successful transfer, can you tell me what i'm doing wrong?",failed_transfer,36
"lost my phone, what is account security?",lost_or_stolen_phone,43
why was the transfer declined?,declined_transfer,28
app doesnt think its me,unable_to_verify_identity,68
my salary is deposited in gbp. do i need to choose the currency?,receiving_money,51
how young can someone be in order to open an account?,age_limit,2
how's the exchange rate?,exchange_rate,33
can i have more disposable cards?,disposable_card_limits,30
my card is being declined for a purchase. i bought items before and the card worked. do you know what the problem is?,reverted_card_payment?,53
there is a payment with my card which i definitely did not do.,card_payment_not_recognised,17
visa or mastercard?,visa_or_mastercard,73
i want to transfer some money from my other bank account into this one.,transfer_into_account,65
why did you decline my transfer?,declined_transfer,28
"i have an account at another bank, but i want to transfer some of the money to my account here. .",transfer_into_account,65
why did i get a fee for getting cash?,cash_withdrawal_charge,20
is there a limit for the amount i can top up?,top_up_limits,60
where is the transfer to my account?,balance_not_updated_after_bank_transfer,6
i noticed a charge for a transfer. why is this? is it because i did an international transfer?,transfer_fee_charged,64
what happened to the cash that i tried to deposit into my account? it's gone!,balance_not_updated_after_cheque_or_cash_deposit,7
i bought something abroad and the exchange rate applied is wrong,card_payment_wrong_exchange_rate,18
do you have support for flat currencies?,fiat_currency_support,37
problems with top up,top_up_failed,59
"i can't see if the transfer i did a couple days ago is in my account yet. i double checked my info before sending, too. can you check this?",transfer_not_received_by_recipient,66
why was i charged for card payment?,card_payment_fee_charged,16
can you unlock my pin? i think i entered the wrong pin too many times.,pin_blocked,50
let me know when you charge for payments. i just checked the app and saw a fee that i wasn't warned about.,card_payment_fee_charged,16
"why are all my transfers failing? i have the details right and they won't complete. i've been trying all day and they still won't go through, this is urgent, please help.",declined_transfer,28
the app says i made a cash withdrawal that i didn't make,cash_withdrawal_not_recognised,21
please could you give me a refund,request_refund,52
could you please tell me why my card payment didn't work?,declined_card_payment,26
i want to transfer money. how do i do that for my account?,transfer_into_account,65
how long for money transfer to show?,pending_transfer,49
"i did a top-up, but i'm not seeing it in my wallet yet.",topping_up_by_card,62
"now that i have my card, how do i connect it to the app?",card_linking,14
for some reason my card payment hasn't worked. what can i do to look into that?,declined_card_payment,26
my cash deposit isn't in my account. what happened?,balance_not_updated_after_cheque_or_cash_deposit,7
i have made several unsuccessful attempts to make a transfer. i'm getting frustrated at getting error messages and it not going through.,beneficiary_not_allowed,8
i need to change my card pin.,change_pin,22
why is there an additional fee showing on the statement i received?,extra_charge_on_statement,35
how many days does a regular transaction take to complete? i see a pending payment that hasn't changed in the last several days.,pending_card_payment,46
i want to be sure that everything is okay here. i just made a transfer from a uk account and it is still not showing up. how long does this typically take?,balance_not_updated_after_bank_transfer,6
i didn't cancel my card payment.,reverted_card_payment?,53
been trying to transfer money this morning but keep getting rejected. i don't understand why this is happening.,failed_transfer,36
can i cancel a transfer if is already processed?,cancel_transfer,9
my identity verification is not working.,unable_to_verify_identity,68
how do i see the source of my money?,verify_source_of_funds,70
"i have used my account abroad for a while without any fees, why am i being charged additional fees all of a sudden?",transfer_fee_charged,64
how old do you have to be to open an account?,age_limit,2
"if i lost my phone at the hotel, can i still use the app?",lost_or_stolen_phone,43
can you tell me what this fee is on my statement?,extra_charge_on_statement,35
what is the wait time until money reaches my account?,transfer_timing,67
my passcode doesn't seem to be working,passcode_forgotten,45
where is my card pin?,get_physical_card,39
"i was overcharged at an atm while on vacation. i needed cash so i had to use it, but your charges are outregous and i wish i would have known beforehand.",wrong_exchange_rate_for_cash_withdrawal,76
how long will it take for the card to arrive?,card_delivery_estimate,13
balance hasn't been updated following a bank transfer,balance_not_updated_after_bank_transfer,6
my funds must be verified,verify_source_of_funds,70
there's an unauthorized cash withdraw,cash_withdrawal_not_recognised,21
i need to know what foreign exchange rate i can get.,exchange_rate,33
i am still waiting for a money transfer to show,pending_transfer,49
when can i expect to receive my card?,card_delivery_estimate,13
can i use app to unblock my card?,pin_blocked,50
can you please explain why my beneficiary is not allowed?,beneficiary_not_allowed,8
how can i set up google pay on my device?,apple_pay_or_google_pay,3
what's the youngest i can be to open an account?,age_limit,2
why didn't i get the amount i requested at the atm?,wrong_amount_of_cash_received,75
i have a transaction showing up more than once.,transaction_charged_twice,63
which atms accept this circuit board ?,atm_support,4
i would like to delete my account please.,terminate_account,55
the amount of time that transfers usually take from a uk account is what?i just completed a transfer and it is not showing up at all. i'm wondering at this point if everything is actually okay.,balance_not_updated_after_bank_transfer,6
i was charged a fee for withdrawing cash.,cash_withdrawal_charge,20
i made a cash deposit and the balance wasn't updated.,balance_not_updated_after_cheque_or_cash_deposit,7
why did the atm swallow my card?,card_swallowed,19
i have yet to get my pin,get_physical_card,39
what is the delivery time to the us?,card_delivery_estimate,13
"how can i fix my card, it got declined twice.",declined_transfer,28
i need my card now!,card_delivery_estimate,13
is there a maximum for top-ups?,top_up_limits,60
what should i do if the passcode doesn't work for me?,passcode_forgotten,45
can i top up an apple pay?,apple_pay_or_google_pay,3
the exchange rate is incorrect for my cash withdrawal transaction.,wrong_exchange_rate_for_cash_withdrawal,76
my credit card payment has been in pending status for a super long time. i don't get it. why is it like this? when will it go through?,pending_card_payment,46
why would i receive an error that my transfer isn't possible when i've done it before?,beneficiary_not_allowed,8
why didnt a transfer to my account process,beneficiary_not_allowed,8
i would really like a physical card.,order_physical_card,44
"i'm waiting for the id verification to go through still, so is it too soon to use my account?",why_verify_identity,74
what are the top up charges for us cards?,top_up_by_card_charge,57
i look but i see no virtual card. why is that?,getting_virtual_card,41
what's the deal with no cryptocurrency on your app?,beneficiary_not_allowed,8
i have not received an item i ordered yet so i want to cancel it and get a refund. can you please guide me on how to go about it?,request_refund,52
"how do i see what fees i am supposed to be charged on my account? i've noticed fees on some transactions, but not on others. this is very confusing and i cannot find a pattern to what i am being charged?",card_payment_fee_charged,16
will my transfer be done soon?,pending_transfer,49
i'm unhappy with the exchange rate your cash transactions.,wrong_exchange_rate_for_cash_withdrawal,76
"hello, i have a question concerning an unfamiliar fee that i notice on my account. i see that you guys charge for atm withdrawal. never notice this fee until now. can you please explain?",cash_withdrawal_charge,20
tell me why my card payment was declined.,declined_card_payment,26
i was wondering if international transfers take longer than normal because i made a transfer from france a couple of days ago and nothing has happened yet?,balance_not_updated_after_bank_transfer,6
i tried to get gas but my money was gone!,topping_up_by_card,62
how can i exchange currencies in the app?,exchange_via_app,34
i am not satisfied with your service. close my account.,terminate_account,55
explain why my top up would be reverted.,top_up_reverted,61
is it ok if i use both visa and mastercard,visa_or_mastercard,73
my transfer was not approved,declined_transfer,28
where can i get a card in the eu?,country_support,25
why wasn't my contactless accepted at the metro?,contactless_not_working,24
how do i begin the process of a refund?,request_refund,52
i've never been to that store. that's a fraudulent charge.,card_payment_not_recognised,17
"hey, i ordered a thing but changed my mind and want a refund on it. since i haven't received the thing, would you just go ahead and cancel the payment for me?",request_refund,52
was my top up reversed?,top_up_reverted,61
my top-up never worked,top_up_failed,59
"i tried to use my debit card, but the payment did not work.",reverted_card_payment?,53
why did i receive an error message saying that my transfer was not possible?,beneficiary_not_allowed,8
what is the reason that my card payment was cancelled?,reverted_card_payment?,53
assist me please with card activation.,activate_my_card,1
"my top-up does not seem to have worked, what went wrong?",top_up_failed,59
the app shows a withdrawal that i did not make or authorize.,cash_withdrawal_not_recognised,21
i entered the pin incorrectly too many times and now it is blocked. can you help?,pin_blocked,50
why and how soon do i have to have proof of identity to you?,why_verify_identity,74
how can i fix a problem where my virtual card is rejected?,virtual_card_not_working,72
what's the top-up limit?,top_up_limits,60
is there something blocking me from making transfers,beneficiary_not_allowed,8
i no longer have my phone.,lost_or_stolen_phone,43
my actual card isn't working.,card_not_working,15
i just got refunded for my purchase over two weeks ago,reverted_card_payment?,53
can i change from aud to gbp?,exchange_via_app,34
is there any way i get a disposable virtual card as well?,get_disposable_virtual_card,38
where can money withdrawals be made?,atm_support,4
where can i find out where my funds came from?,verify_source_of_funds,70
where can i get a physical card?,order_physical_card,44
i was charged an extra fee for a card payment. i was unaware of these fees beforehand.,card_payment_fee_charged,16
what is the number of transactions for one disposable card?,disposable_card_limits,30
"hi, i have withdrawn cash from the atm on holiday and i guess withdrawal amount has been overcharged. i did it as i was not aware of these charges.",wrong_exchange_rate_for_cash_withdrawal,76
my daughter needs a card. can i give her one of mine that's linked to my account?,getting_spare_card,40
why has my payment not transferred?,failed_transfer,36
"i tried to get money out of an atm in notting hill earlier, but it didn't work. is my card actually working? it's the first time i tried using it",declined_cash_withdrawal,27
i need help activating my new card.,activate_my_card,1
can i withdraw money in my hometown currency while on holiday without any additional fees?,wrong_exchange_rate_for_cash_withdrawal,76
how was i charged extra when i used my card to pay?,card_payment_fee_charged,16
"i was trying to use my card and it was declined, when i tried to find out what happened i found cash withdraw for 500 that i didn't do. can you please help figure this out?",cash_withdrawal_not_recognised,21
i am having trouble doing a transfer. a decline  message appears after making the transfer.,declined_transfer,28
there is a payment that i was charged two times for.,transaction_charged_twice,63
can i use a disposable virtual card for any purchase?,get_disposable_virtual_card,38
how do i sign up for a card if i'm in america?,country_support,25
"i have lost my phone, what steps can i take to prevent someone using my account?",lost_or_stolen_phone,43
do i have to verify the top-up?,verify_top_up,71
what are the exchange rates for getting cash,wrong_exchange_rate_for_cash_withdrawal,76
i wasn't allowed to transfer to my account,beneficiary_not_allowed,8
there are strange transactions on my account. what should i do if i think someone stole my details?,compromised_card,23
what do i do if i forget my passcode? because i did.,passcode_forgotten,45
please send me a disposable virtual card.,get_disposable_virtual_card,38
how can i sign up for a virtual card?,getting_virtual_card,41
i took out money and there is a fee. why?,cash_withdrawal_charge,20
i hope you can help me. someone has stolen my wallet and now i have noticed that they have been taking money from my account.,cash_withdrawal_not_recognised,21
why was the exchange rate so wrong when i bought something!,card_payment_wrong_exchange_rate,18
what top up charges are there for us cards?,top_up_by_card_charge,57
can i add money to my account via bank transfer?,transfer_into_account,65
a refund is taking too long.,Refund_not_showing_up,0
i am worried about fees for top up cards?,top_up_by_card_charge,57
if my card becomes expired what can i do?,card_about_to_expire,10
is it possible to verify a top up?,verify_top_up,71
how long does it take for a purchase to go from pending to authorised?,pending_card_payment,46
"i need multiple cards per day, and they all have to be disposable.",disposable_card_limits,30
i had the wrong exchange rate applied to some cash i got abroad.,wrong_exchange_rate_for_cash_withdrawal,76
"my card isn't working at all, i need assistance. it's really frustrating.",card_not_working,15
is there a way to lookup where funds came from?,verify_source_of_funds,70
"if i were to do a transfer, what is the rate for that?",top_up_by_bank_transfer_charge,56
i was unable to make a transfer to another account.,beneficiary_not_allowed,8
why can't i get my virtual card to work?,virtual_card_not_working,72
do you have to order a new card before your current card expires?,card_about_to_expire,10
why will my transfer not go through?! keep getting an error message.,beneficiary_not_allowed,8
i am inquiring about a 1 charge on my statement.,extra_charge_on_statement,35
i am getting continuous failure for all my transfers. i have cross checked each recipient detail again and again and everything is correct.,declined_transfer,28
i want to stop my account,terminate_account,55
i want to close my account due to poor customer service.,terminate_account,55
will my other us credit card be accepted?,supported_cards_and_currencies,54
why can't i edit my personal details?,edit_personal_details,31
show me how to activate my card,activate_my_card,1
how do i top up with apple pay?,apple_pay_or_google_pay,3
i put money into my account for the minimum balance but the application didn't accept.,top_up_reverted,61
a transfer to my account shows as still pending and i wanted to know how long it is suppose to take to clear.,pending_transfer,49
what is the top up code for?,verify_top_up,71
i did not get the right exchange rate while getting my cash out.,wrong_exchange_rate_for_cash_withdrawal,76
can i use the app without my phone?,lost_or_stolen_phone,43
is there a way i can see source of money?,verify_source_of_funds,70
some cash is showing up in my app that i did not get.,cash_withdrawal_not_recognised,21
can i have it by a certain date?,card_delivery_estimate,13
my card won't work.,card_not_working,15
"how many virtual cards can i have, i want 8",getting_virtual_card,41
i accidentally exceeded my pin tries. please advise.,pin_blocked,50
how old do my children need to be to open an account?,age_limit,2
the amount of cash i selected to withdraw is different than what i received.,wrong_amount_of_cash_received,75
verifying top-up cards necessary?,verify_top_up,71
"my card payment is just showing up as pending since forever, what's going on with that, it should be going through at some point?",pending_card_payment,46
i am wondering if international transfers take longer. i a made a transfer from france two days ago and believed it would be here already. please let me know when i will get it!,balance_not_updated_after_bank_transfer,6
explain to me how to verify the top-up card.,verify_top_up,71
"for you, how long do transfers normally take from a uk account? i completed one just now but nothing appears. i just need to be sure everything is okay.",balance_not_updated_after_bank_transfer,6
i can't use my virtual disposable card,virtual_card_not_working,72
at what cash machines can i change my pin?,change_pin,22
does your app allow currency exchange from usd to gbp?,exchange_via_app,34
do i get charged if i am getting money?,top_up_by_bank_transfer_charge,56
how do i link this new card?,card_linking,14
will i know which exchange rate i will get?,exchange_rate,33
"so, i am a new customer and attempted to top up for the very first time today. it's already been pending for half an hour and doesn't seem to be working. i need to please get this fixed.",pending_top_up,48
it seems there is an incorrect listing of a direct debit payment on my app that i did not make,direct_debit_payment_not_recognised,29
"when i made a purchase last saturday, i was charged extra. did i receive the right exchange rate?",card_payment_wrong_exchange_rate,18
what do i do if the exchange rate was wrong for the item i bought overseas?,card_payment_wrong_exchange_rate,18
i would like to get help from someone with activating my card.,activate_my_card,1
where is my new card if i haven't received it yet?,card_arrival,12
what's up with the extra fee i got?,cash_withdrawal_charge,20
please assist me in activating the card.,activate_my_card,1
why am i being charged a fee for transferring money ?,transfer_fee_charged,64
i made a check and cash deposit that wasn't credited to my account.,balance_not_updated_after_cheque_or_cash_deposit,7
delete my account please. now!,terminate_account,55
can i top-up any amount i wish on any given day?,top_up_limits,60
with what currencies can i add money?,supported_cards_and_currencies,54
the balance hasn't changed yet after depositing a cheque with some money.,balance_not_updated_after_cheque_or_cash_deposit,7
i am having trouble finding the top-up card verification code.,verify_top_up,71
can it automatically top up my account?,automatic_top_up,5
"i just moved overseas and i noticed that you are charging me more fees. i am a loyal customer, is this how you expect to keep customers?",transfer_fee_charged,64
help. i have a stolen card!,lost_or_stolen_card,42
can i use the card at any cash machine?,atm_support,4
why did my cash get charged a fee that should not be there.,cash_withdrawal_charge,20
"how long does it take for transfers to be approved? i sent funds to my girlfriend, and she says that she has not seen any approved funds in her account.",transfer_not_received_by_recipient,66
"my pin got blocked, help.",pin_blocked,50
"i want to top up by card, what do you support?",supported_cards_and_currencies,54
will i get charged for topping up with an international card?,top_up_by_card_charge,57
my card is stuck inside the atm.,card_swallowed,19
how do i deposit cash into my account?,top_up_by_cash_or_cheque,58
i would like to change my pin.,change_pin,22
i have paid by my card but payment is still its coming as pending. i think there is some issue please check and let me know when the status will complete.,pending_card_payment,46
are you able to delete my account?,terminate_account,55
which currencies will you exchange?,fiat_currency_support,37
want to know how to get virtual card,getting_virtual_card,41
"i tried transferring money to a beneficiary, however, i was unsuccessful.",beneficiary_not_allowed,8
what stores will take my credit card as payment?,card_acceptance,11
use my credit to add money,supported_cards_and_currencies,54
how do i find out what countries you service and what countries you do not?,country_support,25
"i tried to take out cash but the amount isn't right, so what do i do?",wrong_amount_of_cash_received,75
i have no way to prove my identity.,unable_to_verify_identity,68
i need to know when a payment will actually go through. i completed a payment using my card but it is just showing as pending at this point and it has been a while ago.,pending_card_payment,46
am i able to get a refund for something i bought?,request_refund,52
i just found out from the seller that my money didn't go through. i checked my account and it was deducted at first but now it's back in my account. can you please fix this for me quickly?,reverted_card_payment?,53
after taking over my card transactions i noticed that was charged twice for a restaurant purchased from earlier this week. can you please remove one of these transactions from my account since it is not accurate?,transaction_charged_twice,63
i need to cancel an incorrect transaction.,cancel_transfer,9
there's a possibility that my card was compromised.,compromised_card,23
why would my payment for my card show as pending?,pending_card_payment,46
i have been charged twice for the same transaction.,transaction_charged_twice,63
transaction refund missing from my statement.,Refund_not_showing_up,0
"hi, i am trying to buy something online, but i think there is some issue in my card. as payment is reverted. please help me in this as i am facing the same issue from last two weeks.",reverted_card_payment?,53
cash i did not get showed up in my account,cash_withdrawal_not_recognised,21
the app says i made a cash withdrawal even though i didn't.,cash_withdrawal_not_recognised,21
what is the charge for exchanging currency?,exchange_charge,32
i need a new card and i live in the united states.,country_support,25
how did you come up with your exchange rates?,exchange_rate,33
my cheque is slow to cash,balance_not_updated_after_cheque_or_cash_deposit,7
why is a transaction showing as pending when i recieved cash from an atm?,pending_cash_withdrawal,47
i need to know which fiat currencies i can use with you.,fiat_currency_support,37
what are my options for holding money in multiple currencies?,fiat_currency_support,37
i need to order a new card as my old one will expire soon. can you tell me how to order a new one?,card_about_to_expire,10
i'm not sure why the card payment didn't work.,declined_card_payment,26
can you tell me how many currencies i can hold?,fiat_currency_support,37
my card still hasn't been delivered,card_arrival,12
i need to top up by card.,topping_up_by_card,62
think someone is using my card with permission,compromised_card,23
can i use any card and currency?,supported_cards_and_currencies,54
there is a debit paymet that i don't recognize.,direct_debit_payment_not_recognised,29
how can i receive money from my friend?,receiving_money,51
why haven't i received a refund yet?,Refund_not_showing_up,0
how much does each transfer cost?,top_up_by_bank_transfer_charge,56
there's a payment in my history i don't recognize,card_payment_not_recognised,17
where can i find a list of descriptions the disposable cards have?,disposable_card_limits,30
may i get a disposable virtual card as well?,get_disposable_virtual_card,38
the exchange rate for my withdrawal isn't correct and doesn't match the actual exchange rate.,wrong_exchange_rate_for_cash_withdrawal,76
what steps do i need to take to close my account?,terminate_account,55
"someone has access to my card info. i still have the card, but someone just withdrew cash. how do i get this correctedstopped?!",cash_withdrawal_not_recognised,21
which currencies do you accept for adding money?,supported_cards_and_currencies,54
"i found my card, can i add it to the app?",card_linking,14
my phone was stolen,lost_or_stolen_phone,43
will i be charged for a cash withdrawal?,cash_withdrawal_charge,20
can someone in the us have a card?,country_support,25
my card payment says pending and it hasn't changed,pending_card_payment,46
how much do i need to pay for a transfer?,top_up_by_bank_transfer_charge,56
"the cheque i sent a few days ago has not been deposited yet, what is the hold up?",balance_not_updated_after_cheque_or_cash_deposit,7
what is needed for my daughter to open an account?,age_limit,2
can you tell me how to close my account?,terminate_account,55
using international atms messes up the exchange rate.,wrong_exchange_rate_for_cash_withdrawal,76
what is the age limit for opening a new account,age_limit,2
how can i transfer money from an outside bank?,transfer_into_account,65
can you provide a reason as to why my transfer did not work?,failed_transfer,36
can i choose between mastercard and visa?,visa_or_mastercard,73
i didn't receive the correct exchange rate when i got cash.,wrong_exchange_rate_for_cash_withdrawal,76
"it says that my payment is pending, what does that mean?",pending_card_payment,46
"i received my new card and tried using it today, just to have it show declined over and over again. why is this happening?",declined_card_payment,26
i tried to use the atm today but it would not accept my card.,declined_cash_withdrawal,27
how do i link a new card in the app?,card_linking,14
i need to change my account details,edit_personal_details,31
i am not seeing a refund in my statement.,Refund_not_showing_up,0
disposable virtual card can be ordered where?,get_disposable_virtual_card,38
"there is a pending transaction on my account, what does this mean?",pending_card_payment,46
i am still waiting on my bank transfer,balance_not_updated_after_bank_transfer,6
i need to update my phone number.,edit_personal_details,31
i tried to make a transfer to a beneficiary and it didn't go through,beneficiary_not_allowed,8
what are the steps for getting money from a friend?,receiving_money,51
a transaction is repeated several times on my account.,transaction_charged_twice,63
i could not get my transfer to happen correctly and was wondering why?,failed_transfer,36
i did not make a cash withdrawal that is on my statement,cash_withdrawal_not_recognised,21
"daughter needs card, how do i add her",getting_spare_card,40
i want to know how to transfer money with my credit card,topping_up_by_card,62
if i top up using a european card is there a charge?,top_up_by_card_charge,57
my disposable virtual card was rejected.,virtual_card_not_working,72
can i make multiple online transactions with my virtual card?,virtual_card_not_working,72
why hasn't my money transfer showed up yet?,balance_not_updated_after_bank_transfer,6
how old does one need to be?,age_limit,2
my card doesn't seem to work.,card_not_working,15
"hi, would you please activate my card?",activate_my_card,1
which establishments will accept my card?,card_acceptance,11
hi i am trying to transfer money to another country but it is showing pending and it has been a long time. i have checked numbers and they are correct. could you please help?,pending_transfer,49
can my children get an account?,age_limit,2
what if i need my salary in a different currency?,receiving_money,51
what do i do if i've been charged twice for the same transaction?,transaction_charged_twice,63
every atm i visit is rejecting my card and i don't know why. there should be money on it. can you check it to see if something is wrong or if i'm doing something wrong?,declined_cash_withdrawal,27
why won't the machine accept my card anymore?,card_not_working,15
the applied exchange rate is wrong for the cash i got abroad.,wrong_exchange_rate_for_cash_withdrawal,76
why isn't my google top-up pay working?,apple_pay_or_google_pay,3
i am still waiting for a refund,Refund_not_showing_up,0
what is the disposable card for?,get_disposable_virtual_card,38
help! i've forgot my app passcode!,passcode_forgotten,45
which merchants accept my card?,card_acceptance,11
how do i get the passcode reset?,passcode_forgotten,45
how can i check on the delivery status of my card?,card_arrival,12
can i transfer my paycheck to the account?,receiving_money,51
as my kids get older are they able to get set up with their own accounts?,age_limit,2
where can i get a new passcode?,passcode_forgotten,45
why has my money been returned back to my card.,reverted_card_payment?,53
why was i charged an extra fee when paying with card?,card_payment_fee_charged,16
i made a purchase recently but i have decided that i'm not buying it and i need to receive my money back. can you please give me a refund asap. it's extremely urgent.,request_refund,52
what are these fees i am paying?,card_payment_fee_charged,16
my payment's stuck on pending.,pending_card_payment,46
am i able to do top-ups with google pay?,apple_pay_or_google_pay,3
how do i delete my account?,terminate_account,55
is there a reason my new card hasn't arrived?,card_arrival,12
is it possible to exchange currencies using the app?,exchange_via_app,34
there is a charge for an additional pound.,extra_charge_on_statement,35
why was my request for cash declined?,declined_cash_withdrawal,27
if my identy verifacation hasn't gone through can i use my account?,why_verify_identity,74
how can i modify my details?,edit_personal_details,31
i have a duplicate payment on my account,transaction_charged_twice,63
how do i change my address ?,edit_personal_details,31
what's the process to receive a second card?,getting_spare_card,40
can you send me the actual card?,order_physical_card,44
does it cost much or take long to get a new card? mine is about to expire.,card_about_to_expire,10
my source of funds need verification.,verify_source_of_funds,70
i would like a refund on one of your products that has been sold to me,request_refund,52
"hi, i am on vacation in spain and someone stole my bag with my phone and wallet with cards and everything. can you block it asap and then i want to order a new one also asap.",lost_or_stolen_card,42
"i tried to access money earlier but the machine seems not to be working. after looking, the transaction actually shows to still being process. can you find out what is going on here? i don't want to be charged for some money i never got.",pending_cash_withdrawal,47
do i have to verify who i am?,why_verify_identity,74
what steps should i take before my card expires?,card_about_to_expire,10
are eur exchanges acceptable?,fiat_currency_support,37
"there is a pending payment on my account, what does this mean?",pending_card_payment,46
i can't find my card and think it may have been stolen.,lost_or_stolen_card,42
why does it take so long to verify my id,unable_to_verify_identity,68
what would make a decline message show up during a transfer?,declined_transfer,28
what are the disposable cards restrictions?,disposable_card_limits,30
exchange rate on a purchase was incorrect,card_payment_wrong_exchange_rate,18
do i have to wait for a physical card before i get my pin,get_physical_card,39
why am i being declined?,declined_card_payment,26
is my pin located on my account somewhere?,get_physical_card,39
how do you calculate exchange rates?,exchange_rate,33
"how long do eu transfers take? i bought something online a couple of days ago , sent the money immediately online but the seller says it is still not there yet.",pending_transfer,49
a fee came along with me paying with card,card_payment_fee_charged,16
there were two of the same charge to my account,transaction_charged_twice,63
how do i start an exchange between gbp and aud?,exchange_via_app,34
how to receive virtual card?,getting_virtual_card,41
can i use my apple watch to top-up?,apple_pay_or_google_pay,3
"i need help, i lost my card",lost_or_stolen_card,42
do i need to pay extra for exchanging currencies?,exchange_charge,32
i was refunded the money for something i bought already.,reverted_card_payment?,53
"i was double charged, and the second charge is showing as pending. how long will it be before i get my money back once the second charge has been refunded?",pending_card_payment,46
i sent a payment but it isn't showing up in the app,transfer_not_received_by_recipient,66
how long will it take to transfer something from china?,transfer_timing,67
do you have a children account available?,age_limit,2
when should i expect my card to arrive?,card_delivery_estimate,13
"i want to link to my card card with you, how?",card_linking,14
why does my top up say still pending when i used my card to do it.,pending_top_up,48
"as advised by you, i requested seller to refund my money. a week has passed but i haven't got any update from seller. please track the refund with the seller.",Refund_not_showing_up,0
why doesn't the card payment work,declined_card_payment,26
why are my payments not working and show pending?,pending_card_payment,46
can i activate my card?,activate_my_card,1
may i transfer a cheque into my account?,top_up_by_cash_or_cheque,58
can i cash deposit to top up my account,top_up_by_cash_or_cheque,58
hoe do i use my credit card to transfer money?,topping_up_by_card,62
"i have been waiting for my transfer, shouldn't it be here already?",transfer_timing,67
what is the verification process for my card?,verify_top_up,71
how does someone else top up my account,topping_up_by_card,62
there's a cash withdrawal i didn't make,cash_withdrawal_not_recognised,21
how long should it take for my new card to arrive in them mail? what should i do if i never receive it?,card_arrival,12
my refund isn't showing up,Refund_not_showing_up,0
i was trying to top-up and my credit card was declined. can you tell me why?,top_up_failed,59
why doesn't the app believe i am who i say i am?,unable_to_verify_identity,68
how do i get a card if i live in the us?,country_support,25
"i no longer have my phone, what should i do?",lost_or_stolen_phone,43
my virtual card isn't working.,virtual_card_not_working,72
can i get the mastercard?,visa_or_mastercard,73
i noticed an extra charge on the purchase that i made last saturday on my account. can you see if i received the correct exchange rate?,card_payment_wrong_exchange_rate,18
if i am running low on credit can i auto top up?,automatic_top_up,5
why did my payment go back to my account when i bought something?,reverted_card_payment?,53
why didn't my transfer work?,failed_transfer,36
is there a few for exchanging foreign currencies?,exchange_charge,32
it's been some time since refilled the top-up.,pending_top_up,48
where should my card work?,card_acceptance,11
where do i go to activate my card?,activate_my_card,1
my card gets rejected when i try to use it,card_not_working,15
my card was not accepted in a shop,declined_card_payment,26
my transfer to a beneficiary was rejected.,beneficiary_not_allowed,8
someone has taken my money and i don't know who,direct_debit_payment_not_recognised,29
"i requested a refund from a merchant several days ago, but don't see anything showing up in my account yet. can you check on your end to see if the money has reached you guys?",Refund_not_showing_up,0
why was a charged a fee for using the card?,card_payment_fee_charged,16
when will i get a virtual card? i haven't gotten one yet,getting_virtual_card,41
does it cost anything to top up?,top_up_by_card_charge,57
why isn't my top up showing on my wallet?,topping_up_by_card,62
there is a direct debit payment i don't recognize.,direct_debit_payment_not_recognised,29
why has my card declined,declined_card_payment,26
i am having trouble with the app recognizing me.,unable_to_verify_identity,68
the correct amount of cash was not received.,wrong_amount_of_cash_received,75
"i got my american express in apple pay, why is top up not working in my country?",apple_pay_or_google_pay,3
the balance has not been updated.,balance_not_updated_after_bank_transfer,6
why do i have an unexpected fee on my bill?,transfer_fee_charged,64
there is an extra charge on my app that i was not told about or i was aware of!,extra_charge_on_statement,35
what should i do about a direct debit that i did not set up?,direct_debit_payment_not_recognised,29
where do i go to fill out the identity form?,verify_my_identity,69
where do i go to reset the passcode?,passcode_forgotten,45
what are the steps for making a transfer for topping up?,transfer_into_account,65
"i've tried to send money to my friends and i keep getting rejected. can you please tell me why, i don't understand.",failed_transfer,36
what do i need to verify my identity,verify_my_identity,69
where do i scan my card?,card_linking,14
do i qualify for a visa card?,visa_or_mastercard,73
"for the identity verification, what do you need?",verify_my_identity,69
what is the difference between standard and express delivery?,card_delivery_estimate,13
where do i access the auto top-up function?,automatic_top_up,5
can i verify my top-up card?,verify_top_up,71
i need a disposable virtual card. please tell me how to order one.,get_disposable_virtual_card,38
i'm still waiting for my top-up to go through,pending_top_up,48
will i get charged for sending out more cards?,getting_spare_card,40
why has my top up been cancelled,top_up_reverted,61
i used the wrong ping too many times and now the account is blocked. how do i unblock?,pin_blocked,50
i bought an item then noticed the exchange rate was wrong.,card_payment_wrong_exchange_rate,18
there was an error in exchange rate for my cash withdrawal,wrong_exchange_rate_for_cash_withdrawal,76
do you offer swift transfers?,top_up_by_bank_transfer_charge,56
can you check if my money has reached my account since it is not showing up yet?,balance_not_updated_after_bank_transfer,6
help me with my transfer,failed_transfer,36
why is there an unknown card payment?,card_payment_not_recognised,17
"if i want to exchange currency, will there be extras?",exchange_charge,32
"i would like some more physical cards, what is my limit?",getting_spare_card,40
i got money overseas and the exchange rate was wrong,wrong_exchange_rate_for_cash_withdrawal,76
"while abroad i got cash, and a wrong exchange rate was applied.",wrong_exchange_rate_for_cash_withdrawal,76
what are the steps to change my pin to something else?,change_pin,22
i am concerned about the security in my account and would like to make a dispute.,direct_debit_payment_not_recognised,29
why do i see a random withdrawal in my app?,cash_withdrawal_not_recognised,21
i couldnt get cash in an atm,declined_cash_withdrawal,27
how do i get a new card as your machine swallowed mine!,card_swallowed,19
why is my cash withdrawal from the atm still not yet showing as confirmed in my account?,pending_cash_withdrawal,47
i believe my card has been compromised because of a strange withdrawal,cash_withdrawal_not_recognised,21
from what countries can i use this product?,country_support,25
why did i get charged twice for the same thing,transaction_charged_twice,63
when will my transfer come through?,balance_not_updated_after_bank_transfer,6
how do i get into my account and edit my details,edit_personal_details,31
"although i am not located in the uk area, may i still receive a card?",country_support,25
i made a transaction and it is taking a very long time to go through.,transfer_not_received_by_recipient,66
"help, i see money missing i didn't take out.",cash_withdrawal_not_recognised,21
what are the acceptable currencies for adding funds?,supported_cards_and_currencies,54
what foreign exchange rate will i get?,exchange_rate,33
"i used my card to make a payment a while ago and its still pending, why is it taking so long?",pending_card_payment,46
can you explain why i was charged extra when i used the card?,card_payment_fee_charged,16
how do i avoid a fee to use an atm?,cash_withdrawal_charge,20
canceling my order is what i need to do right now.,request_refund,52
"i tried to withdraw money, but was unable to. still says that the transaction is pending? will this money disappear??",pending_cash_withdrawal,47
why does my identity need verification?,why_verify_identity,74
i couldn't pay with my card,declined_card_payment,26
"hello there, i tried using crypto top up today but it's not working for me, might it be due to the kind of bank i'm using or the country that i'm from?money is also missing from my account",top_up_reverted,61
i transferred money but the balance did not update.,balance_not_updated_after_bank_transfer,6
i made a mistake when i did a transfer so now what can i do to fix that?,cancel_transfer,9
why was my payment declined,declined_card_payment,26
i do not recognize the card payment.,card_payment_not_recognised,17
i have not been able to use this card.,card_not_working,15
can you tell me where you get your exchange rates?,exchange_rate,33
can i have multiple currencies?,fiat_currency_support,37
what is the top-up limit?,top_up_limits,60
can i use my american express stored in apple pay to top up?,apple_pay_or_google_pay,3
"top up google pay, is it possible?",apple_pay_or_google_pay,3
can i have a non virtual card?,order_physical_card,44
why is the cash withdraw i made shown as pending?,pending_cash_withdrawal,47
are there any hidden limit on the auto top-up?,automatic_top_up,5
tell me why my transfer failed!,failed_transfer,36
how can i check how much free spending i have left? i have some big purchases coming up and want to know where i can look for any info.,card_payment_fee_charged,16
i hate this company! can you delete my account?,terminate_account,55
where do i go to top up with cash?,top_up_by_cash_or_cheque,58
why was i declined from getting cash?,declined_cash_withdrawal,27
where am i able to get my pin unblocked?,pin_blocked,50
i need to order a new card.,order_physical_card,44
please explain why my top-up didn't go through.,top_up_failed,59
i am still awaiting the completion of the transaction.,transfer_not_received_by_recipient,66
am i able to top up with apply pay?,apple_pay_or_google_pay,3
currency exchanges have any extra fees?,exchange_charge,32
i need to terminate my account immediately.,terminate_account,55
i need help making this transfer. i keep getting an error. i'm trying to purchase a flat but i need my mortgage payment to go through first. can you help?,failed_transfer,36
"i put money into my account in the form of a cheque, but my balance did not change.",balance_not_updated_after_cheque_or_cash_deposit,7
i was doing a transfer and received a decline message.,declined_transfer,28
how can i move money from an account at another bank to this one?,transfer_into_account,65
how can i reset the passcode if i need to do that?,passcode_forgotten,45
is there an additional cost to exchange currencies?,exchange_charge,32
do i get an actual card?,order_physical_card,44
where can i see money source?,verify_source_of_funds,70
what are the fees for top-ups?,top_up_by_bank_transfer_charge,56
i made a transaction to the wrong account!,cancel_transfer,9
"in my statement, i got a 1 extra fee.",extra_charge_on_statement,35
what is the identity check for?,why_verify_identity,74
would like to use my card and need to activate it first. can you help me do this?,activate_my_card,1
my wallet was just stolen and i see my account already has a withdrawal. can you please help me.,cash_withdrawal_not_recognised,21
i could not transfer funds to a beneficiary is there a problem with your software?,beneficiary_not_allowed,8
"hello, in my most recent atm transaction, i didn't receive nearly as much cash as i thought i would - what is your exchange rate policy?",wrong_exchange_rate_for_cash_withdrawal,76
a foreign purchase i made has the incorrect rate applied to it.,card_payment_wrong_exchange_rate,18
"the transaction for the cash i pulled out of the atm earlier is pending in the app, but how if i already have the cash?",pending_cash_withdrawal,47
what atms take this card?,atm_support,4
i tried to get 100 but i just got 20,wrong_amount_of_cash_received,75
is there a charge for topping up by card?,top_up_by_card_charge,57
how long will this take to get to me?,card_delivery_estimate,13
is there a limit on top-ups?,top_up_limits,60
where can i check to see if there will be a fee added to my payment? are there specific instances that will result in a fee added?,card_payment_fee_charged,16
i go the wrong exchange rate applied to my purchase in a foreign country.,card_payment_wrong_exchange_rate,18
i don't think the exchange rate was right.,wrong_exchange_rate_for_cash_withdrawal,76
close down my account. i don't like your service.,terminate_account,55
what is the point of an identity check?,why_verify_identity,74
"i just got a new card, and i want to know how to activate.",activate_my_card,1
how do i top up using my card?,topping_up_by_card,62
"someone else is using my card, freeze it.",compromised_card,23
"im so mad right now. theres several charges that i think my x boyfriend made on my card. the companys on the website wouldn't refund me my money, they told me to contact my bank. do something please.",direct_debit_payment_not_recognised,29
"hi, i used an atm today to take money out of my account, but the amount it gave me is not the amount i requested. what should i do?",wrong_amount_of_cash_received,75
could you assist me in finding my lost card?,lost_or_stolen_card,42
how do i verify my source of funds?,verify_source_of_funds,70
"hi, i had an issue with my card payment and it shows on my account that my payment went through. then i got contacted from the seller saying they did not receive my payment then the payment was returned to my account. so i would like to see why it did that please.",reverted_card_payment?,53
how do i change the details in my account?,edit_personal_details,31
my payment card was declined - could you tell me why?,declined_card_payment,26
is there an issue with my account? i don't see a cheque deposit that i made yesterday. please assist.,balance_not_updated_after_cheque_or_cash_deposit,7
can you please assist me in completing a transfer? i'm trying and i keep getting an error. i'm trying to purchase a flat and pay the initial mortgage payment. all i keep getting is an error. can you find out what's happening here?,failed_transfer,36
could i chose the date to have it delivered?,card_delivery_estimate,13
i made a transfer and the person i transferred the money to didn't receive the right amount? why did this happen and how do i get the rest of the money to them?,transfer_fee_charged,64
i made a top up yesterday but it's still pending.,pending_top_up,48
where can i get a second card?,getting_spare_card,40
i haven't gotten my credit card in the mail.,card_arrival,12
i would like to know where my source of funds came from.,verify_source_of_funds,70
where can virtual cards be ordered?,getting_virtual_card,41
can i get a visa or does it have to be something else.,visa_or_mastercard,73
what is the charge for topping up a card?,top_up_by_card_charge,57
the exchange rate for my card payment doesn't seem right.,card_payment_wrong_exchange_rate,18
"i would like to delete my account now, please.",terminate_account,55
tell me why my balance did not change when i tranferred cash.,balance_not_updated_after_bank_transfer,6
top up for my american express card is not working,apple_pay_or_google_pay,3
is there a charge to use a top up card in the us?,top_up_by_card_charge,57
i made a deposit of cash and check that has not been added to my balance.,balance_not_updated_after_cheque_or_cash_deposit,7
what will i need to verify my identity,verify_my_identity,69
can i transfer my salary onto here?,receiving_money,51
there is a direct debit patentp that i haven't authorized.,direct_debit_payment_not_recognised,29
can i directly deposit my salary to this account?,receiving_money,51
why could i not get cash?,declined_cash_withdrawal,27
am i charged if i make a top-up?,top_up_by_bank_transfer_charge,56
is it possible to use my apple watch for topping up?,apple_pay_or_google_pay,3
i withdrew money from the atm and was overcharged. it said nothing about an extra fee.,wrong_exchange_rate_for_cash_withdrawal,76
everytime i try to prove my identity it won't let me.,unable_to_verify_identity,68
can you explain your exchange rate policy? i don't think i received the correct amount of cash in my atm transaction.,wrong_exchange_rate_for_cash_withdrawal,76
i heard you have virtual cards. how do i get one?,getting_virtual_card,41
i want to cancel a purchase,request_refund,52
how can i verify my source of funds?,verify_source_of_funds,70
i need to have an item refunded.,request_refund,52
how much does it cost in fees to use your card?,order_physical_card,44
i moved so i need to change my address. how do i do that?,edit_personal_details,31
where are the mastercard atms?,atm_support,4
i want to top my account by using a bank transfer. how would that work?,transfer_into_account,65
why didnt my account allow a transfer,beneficiary_not_allowed,8
i'd like to get another card,getting_spare_card,40
how long before transferred money shows up?,balance_not_updated_after_bank_transfer,6
what can i use my card to pay for?,card_acceptance,11
i would like to transfer funds from one account to another.,transfer_into_account,65
what is the purpose of the extra fee that is showing up on my statement?,extra_charge_on_statement,35
is there a charge for getting more cards?,getting_spare_card,40
there is unexpected money in my account.,cash_withdrawal_not_recognised,21
how can i locate the virtual card?,getting_virtual_card,41
"is there something wrong with my card payment? it's been pending a really, really long time.",pending_card_payment,46
can this app take my salary?,receiving_money,51
please tell me how you can stop unauthorized payments from being made on my card since on this bill i see that this has happened. there are transactions that i never made from a place i've never been to.,compromised_card,23
transaction showing up many times.,transaction_charged_twice,63
i just bought an item and would like to stop payment can you tell me if the item has been sent yet?,request_refund,52
i've tried several times to make a payment and every time my card is declined? could my card be locked? i don't know what to do.,declined_card_payment,26
any chance of getting the card outside the uk?,country_support,25
"give me my card, i need it now!",card_delivery_estimate,13
can i electronically transfer funds into my account from my american express?,supported_cards_and_currencies,54
i received a message from a seller stating they hadn't received my money even though it definitely came out of my account. the money has now been deposited back into my account. please get this resolved as soon as possible.,reverted_card_payment?,53
what is this extra fee on my statement.,extra_charge_on_statement,35
why didn't i receive the right amount of cash at the atm?,wrong_amount_of_cash_received,75
i recently made a transfer that i would like to cancel,cancel_transfer,9
when will the transfer go through?,pending_transfer,49
i need to add money to my account. can i do so via bank transfer?,transfer_into_account,65
do i need to verify my identity every time i log into my account?,why_verify_identity,74
the currency exchange for my purchase in foreign currency is incorrect.,card_payment_wrong_exchange_rate,18
i used my pin too many times.,pin_blocked,50
how long does it take for a transfer to get to a recipient?,transfer_not_received_by_recipient,66
please sort your top up! my top up has been pending for an hour already. can you please make it go through as soon as possible. i really need the money.,pending_top_up,48
"you can do that in just a few seconds. go to account, hit activate, and follow the directions from there.",activate_my_card,1
there is a payment made with my card that i don't recognize at all.,card_payment_not_recognised,17
can i change my pin remotely?,change_pin,22
is it possible to track the card you sent me?,card_arrival,12
my statement indicates i made a payment to an unfamiliar merchant.,card_payment_not_recognised,17
i want to make a currency exchange to eu.,fiat_currency_support,37
i need to know where my funds come from.,verify_source_of_funds,70
card is being used by someone else,compromised_card,23
how can i see the progress of delivery of the card that was sent?,card_arrival,12
how long does it take for money to transfer?,balance_not_updated_after_bank_transfer,6
"when using my card i was charged a fee for doing so, why?",card_payment_fee_charged,16
"i ordered something, and now i have buyer's remorse. since what i ordered hasn't come yet, can you just cancel the payment since i already know i want a refund for it?",request_refund,52
what is the procedure to transfer money to my account?,transfer_into_account,65
what do i do if my payment was reverted?,reverted_card_payment?,53
how can i add money to my account if you don't accept cash,top_up_by_cash_or_cheque,58
i wanted to withdraw 100 from the atm but i only got 20,wrong_amount_of_cash_received,75
can you top up your account automatically,automatic_top_up,5
i don't recognize a purchase that was made with my card.,card_payment_not_recognised,17
why was i double charged?,transaction_charged_twice,63
is there a charge for exchanging foreign currencies?,exchange_charge,32
is there a transaction limit for a disposable card?,disposable_card_limits,30
is there any way i could open an account for my daughter?,age_limit,2
what age do you have to be?,age_limit,2
"i am in desperate need to transfer funds from another account that i have into this one, how do i do that?",transfer_into_account,65
when will my card come? i need it as soon as possible!,card_delivery_estimate,13
what currences are available for exchange?,exchange_via_app,34
do i get a choice between visa and mastercard?,visa_or_mastercard,73
do cash withdrawals cost anything?,cash_withdrawal_charge,20
what other fiat currencies can i use?,fiat_currency_support,37
i have cancelled payments to this card.,reverted_card_payment?,53
how do i troubleshoot google pay top up?,apple_pay_or_google_pay,3
i just got my card. it's not linked yet--how do i do that?,card_linking,14
how can people transfer money to me?,receiving_money,51
is there any way to get my salary in a different currency?,receiving_money,51
how long will it take the money to appear in my account?,transfer_timing,67
could you tell me why my cash withdrawal was declined?,declined_cash_withdrawal,27
will my pin number be sent with my card?,get_physical_card,39
how can i get money in my home currency while i'm traveling internationally? i wanted to take it out of a local atm but am worried that i will get charged extra fees.,wrong_exchange_rate_for_cash_withdrawal,76
why is there a direct debit fee in the app when i didn't do it?,direct_debit_payment_not_recognised,29
"i would like to know why my payment is still pending, can you help?",pending_transfer,49
what is a virtual and how do i get one,getting_virtual_card,41
"i'm really concerned because i only made one transaction, but it's appearing multiple times.",transaction_charged_twice,63
i still don't have my pin.,get_physical_card,39
how can i top up my account with a card?,topping_up_by_card,62
how do you figure out the exchange rate? can you explain why i got less money than expected?,wrong_exchange_rate_for_cash_withdrawal,76
please explain the extra fee when i paid with the card.,card_payment_fee_charged,16
i don't understand why it says i have to verify the top-up.,verify_top_up,71
how to access my virtual card,getting_virtual_card,41
is it possible to change my pin if i am out of the country?,change_pin,22
i want to know your exchange rates.,exchange_rate,33
how long does it take transfers from europe to complete?,transfer_timing,67
why hasn't my top-up been completed?,pending_top_up,48
how is this transfer supposed to work? it's not working for me.,failed_transfer,36
i don't think i made this charge on my debit statement.,direct_debit_payment_not_recognised,29
i don't know if i made this payment on my card.,card_payment_not_recognised,17
"i did not get my virtual card yet, why?",getting_virtual_card,41
i make payments for my place abroad using this account and since i use it so frequently i was wondering why did the fees increase suddenly rather than decreasing? i would think customers like me should receive incentives for using your service,transfer_fee_charged,64
i am under 18 and i am trying to verify my id. why wont it work?,unable_to_verify_identity,68
why isn't my cash deposit showing up in my account? i deposited it this morning.,balance_not_updated_after_cheque_or_cash_deposit,7
can someone assist me by explaining why my card is not working?,card_not_working,15
what is the cost for physical cards?,order_physical_card,44
i'm expecting a refund but it's no where to be seen,Refund_not_showing_up,0
how do i use a card to top up?,topping_up_by_card,62
"i received my american express card, but i am having problems making it work with apple pay. can you help me with this problem?",apple_pay_or_google_pay,3
how can i change my details,edit_personal_details,31
"hello, i found the card i misplaced and i need to reactive it, how do i do that?",card_linking,14
why was i chargged,transfer_fee_charged,64
are extra cards free?,getting_spare_card,40
i forgot my pin number.,pin_blocked,50
the top-up i ordered didn't process.,top_up_failed,59
"i am traveling, what can i do to set up auto top-up?",automatic_top_up,5
is it possible to exchange currencies on the app?,exchange_via_app,34
how much transactions do i get with a disposable card?,disposable_card_limits,30
is there a reason why top-up needs verifying?,verify_top_up,71
what all is needed to verify the top-up card?,verify_top_up,71
can i get a card if i live in the us?,country_support,25
an incorrect exchange rate was applied to an item i bought.,card_payment_wrong_exchange_rate,18
was i charged more than i should of been for a currency exchange?,card_payment_wrong_exchange_rate,18
will it cost anything to top up a us card?,top_up_by_card_charge,57
do you offer any discounts for someone who exchanges currencies frequently?,exchange_charge,32
can i make transfers before my identity verification?,why_verify_identity,74
"i see a transfer fee, but to my understand, that should have been free, what happened?",transfer_fee_charged,64
please send my refund now.,Refund_not_showing_up,0
how much is ok for me to top up with?,top_up_limits,60
my card is about to expire. do i have to go to a branch to order a new card?,card_about_to_expire,10
my payment was rejected,declined_card_payment,26
why can't i top up?,top_up_failed,59
"how long do eu transfers take? i bought something online a couple days ago , sent the money immediately online but the seller says it is still not there yet",pending_transfer,49
why is there a fee on my money transfer?,transfer_fee_charged,64
i have a confusing payment appear on my statement and i don't recognise it!,card_payment_not_recognised,17
"i deposited money in the form of a cheque, but my balance has not increased.",balance_not_updated_after_cheque_or_cash_deposit,7
i need assistance with transferring funds to another account.,transfer_into_account,65
"i've notice i was charged for withdrawing cash, can you explain why?",cash_withdrawal_charge,20
"i'm waiting on a top-up, its still pending",pending_top_up,48
am i charged more for using the atm?,cash_withdrawal_charge,20
why couldn't i make a withdrawal from the atm?,declined_cash_withdrawal,27
i received a declined message when doing a transfer,declined_transfer,28
i have been travelling overseas and i need to change my pin. can you tell me how this is done?,change_pin,22
the app passcode has completely slipped my mind.,passcode_forgotten,45
hello - i'm on the app and trying to purchase crypto. it's not going through. what am i doing wrong?,beneficiary_not_allowed,8
how do i verify my card?,verify_top_up,71
why am i being charged when i withdraw cash?,cash_withdrawal_charge,20
do my kids have to be a certain age to use this service?,age_limit,2
i need my card to come as soon as possible.,card_delivery_estimate,13
i have been charged an extra pound!,extra_charge_on_statement,35
should i contact customer support if i can't edit details,edit_personal_details,31
"hi, my card is getting declined continuously when i am trying to top-up. request you to look into this issue or tell me any other alternatives.",top_up_failed,59
why was i charged extra on my app?,extra_charge_on_statement,35
i'm expecting to see a cash withdrawal but i'm still waiting.,pending_cash_withdrawal,47
am i getting charged for making a payment?,card_payment_fee_charged,16
how long after i receive my statement can i dispute payments on it?,direct_debit_payment_not_recognised,29
i tried to top up with my card but it was declined. i was able to a couple days ago and it worked. is something wrong? can you check it for me please?,top_up_failed,59
i was charged a fee when buying stuff with my card.,card_payment_fee_charged,16
when will my money be in my account?,transfer_timing,67
i need to transfer something to china. it is urgent. how many days will it take to get there?,transfer_timing,67
my top up says it is still pending,pending_top_up,48
what's wrong with my id? i can't verify it.,unable_to_verify_identity,68
i attempted to get cash but was declined.,declined_cash_withdrawal,27
can the card be mailed and used in europe?,country_support,25
i tired but an unable to activate my card.,activate_my_card,1
i received a different amount of cash than what i entered.,wrong_amount_of_cash_received,75
i couldnt transfer money from my account.,failed_transfer,36
how much to exchange currencies?,exchange_charge,32
an extra fee of 1 was in my statement,extra_charge_on_statement,35
"my card was rejected at the store for some reason, can you look into this for me?",declined_card_payment,26
my card is no longer lost. how do i enter it back into the app?,card_linking,14
i want to know how many different currencies my money can be in,fiat_currency_support,37
why do i have to verify my top-up card?,verify_top_up,71
can i use my card to withdraw from my account?,atm_support,4
i was wondering about transferring money into my account and how it works. can you tell me about that?,transfer_into_account,65
i'm going to cancel a purchase.,request_refund,52
"i wasn't charged the correct amount for an item i purchased, how can i fix this?",request_refund,52
what do i do if i notice a strange withdrawl in my statement?,cash_withdrawal_not_recognised,21
are you able to guide me to my card's location?,lost_or_stolen_card,42
why can't i get cash?,declined_cash_withdrawal,27
i can't transfer money from my account.,declined_transfer,28
why did the funds for one of my purchase come back to my account?,reverted_card_payment?,53
can you please show me where i can find the location to link my card?,card_linking,14
if i make a mistake can i cancel the transaction?,cancel_transfer,9
how much does it cost to exchange my balance into a foreign currency?,exchange_charge,32
how long will it take for my top up to work? it's still pending,pending_top_up,48
why is this not letting me exchange crypto? i need help making this transaction go through.,beneficiary_not_allowed,8
my top up was denied in the app.,top_up_failed,59
there's something wrong on my bill. a transfer fee should never have been added.,transfer_fee_charged,64
there was a direct debit i don't recognize.,direct_debit_payment_not_recognised,29
are there any atm's near me that accept this card?,atm_support,4
how long does a bank transfer take to show up in available funds?,balance_not_updated_after_bank_transfer,6
what is the reason a transfer shows as pending?,pending_transfer,49
is there any way to see my card in the app?,card_linking,14
why was i charged a fee for withdrawing cash?,cash_withdrawal_charge,20
why isn't my card working? i was pumped to use my new card but it keeps getting declined. help please.,declined_card_payment,26
how do i activate auto top-up when traveling?,automatic_top_up,5
are there steps i need to take before my card expires?,card_about_to_expire,10
"after a transfer, i see an extra fee. why?",transfer_fee_charged,64
is there a maximum i can top up?,top_up_limits,60
"i have tried everything to complete a transfer but can't, what should i do next",declined_transfer,28
when will my top-up go through?,pending_top_up,48
has my account been frozen? i tried to use my card but the atm would not dispense cash.,declined_cash_withdrawal,27
i am interested in changing my personal details.,edit_personal_details,31
google pay top up not working.,apple_pay_or_google_pay,3
when will my pending payment finish?,pending_card_payment,46
can i verify a top up?,verify_top_up,71
i made a cash withdrawl and there is a charge. what is this?,cash_withdrawal_charge,20
"please help me as i am continuously facing the issue in transferring money to my friends, as all my transactions are getting failed.",failed_transfer,36
why was a extra fee added to my account for transfer ?,transfer_fee_charged,64
"hi, i'm trying to purchase a flat and i'm needing the first payment for the mortgage to go through on the flat i'm trying to buy. for some reason i keep getting an error.can you assist in making this transfer? what is going on?",failed_transfer,36
i have duplicated transactions on my statement,transaction_charged_twice,63
i sent a transfer and it has been pending for awhile. how long will it stay pending?,pending_transfer,49
are physical card available?,order_physical_card,44
i put money on my card and i dont see it on the balance,pending_top_up,48
"i tired to move my money, but my transfer was declined.",declined_transfer,28
will i be fined for topping up by transfer?,top_up_by_bank_transfer_charge,56
the app is telling me that i am not me.,unable_to_verify_identity,68
when will i recieve my new card?,card_arrival,12
is there a verification code for the top-up card?,verify_top_up,71
why hasn't my balance been updated? i've deposited a few cheques some days ago!,balance_not_updated_after_cheque_or_cash_deposit,7
i would like to cancel a payment. i purchased something several days ago and i still have not received it.,request_refund,52
there is a vendor name i don't recognize on a payment from my account. i don't think i made this payment.,card_payment_not_recognised,17
under what condition will my payment revert?,reverted_card_payment?,53
help! in the app there is a payment that i don't remember.,card_payment_not_recognised,17
can you tell me what the exchange fee is?,exchange_charge,32
do you know why my card payment did not work?,declined_card_payment,26
how can i get a virtual card for a one-time transaction?,get_disposable_virtual_card,38
why was i charged an extra fee when paying with my card?,card_payment_fee_charged,16
what caused my top-up to be returned?,top_up_reverted,61
is there a limit on the number of times i can use a disposable card?,disposable_card_limits,30
how old do my kids need to be to open an account?,age_limit,2
i want to revert a transaction i did,cancel_transfer,9
what is the fee for accepting money from a foreign country?,exchange_charge,32
you advertise no fee when paying with a card then my statement shows a fee.,card_payment_fee_charged,16
how to edit personal details?,edit_personal_details,31
this stupid system is not letting me prove my identity.,unable_to_verify_identity,68
i made a transaction at an atm and was charged extra for it.,cash_withdrawal_charge,20
"i received my card, how do i get it to work in the app?",card_linking,14
i would like to activate my card.,activate_my_card,1
please check to see if the band transfer i made a while ago from my uk account has safely arrived.,balance_not_updated_after_bank_transfer,6
"since my id hasn't been verified, when can i use my account?",why_verify_identity,74
where does the exchange rate stand right now?,exchange_rate,33
why have i got a pending transfer? i'm confused!!,pending_transfer,49
is my account able to be topped up by my friends?,topping_up_by_card,62
what do i do if i have exceeded all my pin tries?,pin_blocked,50
"i haven't received my transfer funds yet, where are they?",pending_transfer,49
are there any restrictions to where i can use my card?,card_acceptance,11
how long to uk transfers usually take? i made a transfer but it didn't pop up in my history yet. i just want to make sure it went through.,balance_not_updated_after_bank_transfer,6
will i have to pay extra to exchange money?,exchange_charge,32
i have tried a couple of times to make a purchase and my card keeps getting declined. why do you keep denying my transfers? i have already tried a couple of times and it's not working.,declined_transfer,28
i wanted to know why there is a transfer of mine pending.,pending_transfer,49
i don't think the charges made when i had currency exchanged are right.,card_payment_wrong_exchange_rate,18
show me the amount of transactions i can do with a disposable card.,disposable_card_limits,30
tell me how to go about activating my new card?,activate_my_card,1
"while abroad, i got cash, and the exchange rate applied is wrong.",wrong_exchange_rate_for_cash_withdrawal,76
would i be able to refund an item?,request_refund,52
why do you need so much information about my identity?,why_verify_identity,74
how long does it take for a top-up?,pending_top_up,48
can you tell me what countries you operate in?,country_support,25
i've made a horrible mistake! i transferred money to the wrong account by accident! i entered one of the digits wrong. i need this cancelled immediately please.,cancel_transfer,9
are there any fees if i use a european bank card for a top up?,top_up_by_card_charge,57
"hi, i am currently in the process of buying a flat and i am waiting for the mortgage to go through but it keeps showing up as an error. do you know what could be causing this and can you help me get the money over.",failed_transfer,36
i paid with card and i was charged a fee,card_payment_fee_charged,16
what do i need to do to get my salary through this?,receiving_money,51
i submitted a cash deposit to my account but it hasn't posted yet.,balance_not_updated_after_cheque_or_cash_deposit,7
is there a list of atm machines?,atm_support,4
how can i check if i have received a refund if it is not yet on my statement?,Refund_not_showing_up,0
"my bank app said that i got cash from an atm, but that's a mistake.",cash_withdrawal_not_recognised,21
will i be charged if i use european bank card for top up?,top_up_by_card_charge,57
"when i put the wrong pin too much, i got blocked, so can you help me unblock my pin",pin_blocked,50
how long will i have to wait for my money to be in my account?,transfer_timing,67
i need to change my pin.,change_pin,22
my cash withdrawl was declined why?,declined_cash_withdrawal,27
i sent money and the recipient has not received their money after two weeks.,transfer_not_received_by_recipient,66
i found a direct debit i would like to dispute,direct_debit_payment_not_recognised,29
my pin was blocked.,pin_blocked,50
is there something wrong with the transferring functions? i keep trying to transfer funds and only get an error message.,beneficiary_not_allowed,8
"i want a mastercard, instead.",visa_or_mastercard,73
what are the steps for depositing cash into my account?,top_up_by_cash_or_cheque,58
can you explain to me the way to verify my top up has gone through?,verify_top_up,71
there is a direct debit charge on my account that i don't recognize.,direct_debit_payment_not_recognised,29
"if i exchange currency frequently, can i get a discounted rate?",exchange_charge,32
is there a reason my payment is still pending?,pending_card_payment,46
how do i top up my account with a bank transfer?,transfer_into_account,65
i did not charge my account for that transaction. that's an error.,card_payment_not_recognised,17
any fee for topping up?,top_up_by_card_charge,57
what is the procedure for depositing a virtual card,get_disposable_virtual_card,38
can other people use the app to add money to my account,topping_up_by_card,62
"new customer and filling gas today, it's not working, the thing shows pending half an hour!",pending_top_up,48
hold old do my kids have to be to use the service?,age_limit,2
"looks like my card payment was duplicated. i went to pay at the store earlier, got declined once,second time it works. app still stays pending for one of the payments. can you please remove one of them as it's wrong and clearly was declined?",transaction_charged_twice,63
can the card be mailed to europe?,country_support,25
how does it work when i transfer money into my account?,transfer_into_account,65
"hi, could you please help me as someone has stolen my wallet few hours ago. and a withdrawal is made, please help immediately. as i don't want to suffer more.",cash_withdrawal_not_recognised,21
my topup got reverted. please let me know if there is any issue in system.,top_up_reverted,61
can i use your services without access to the app?,lost_or_stolen_phone,43
i believe my top up was reverted.,top_up_reverted,61
i would like to receive a refund for something i bought.,request_refund,52
there are a couple payments with my card displayed in the app which i didn't make. what is happening? maybe someone has access to my card.,card_payment_not_recognised,17
please help! the app won't let me cancel a money transfer. i accidently sent money to an account that wasn't mine. i need this cancelled immediately.,cancel_transfer,9
"i lost my card and need a new one, will it cost me?",getting_spare_card,40
i tried to use my card to top up but all of the money has disappeared.,topping_up_by_card,62
are there going to be fees from adding money with an international card?,top_up_by_card_charge,57
i was supposed to get a purchase refunded but i don't see the money in my account,Refund_not_showing_up,0
how far is the closest atm from me?,atm_support,4
can i get one of your cards in the eu,country_support,25
i am locked out from entering my pin.,pin_blocked,50
what is the current exchange rate?,exchange_rate,33
will there be a charge for exchanging foreign currency?,exchange_charge,32
"i believe my card has been stolen, what can i do about this situation? it's urgent.",lost_or_stolen_card,42
where's accounting for my cash withdrawal?,pending_cash_withdrawal,47
"i don't want this account anymore, how do i delete it?",terminate_account,55
how do i deposit cash?,top_up_by_cash_or_cheque,58
what's the limit to how much i can top up?,top_up_limits,60
i need help fixing my contactless. it's not working anywhere i go today.,contactless_not_working,24
will you accept my salary if it's in another currency?,receiving_money,51
is this card available to americans?,country_support,25
"why did i get charged a fee, i thought it was free?",cash_withdrawal_charge,20
what is the expected delivery date for my card?,card_arrival,12
what is the extra fee that showed up on my card?,card_payment_fee_charged,16
"i tried using a check to update my balance, but it isn't work? is something wrong?",balance_not_updated_after_cheque_or_cash_deposit,7
can you please tell me where my card is? i ordered it 2 weeks ago!,card_arrival,12
"i tempted to get some money out of the machine earlier and it did not work.looking now, the transaction actually shows to still be in progress. i would certainly appreciate someone look into this and let me know what's going on. i definitely do not want to be charged for money i never received.",pending_cash_withdrawal,47
they is a payment i don't recognize on my statement.,card_payment_not_recognised,17
is it possible to have both a visa and a mastercard from you?,visa_or_mastercard,73
it has been forever ago that i made an order online. the product simply is not coming. just give me back my money because i'm not paying these people.,request_refund,52
how can i get cash back? the atm just gave me the wrong amount that i've been actually charged though...,wrong_amount_of_cash_received,75
i did not receive the correct amount of cash.,wrong_amount_of_cash_received,75
what is the cost and time frame of getting a new card?,card_about_to_expire,10
"i tried to withdraw cash and got declined, why is that?",declined_cash_withdrawal,27
"i no longer need aud, i need gbp instead, how can i make this happen?",exchange_via_app,34
how do i change my pin?,change_pin,22
how to activate card?,activate_my_card,1
do transfers from europe take longer?,transfer_timing,67
what are the rules for using disposable virtual cards?,disposable_card_limits,30
what options do i have in regards to payment?,supported_cards_and_currencies,54
there is a debit i dont recognize,direct_debit_payment_not_recognised,29
i have a transfer that is still pending.,pending_transfer,49
can i top-up automatically?,automatic_top_up,5
are there ways for other people to send me money?,receiving_money,51
i think a card payment i made was cancelled.,reverted_card_payment?,53
is the pin sent in another message?,get_physical_card,39
there is a withdrawal that isn't mind in the app.,cash_withdrawal_not_recognised,21
should my top up still be pending?,pending_top_up,48
i need to be made aware when i am being charged an extra amount for payments please. i looked over the app earlier and noticed an additional feel related to one of the payments. i was not warned about this before.,card_payment_fee_charged,16
what do i need to do to receive my payroll in the account?,receiving_money,51
may i choose between visa and mastercard?,visa_or_mastercard,73
what type of card can i use to top up?,supported_cards_and_currencies,54
"would you be able to offer me a discount, since i need to exchange currencies frequently?",exchange_charge,32
i'm looking for the option to top up by cheque.,top_up_by_cash_or_cheque,58
i don't have my card in 1 week. should i be worried?,card_arrival,12
are the funds i requested from a merchant a few days ago in my account? i do not see them.,Refund_not_showing_up,0
"i desperately need to change my pin, but i'm overseas on vacation right now. how can i do this?",change_pin,22
why is my payment declined? it looked like everything worked ok and my account was fine.,declined_card_payment,26
how can i verify my identity?,verify_my_identity,69
when will my virtual card arrive?,getting_virtual_card,41
i am 16 and just started working at mcdonalds can i deposit my checks at your bank?,age_limit,2
my contactless payments don't work.,contactless_not_working,24
"how do i reset a forgotten passcode, please?",passcode_forgotten,45
my card has been stolen what do i do?,lost_or_stolen_card,42
my transfer's stuck on pending.,pending_transfer,49
what is the reason i couldn't do a transfer to a beneficiary?,beneficiary_not_allowed,8
how do i cancel my account,terminate_account,55
will a cheque suffice?,top_up_by_cash_or_cheque,58
my friend says he hasn't received my transaction,transfer_not_received_by_recipient,66
"hi, i'm buying my son bertie a starter home in london. i'm just trying to send the 5 deposit over to the agent. it's only 200,000 but seems to be throwing an error. what is going on? if i wait any longer the house prices might rise, can you look in to it please?",failed_transfer,36
can you deliver the pin separately?,get_physical_card,39
how does tranferring money into my account work?,transfer_into_account,65
how can i reset my darned pin number?,pin_blocked,50
why hasn't my virtual card come yet?,getting_virtual_card,41
do you have info about the card on delivery?,card_arrival,12
do you charge a fee for adding money in usd?,top_up_by_card_charge,57
where can i find the verification code for the top up card?,verify_top_up,71
how long does it take for a cheque to post to your account?,balance_not_updated_after_cheque_or_cash_deposit,7
i would like to top up with check,top_up_by_cash_or_cheque,58
can i add funds directly from my apple watch?,apple_pay_or_google_pay,3
my throwaway virtual card won't work,virtual_card_not_working,72
"in my app, a direct debit payment i didn't do shows in my app",direct_debit_payment_not_recognised,29
why can't i make a transfer?,failed_transfer,36
i received the wrong exchange rate for an item i bought.,card_payment_wrong_exchange_rate,18
why am i still not able to see the money i deposited a week ago? this is urgent!!,balance_not_updated_after_cheque_or_cash_deposit,7
my refund is missing,Refund_not_showing_up,0
"i want to get some cash from the atm using my card but i dont want to be charged any fees. ive taken some money out before with no fees, but recently ive been getting charged. why?",cash_withdrawal_charge,20
"i'm supposed to be getting a refund but it hasn't shown up, now what?",Refund_not_showing_up,0
how do i cancel a purchase?,request_refund,52
when will my card arrive?,card_delivery_estimate,13
how do i go through the identity checks?,verify_my_identity,69
how long does it take for a bank transfer to show on my balance?,balance_not_updated_after_bank_transfer,6
i'd like to know why my top-up was canceled please.,top_up_reverted,61
are there any exchange fees,exchange_charge,32
do you charge extra for exchanging currencies?,exchange_charge,32
"i froze my account, but how do i order a replacement card?",compromised_card,23
if i make a transaction can i cancel it?,cancel_transfer,9
everything was stolen from me. i can't use the app. please advise.,lost_or_stolen_phone,43
my credit card seems to have been declined for top up. why is it not going through? can you tell me what's going on?,top_up_failed,59
why on earth do you need so much personal id info from me?,why_verify_identity,74
what kind of charges should i expect to exchange currencies?,exchange_charge,32
where can the cards be delivered?,order_physical_card,44
how long does it take to reflect in my balance a top up,pending_top_up,48
my latest payment was declined! what happened! i was told everything had been resolved and was back to working order again.,declined_card_payment,26
what us credit cards do you accept?,supported_cards_and_currencies,54
for how long will my transfer be pending?,pending_transfer,49
i did not get as much cash as i requested at the atm.,wrong_amount_of_cash_received,75
will i be sent a new card before mine expires?,card_about_to_expire,10
i've lost my card. what can i do about that?,lost_or_stolen_card,42
"hi, please help me, as i have transferred some amount but receiver did not get the same amount. he received a bit less. due to this again i need to transfer the difference. i have transferred money but beneficiary's account is credited with less amount. now i have transfer the difference of the amount. i think there is some issue, could you please look into this.",transfer_fee_charged,64
what are the most current exchange rates?,exchange_rate,33
whats the delivery time to the united states?,card_delivery_estimate,13
where are the transfers originating,verify_source_of_funds,70
can i exchange currencies with the app?,exchange_via_app,34
my money disappeared! please help??,top_up_reverted,61
i entered in the wrong pin. please help me unlock my account.,pin_blocked,50
what are eligible holding and exchange currencies?,fiat_currency_support,37
can it specifically be delivered on a certain date?,card_delivery_estimate,13
are all european currencies available for holding and exchange?,fiat_currency_support,37
on my last transaction it seem that my top-up was not successful.,top_up_reverted,61
i want to terminate my account,terminate_account,55
what do i do when my card expires?,card_about_to_expire,10
is it simple to transfer money using my credit card?,topping_up_by_card,62
how do i find out about transfers,receiving_money,51
there's a payment that isn't mine on my app,card_payment_not_recognised,17
what are the steps in order to activate my new card?,activate_my_card,1
why was i charged a fee for withdrawing money off my card?,cash_withdrawal_charge,20
is there places where i can't withdraw money?,atm_support,4
i left my phone at the hotel.,lost_or_stolen_phone,43
where's the money i transferred into my account?,balance_not_updated_after_bank_transfer,6
how old does one have to be to have an account with the bank?,age_limit,2
my atm card isn't working for a withdrawl,declined_cash_withdrawal,27
my billing address changed and i need to update my information.,edit_personal_details,31
why do i have a transaction showing multiple times?,transaction_charged_twice,63
why is my top-up showing as cancelled?,top_up_reverted,61
my transfer to another account was not allowed. why is that?,beneficiary_not_allowed,8
if i wanted to make a change from gbp to aud what is the process?,exchange_via_app,34
i do not know what this cash withdrawal is,cash_withdrawal_not_recognised,21
this card payment isn't is recognition.,card_payment_not_recognised,17
where am i able to use the card?,card_acceptance,11
how can i make my card active?,activate_my_card,1
how long will it take to arrive?,card_delivery_estimate,13
tell me if there is a limit to top-up.,top_up_limits,60
can i have one of the virtual cards?,getting_virtual_card,41
where are the options to top up with a cheque on my account?,top_up_by_cash_or_cheque,58
please explain why my payment was declined? i thought everything was good.,declined_card_payment,26
the rate of exchange for my cash withdrawal is wrong.,wrong_exchange_rate_for_cash_withdrawal,76
"i'm not happy, i want to close my account.",terminate_account,55
"i need a refund and cancel a transaction on an item i purchased and i need it as soon as possible, please!",request_refund,52
i was overcharged an additional pound.,extra_charge_on_statement,35
"i need to top up cash, how do i do it?",top_up_by_cash_or_cheque,58
i would like to retract my purchase.,request_refund,52
"i asked for a certain amount of money from the atm, but it gave me a different amount. less than what i asked for.",wrong_amount_of_cash_received,75
atm still has my card,card_swallowed,19
i bought something and already paid for it but now i don't see it.,reverted_card_payment?,53
can you tell me where to find top up by cash deposit?,top_up_by_cash_or_cheque,58
i can't get a contactless payment to work.,contactless_not_working,24
"i seem to have been charged to much for my holiday purchases, the exchange rate is wrong.",card_payment_wrong_exchange_rate,18
"i normally don't use atms, but i was in a rush today and had to withdraw some cash. the atm gave me the wrong amount of money and now my app is not showing the same amount as it should. what do i do?",wrong_amount_of_cash_received,75
hello i have a uk account. can you please check if everything is alright with it? i made a transfer a couple hours ago but it doesn't show up yet.,balance_not_updated_after_bank_transfer,6
why would a transfer fail?,failed_transfer,36
is the verification number on the top up card,verify_top_up,71
how do i top up with a cheque?,top_up_by_cash_or_cheque,58
is there a problem with your system being down or something? i have already tried 5 times to issue a standard transfer but i'm getting nowhere.,failed_transfer,36
what is your maximum top up limit per day?,top_up_limits,60
what are the cards and currencies that are supported?,supported_cards_and_currencies,54
will i be charged a fee if i receive a sepa transfer,top_up_by_bank_transfer_charge,56
where do you deliver cards to?,order_physical_card,44
what to do if my card is about to expire?,card_about_to_expire,10
1 charge in transaction.,extra_charge_on_statement,35
can i see money source?,verify_source_of_funds,70
when will i get my card?,card_arrival,12
what's the procedure for getting a card?,order_physical_card,44
can other people top up my account?,topping_up_by_card,62
how to exchange my currency,exchange_via_app,34
my account shows i made a debit payment to someone that i can't recall and would like to find out who the payment was made to.,direct_debit_payment_not_recognised,29
i attempted to deposit a cheque yesterday but the balance isn't showing today. is it still pending?,balance_not_updated_after_cheque_or_cash_deposit,7
i need my card delivered as soon as possible.,card_delivery_estimate,13
i was only given 20 after trying to withdraw 100,wrong_amount_of_cash_received,75
i entered my pin wrong too many times.,pin_blocked,50
what's the u.s. delivery time?,card_delivery_estimate,13
i'm not sure how to complete the identity checks process.,verify_my_identity,69
i recently transferred money to my account when will it show up?,balance_not_updated_after_bank_transfer,6
please explain to me the circumstances in which my card payment would be reverted?,reverted_card_payment?,53
can i specify a day for my card to be delivered?,card_delivery_estimate,13
my statement is showing i was charged a dollar and i am not sure why.,extra_charge_on_statement,35
is there an exchange rate?,exchange_rate,33
why was i not able to take cash from the atm?,declined_cash_withdrawal,27
"when i look at my statement there is an extra fee, that is for what?",extra_charge_on_statement,35
i would like my money back for an item i purchased,request_refund,52
i was removing a dollar amount from my account and now don't have access to my card.,card_swallowed,19
does it cost me to add cash?,top_up_by_bank_transfer_charge,56
is a tracking number available for the card that was just sent?,card_arrival,12
i added money to the card but the transaction didn't go through,pending_top_up,48
i am having a problem proving who i am,unable_to_verify_identity,68
"i enetered the wrong information, i need my account unblocked how do i do that?",pin_blocked,50
i withdrew cash and i think the exchange rate is wrong.,wrong_exchange_rate_for_cash_withdrawal,76
what does it mean if my top-up has not gone through?,pending_top_up,48
where can i find the verification code for a top-up?,verify_top_up,71
what does it mean if my payment is pending?,pending_card_payment,46
i can't seem to get my virtual card to work.,virtual_card_not_working,72
how do i order a new card when my old one is ready to expire?,card_about_to_expire,10
there is a transaction from my account that i don't recognize can you trace back the information so i can make sure it's something i did or not?,direct_debit_payment_not_recognised,29
i bought something and now i want a refund.,request_refund,52
where can i find an atm to use this card?,atm_support,4
why can't i transfer to another account?,beneficiary_not_allowed,8
how do i add money to my card?,topping_up_by_card,62
do i get a card to keep in my wallet?,order_physical_card,44
"i tried to get money out of the notting hill atm earlier, but i wasn't able to get it to work. is my card with issue? it's the first time i tried using it.",declined_cash_withdrawal,27
tell me where i can find the auto top up feature and a little bit about it please.,automatic_top_up,5
is there a reason i was charged an extra fee for using the atm?,cash_withdrawal_charge,20
my friend has not got the money i sent last week.,transfer_not_received_by_recipient,66
what is this direct debit i am seeing?,direct_debit_payment_not_recognised,29
is auto top up available?,automatic_top_up,5
how come my money hasn't shown up yet?,transfer_not_received_by_recipient,66
i think my passcode was changed,passcode_forgotten,45
"my phone got stolen, how can i use the app?",lost_or_stolen_phone,43
tell me why there is a charge on my cash withdrawl.,cash_withdrawal_charge,20
"hi! a seller that i requested a refund from a long time ago has yet to send the money into my account, even though i keep checking it. can the seller be contacted by you guys to see what's going on?",Refund_not_showing_up,0
what do i have to do to get the contactless to work?,contactless_not_working,24
there is a fee i don't recognize on my statement.,extra_charge_on_statement,35
i received a transfer in gbp how do i change it to a different currency?,receiving_money,51
a transfer is pending.,pending_transfer,49
the correct exchange rate wasn't given to me for an item i purchased.,card_payment_wrong_exchange_rate,18
need to exchange currencies,exchange_via_app,34
what are the exchange rates you assign?,exchange_rate,33
is there a limit to how many transactions i can make on one disposable card?,disposable_card_limits,30
"when i want to transfer money to my account, how can i do that?",transfer_into_account,65
how can i fix this? the atm gave me more cash than i'd asked for.,wrong_amount_of_cash_received,75
"i sent money to someone but they haven't gotten it, what's going on?",transfer_not_received_by_recipient,66
what do i do if the atm ate my card?,card_swallowed,19
why do we need to verify top-up?,verify_top_up,71
"hello-can you please help me get a refund from this merchant? i ordered a product and would like to return it. i have been unsuccessful in getting the merchant to return my request for the past several days. i understand it can take up to 45 days to process the dispute and issue a refund, however, if this can be expedited faster it would be very helpful to me.",request_refund,52
what do i do if i can't access the app?,lost_or_stolen_phone,43
the exchange rate is bad. are you sure this is the exchange rate?,card_payment_wrong_exchange_rate,18
"a few weeks ago, a strange transaction was made on my account by a seller i don't know. i am quite sure i didn't do it and will like for you to check it for me.",direct_debit_payment_not_recognised,29
why is there more then one charge on my card i only paid for one not twice how can i fix this?,transaction_charged_twice,63
i'm looking for the cash deposit top up option but can't find it. can you help me?,top_up_by_cash_or_cheque,58
"i need to order a new card, mine is about to expire and i need to know how much it will cost and how long until i receive it.",card_about_to_expire,10
"i should only have one charge, but it shows two.",transaction_charged_twice,63
let me know the steps for the identity checks,verify_my_identity,69
can i change my pin on holiday?,change_pin,22
i tried to withdraw cash from your atm but my transaction was cancelled.,declined_cash_withdrawal,27
can someone assist me with activating my new card?,activate_my_card,1
why does a cash withdrawal show as pending?,pending_cash_withdrawal,47
what do i do to exchange currency?,exchange_via_app,34
why isn't my google pay top up working for me? did i do something wrong?,apple_pay_or_google_pay,3
why isn't my payment showing?,reverted_card_payment?,53
my cash withdrawl has the wrong rate of exchange.,wrong_exchange_rate_for_cash_withdrawal,76
"my transfer is still pending, why?",pending_transfer,49
"help! i think someone has a copy of my card - i still have my card, but a five hundred pound cash withdrawal that i didn't authorize is shown on my account.",cash_withdrawal_not_recognised,21
let me know when i get charged extra for payments. i saw on the app a fee i wasn't forewarned about.,card_payment_fee_charged,16
how long will a transfer from china take? i need to transfer something from there.,transfer_timing,67
how do i pay by check?,top_up_by_cash_or_cheque,58
when will i receive a us transfer,transfer_timing,67
please help me with my card. as i have tried to use my card in two different atms but repeatedly it was declining by atm.,declined_cash_withdrawal,27
can you assist me with the auto top up ?,automatic_top_up,5
"i have a visa and mastercard, can i use these?",visa_or_mastercard,73
my account says a withdrawal is pending - why can't i take cash out of the atm?,pending_cash_withdrawal,47
i tried using my card at multiple vendors and now it's not working.,card_not_working,15
is it possible to order a virtual card?,getting_virtual_card,41
where do i order a disposable virtual card?,get_disposable_virtual_card,38
i am required to make several disposable cards every day.,disposable_card_limits,30
will there be any fees for top ups?,top_up_by_card_charge,57
i want to deactivate my account.,terminate_account,55
an unauthorized payment is in my app,card_payment_not_recognised,17
my account was charged for a withdraw i tried to make that was decline.,pending_cash_withdrawal,47
how old do we have to be?,age_limit,2
my transfer hasn't arrived,transfer_not_received_by_recipient,66
can you help me to quickly cancel a transaction i accidentally did to the wrong account?,cancel_transfer,9
can i make transactions before identity verification is complete?,why_verify_identity,74
what is the estimated wait time on a us transfer into my account?,transfer_timing,67
i paid with my card and i was charged a fee,card_payment_fee_charged,16
please tell me how to edit my personal details.,edit_personal_details,31
someone that i had to send money to told me that they didn't receive the full amount i sent them - can you look into this?,transfer_fee_charged,64
why can't i activate my card?,activate_my_card,1
i made a transfer and they haven't received the money i sent them.,transfer_not_received_by_recipient,66
i was trying to top up my account and it isn't working,top_up_failed,59
i see a 1 charge in a transaction.,extra_charge_on_statement,35
i think that the exchange rate for the withdrawal of my cash is not right.,wrong_exchange_rate_for_cash_withdrawal,76
"someone has stolen my phone, what should i do?",lost_or_stolen_phone,43
why did my top up not work?,top_up_failed,59
do all atms accept this card?,atm_support,4
i am so angry right now! i went to the atm and did not get the correct amount of money i chose to withdraw. how could this happen? i need my money and want to know how i can get it asap!,wrong_amount_of_cash_received,75
my account shows up as pending after i received cash from the atm earlier. how can this be still pending? i've got the cash already.,pending_cash_withdrawal,47
i received duplicate charges.,transaction_charged_twice,63
is it possible for me to change my pin number?,change_pin,22
a transaction is showing more than once.,transaction_charged_twice,63
how do i use the top up app with my apple watch?,apple_pay_or_google_pay,3
is there a limit to how high i can top-up?,top_up_limits,60
says my transfer can't be completed?,failed_transfer,36
i need to know why my credit card was declined for top up? what is the deal here and why did it not go through?,top_up_failed,59
where in the european union can i get a card?,country_support,25
how do i transfer money between two of my accounts?,transfer_into_account,65
can i start an account for my kids?,age_limit,2
my product hasn't arrived even though i ordered it a while ago. i want a refund!,request_refund,52
please provide details on how to top up my account using transfer option,transfer_into_account,65
"i live in the us, how long will it take for delivery?",card_delivery_estimate,13
show me how to top up with my card,topping_up_by_card,62
does it cost money for currency exchange services?,exchange_charge,32
what is the cost for an exchange fee?,exchange_charge,32
can i exchange between gbp and usd on the app?,exchange_via_app,34
what locations allow me to withdraw money?,atm_support,4
why isn't my beneficiary allowed?,beneficiary_not_allowed,8
why can't i add any beneficiary i choose?,beneficiary_not_allowed,8
my rate of exchange was wrong.,card_payment_wrong_exchange_rate,18
my card is lost! what do i do now?,lost_or_stolen_card,42
the app declined my top up. what did i do wrong?,top_up_reverted,61
i added money through a bank transfer and it is not showing in my balance.,balance_not_updated_after_bank_transfer,6
do you offer refunds? i would like to return purchase.,request_refund,52
how much does top up fees cost?,top_up_by_card_charge,57
send me a physical card,order_physical_card,44
let me know when applying extra charges for payments. i just checked the app and saw a fee that i wasn't warned about.,card_payment_fee_charged,16
do you have any idea on when i will receive my refund? i got my statement and it was not there.,Refund_not_showing_up,0
is my country supported,country_support,25
the atm did not give me my card back?,card_swallowed,19
how can correct top up with the app to work correctly?,top_up_failed,59
can you tell me whats going on with my card it seems to be not working?,card_not_working,15
can you tell me what i steps i should take since my card was stolen?,lost_or_stolen_phone,43
why did you charge a fee when i withdrew from an atm?,cash_withdrawal_charge,20
when i got cash i believe that the exchange rate was wrong,wrong_exchange_rate_for_cash_withdrawal,76
what fees are charged for a physical card?,order_physical_card,44
to receive money are there charges?,top_up_by_bank_transfer_charge,56
i took cash and got charged a fee,cash_withdrawal_charge,20
i need to cancel my recent transfer. i made a mistake. please help quickly before the transfer goes through.,cancel_transfer,9
can i mail in a check to top up?,top_up_by_cash_or_cheque,58
how can i access my account when i have lost my phone?,lost_or_stolen_phone,43
how do i find the exchange rate?,exchange_rate,33
my card's expiration date is close.,card_about_to_expire,10
i don't recognize the direct debit payment on my account.,direct_debit_payment_not_recognised,29
i need help as fast as possible! i made a mistake on my most recent transfer can you please stop it before it goes through?,cancel_transfer,9
why was i charged this extra fee while doing a transfer?,transfer_fee_charged,64
i don't know what a pending payment is.,pending_card_payment,46
why has a cash withdrawal charged me?,cash_withdrawal_charge,20
do you have an age limit?,age_limit,2
can i use a check to get gas?,top_up_by_cash_or_cheque,58
"i attempted to top-up with my card this morning, but the transaction was unsuccessful. i received the card two days ago and was successful using it previously. could you please help me?",top_up_failed,59
do i have to pay any fees in order to receive money?,top_up_by_bank_transfer_charge,56
do i need any kind of documentation for the identity check?,verify_my_identity,69
what do you base your exchange rates on?,exchange_rate,33
how long does delivery take?,card_delivery_estimate,13
is topping up free?,top_up_by_card_charge,57
"if i'm not in the uk, can i still get a card?",country_support,25
are there fees for using an international card to top up?,top_up_by_card_charge,57
my identity verification hasn't passed yet is it possible to use my account?,why_verify_identity,74
what should i do if i see a withdrawal is pending?,pending_cash_withdrawal,47
"my pin is locked, how do i unlock it?",pin_blocked,50
how do i interconvert between aud and gbp?,exchange_via_app,34
app does not recognize me,unable_to_verify_identity,68
"i just activated auto top-up, but it is not letting me enable it. why not?",automatic_top_up,5
i'm not verifying my identity.,why_verify_identity,74
i have been trying unsuccessfully to top-up my card. is the system down or not working properly?,top_up_failed,59
why would the atm machine fail to give me the cash withdrawal i requested?,declined_cash_withdrawal,27
what are my payment options?,supported_cards_and_currencies,54
i would like to get a few more physical cards.,getting_spare_card,40
where is the closest atm to me?,atm_support,4
the atm cancelled a transaction on me when i was trying to get some cash out.,declined_cash_withdrawal,27
my statement shows different transaction times.,transaction_charged_twice,63
can you help me track my card?,card_arrival,12
what type of card can i get?,visa_or_mastercard,73
i have no idea why but my transfers keep getting declined. i have double checked all the recipient details several times already and they're definitely correct.,declined_transfer,28
what happened to my top-up? it was all done and now it's gone! are you having problems with your system?,top_up_reverted,61
how do i know which payments i make will have additional fees? where can i find this information online?,card_payment_fee_charged,16
"i went to the store and tried to make a purchase. the first time, it was declined, but the second one went through. but my app shows me that i've already been charged once and the second charge is still pending. can you make sure that i'm not charged twice?",transaction_charged_twice,63
can i choose when my card is delivered?,card_delivery_estimate,13
my cheque is taking a while,balance_not_updated_after_cheque_or_cash_deposit,7
i see i was charged 1 for a transaction.,extra_charge_on_statement,35
do you have any top-up limits?,top_up_limits,60
where in the app do i link a new card?,card_linking,14
why would my top up be reverted?,top_up_reverted,61
will it be possible to change from usd to gbp with this app?,exchange_via_app,34
"hello, is there any way to double check my card? i have never had issues with withdraws in the past, but this morning on the way to work it was unexpectedly declined.",declined_cash_withdrawal,27
why was i charged extra for transferring money?,transfer_fee_charged,64
i think someone may be using my card.,compromised_card,23
weird charges are appearing in my debit account.,direct_debit_payment_not_recognised,29
are there any fees for top ups?,top_up_by_card_charge,57
hi - i have made a transaction to my new landlord but unfortunately it shows on my end but not on the landlord's end. the numbers are correct. can you confirm when that will go through?,transfer_not_received_by_recipient,66
my friend still hasn't gotten a transaction i made.,transfer_not_received_by_recipient,66
i would like to apply for a visa card.,visa_or_mastercard,73
with one disposable card how many transactions can i do?,disposable_card_limits,30
help me order my card.,order_physical_card,44
why can't my beneficiary get access?,beneficiary_not_allowed,8
how do people send me money?,receiving_money,51
why is it necessary to verify the top up?,verify_top_up,71
why has my payment been reversed?,reverted_card_payment?,53
i tried to top up but the app rejected it.,top_up_failed,59
there are some charges that i don't recognize. it happened days ago. can i get these charges back? should i cancel my card?,card_payment_not_recognised,17
"my card was declined and i did not receive money from the atm earlier, yet it show on my account that it is pending.",pending_cash_withdrawal,47
i've already sent the money out and still have not received money in my account.,balance_not_updated_after_cheque_or_cash_deposit,7
can i verify the source of my funds?,verify_source_of_funds,70
for what reason did my top-up fail?,top_up_failed,59
i'm not seeing my cash deposit showing up in my account.,balance_not_updated_after_cheque_or_cash_deposit,7
for some reason my contactless has stopped working. i don't know what the problem is. what can i do?,contactless_not_working,24
is a physical charge extra,order_physical_card,44
when can i expect the transfer to arrive in my account?,transfer_timing,67
why do you need so much information to verify my identity?,why_verify_identity,74
i transferred money to my account but it is not showing.,balance_not_updated_after_bank_transfer,6
is there a reason my new card hasn't arrived yet?,card_arrival,12
how can i find your exchange rates?,exchange_rate,33
how do i fix a reverted top up?,top_up_reverted,61
how much do i have to pay for the exchange fee?,exchange_charge,32
how do i get an actual card?,order_physical_card,44
can you please explain how to transfer money using the bank transfer process?,transfer_into_account,65
i can't find my phone what can i do to prevent someone from accessing my account on it?,lost_or_stolen_phone,43
how long do i have to wait for europe transfers?,transfer_timing,67
what is the fee to top-up my account,top_up_by_bank_transfer_charge,56
why was i unable to complete my transfer?,failed_transfer,36
i couldn't transfer money to a beneficiery,beneficiary_not_allowed,8
which currencies are allowed?,fiat_currency_support,37
"hi, i have done a topup, but my money was reverted. please look into this issue.",top_up_reverted,61
how many transactions can i do with a disposable card?,disposable_card_limits,30
will i be charged a fee for a sepa transfer?,top_up_by_bank_transfer_charge,56
"my wallet isn't showing my top-up, did i do something wrong?",topping_up_by_card,62
what is a disposable virtual card?,get_disposable_virtual_card,38
i think somebody made an unauthorized copy of my card. my account has a cash withdrawal for 500 that i did not make. please help.,cash_withdrawal_not_recognised,21
how much can i top up?,top_up_limits,60
can i get an item refunded?,request_refund,52
i needed cash from the atm but i couldn't get it.,declined_cash_withdrawal,27
why do your exchange rates change,exchange_rate,33
why was i charged for a cash withdrawal at the atm?,cash_withdrawal_charge,20
how much is the fee for a sepa transfer?,top_up_by_bank_transfer_charge,56
i was checking my statement and i think one of my card payments has reverted,reverted_card_payment?,53
is there a reason my cash withdrawal was declined?,declined_cash_withdrawal,27
top up by my card is that possible?,topping_up_by_card,62
i'd like to discuss an order i placed quite a long time ago. i have yet to receive it and am growing upset. i want a refund as i now refuse to pay for the product.,request_refund,52
can i change my address?,edit_personal_details,31
is there a limit on auto top-up?,automatic_top_up,5
what is the verification code for my top up card?,verify_top_up,71
what cards and currencies can i use?,supported_cards_and_currencies,54
i would like to receive instructions showing the verification process for top up cards..,verify_top_up,71
how come i can't find anywhere to load using cash,top_up_by_cash_or_cheque,58
i need help finding the verification code on the top up card.,verify_top_up,71
why is my balance the same? i processed a transfer.,balance_not_updated_after_bank_transfer,6
is there a reason a payment is showing complete on my side but the person who is receiving it has not gotten it?,transfer_not_received_by_recipient,66
why do you need verification for my identity?,why_verify_identity,74
there is a payment i don't recognise!,direct_debit_payment_not_recognised,29
i was under the impression atm cash withdrawals were free. why was i suddenly charged for my most recent atm transaction?,cash_withdrawal_charge,20
what payment methods are used to top up?,supported_cards_and_currencies,54
will my card be here soon?,card_delivery_estimate,13
my disposable card seems not to be working am i doing something wrong?,virtual_card_not_working,72
what kind of security protects my money?,verify_source_of_funds,70
what do i need to show who i am?,verify_my_identity,69
are there charges for receiving a sepa transfer?,top_up_by_bank_transfer_charge,56
where is my money? i transfered it and it isn't in my account.,balance_not_updated_after_bank_transfer,6
how much would an extra card cost?,getting_spare_card,40
"if i have already completed a cash withdrawal at an atm, is it normal for it to show as a pending transaction on the app?",pending_cash_withdrawal,47
i bought something and i take issue with the exchange rate applied.,card_payment_wrong_exchange_rate,18
"i made a transfer and the receiver said an amount was received, but not exactly the same as the right amount. i now have to transfer more to get the remainder to the receiver. can you alert me about this. what's been happening?",transfer_fee_charged,64
i need a refund on a direct debit that shows in the app because i did not make it.,direct_debit_payment_not_recognised,29
what is this extra fee that i got when i used my card to pay?,card_payment_fee_charged,16
i've made a card payment a couple of days ago now but it looks like the money is stuck. how long does it typically take for the payment to go through?,pending_card_payment,46
could you help my figure out the exchange fee?,exchange_charge,32
what's the procedure for canceling a purchase?,request_refund,52
"i normally have no issues making transfers, so why am i suddenly being told it is not possible?",beneficiary_not_allowed,8
why was my transfer charged fees?,transfer_fee_charged,64
"i might be paranoid, but someone may be using my card.",compromised_card,23
my balance was not updated after transferring money.,balance_not_updated_after_bank_transfer,6
is there a limit to top up,top_up_limits,60
"i requested a refund, and never received it. what can i do?",Refund_not_showing_up,0
what'll it charge me for a sepa transfer?,top_up_by_bank_transfer_charge,56
i don't understand why there is an extra 1 fee in my statement.,extra_charge_on_statement,35
what is the disposable cards limit?,disposable_card_limits,30
could you explain why my card payment did not work?,declined_card_payment,26
i see an unfamiliar payment on my statement.,card_payment_not_recognised,17
i've forgotten my app passcode completely.,passcode_forgotten,45
i don't like that i have to fill out so much information about my identity.,why_verify_identity,74
i cannot see the card pin anywhere?,get_physical_card,39
would it be possible to open up an account for children?,age_limit,2
i'm at the atm right now and it only allowed me to withdraw 10 pounds instead of my requested 30. what's going on? how can i fix this?,wrong_amount_of_cash_received,75
how come a fee was charged when i tranferred money,transfer_fee_charged,64
why am i getting a fee on a card payment?,card_payment_fee_charged,16
my cash deposit from a week ago is still not in my account. can you help me please?,balance_not_updated_after_cheque_or_cash_deposit,7
what currencies are accepted to add money?,supported_cards_and_currencies,54
"it's been more than a week since i had a return charged to my card, why hasn't it showed up?",Refund_not_showing_up,0
can i use my account before my identity verification has passed?,why_verify_identity,74
what fiat currencies are supported?,fiat_currency_support,37
"my card still hasn't arrived after two weeks, now what?",card_arrival,12
"my cash withdrawal was declined, why?",declined_cash_withdrawal,27
there is a cash withdrawal on my statement that i did not make,cash_withdrawal_not_recognised,21
i got charged twice with a duplicate card. how do i resolve this?,transaction_charged_twice,63
what do i do when i get close to the expiration date of my card?,card_about_to_expire,10
i did a transaction to a wrong account!,cancel_transfer,9
i withdraw money abroad but i didn't get the right amount.,wrong_exchange_rate_for_cash_withdrawal,76
somebody is taking money out of my account without my approval in another town separate from me. please place a freeze on my account until i can make it to the bank.,cash_withdrawal_not_recognised,21
"is there a fee for making a payment? if so, let me know why.",card_payment_fee_charged,16
i was just needing to know why my card got declined,declined_card_payment,26
what type of deposits do you accept into my account?,top_up_by_cash_or_cheque,58
i noticed on my online statement that an atm withdrawal i made early is still pending. is this accurate?,pending_cash_withdrawal,47
"i don't know why the deposit i made a week ago still hasn't showed up, i really need the money now.",balance_not_updated_after_cheque_or_cash_deposit,7
i have an odd payment in my statement,card_payment_not_recognised,17
what do i do with my decline message on a transfer?,declined_transfer,28
why is there a charge for 1 on my account?,extra_charge_on_statement,35
i made a transfer and was charged an extra fee!,transfer_fee_charged,64
i attempted to enter my pin to many times.,pin_blocked,50
how do i get a virtual card on my device?,getting_virtual_card,41
what am i going to need in order to activate my card?,activate_my_card,1
the atm keeps rejecting my payment. i tried two different atms but did not work .can you please check if everything is okay with my account?,declined_cash_withdrawal,27
why have i been charged for pulling cash out of my own account?,cash_withdrawal_charge,20
"can i use my account now, even though my identity verification has not gone through yet?",why_verify_identity,74
are these cards available in europe?,country_support,25
please cancel the latest atm charge on my card as my card was declined earlier today and i did not receive that cash.,pending_cash_withdrawal,47
can i receive transfers from my employer to this account?,receiving_money,51
can you help me transfer funds from another bank account to this account?,transfer_into_account,65
i cancelled my card payment,reverted_card_payment?,53
the seller just told me he didn't get paid. after reviewing my account it did subtract the balance but now it has added it back to my account. i need you to please take care of this promptly.,reverted_card_payment?,53
i have a new card and i need to activate it.,activate_my_card,1
i was mugged and everything taken. what do i do to protect my account?,lost_or_stolen_phone,43
why doesn't my disposable virtual card work?,virtual_card_not_working,72
"hello, i made a payment with my card and it's not working. it's been a while and still says its pending. can you tell when this will go through?",pending_card_payment,46
why did i get charged a fee for my transfer?,transfer_fee_charged,64
what is the reason my payment was not accepted?,declined_card_payment,26
can i use my card before identity verification?,why_verify_identity,74
delete all of my account information and my account right now.,terminate_account,55
what is the extra 1 fee in my statement,extra_charge_on_statement,35
i found a charge on my debit that i did not make.,direct_debit_payment_not_recognised,29
the exchange rate was wrong?,wrong_exchange_rate_for_cash_withdrawal,76
i see a charge of 1l i do not recognize on my statement,extra_charge_on_statement,35
my transaction to pay for an item was returned to my account.,reverted_card_payment?,53
what currencies are accepted for adding money?,supported_cards_and_currencies,54
is it possible to also get a disposable virtual card?,get_disposable_virtual_card,38
what's the amount that i can top-up?,top_up_limits,60
"hi, one of payment is still coming as pending for which i have already paid by card. i guess it did not processed, could you please check and update me.",pending_card_payment,46
can my salary be received and transferred to my current currency in my country?,receiving_money,51
"my top-up failed, why?",top_up_failed,59
can you please disable my current account.,terminate_account,55
what credit cards do you carry,visa_or_mastercard,73
my card is almost expired. how fast will i get a new one and what is the cost?,card_about_to_expire,10
why won't my card show up on the app?,card_linking,14
from which age can my kids use your service?,age_limit,2
why isn't my id verified?,unable_to_verify_identity,68
is the top up feature available on the apple watch?,apple_pay_or_google_pay,3
"when i deposit cheques and cash, my balance does not update.",balance_not_updated_after_cheque_or_cash_deposit,7
i need to cancel a payment. something i purchased a while ago still has not arrived and i'm not going to pay them if they won't send me what i purchased.,request_refund,52
looks like my top-up has been cancelled,top_up_failed,59
what time will a transfer from the us take?,transfer_timing,67
there is a payment with my card which i definitely did not make by me .never seen that it before.,card_payment_not_recognised,17
do i need a disposable card?,get_disposable_virtual_card,38
i am looking for my top-up verification code and cannot find it.,verify_top_up,71
can you tell me how i would go about learning where my funds came from?,verify_source_of_funds,70
"i double checked that i have the correct account details already, they're right for sure. transfer is still pending since forever. it should not have been done so.",pending_transfer,49
which atms accept this card?,atm_support,4
please tell me how to get a refund for something i bought.,request_refund,52
can you tell me how to locate my pin?,get_physical_card,39
why am i unable verify my id?,unable_to_verify_identity,68
can i add money to my card automatically during a trip?,automatic_top_up,5
i would like to alter my personal details.,edit_personal_details,31
how can i see my source of funds?,verify_source_of_funds,70
what is the process to activate a card,activate_my_card,1
"do atm cash withdrawals carry a charge now? they've been free in the past, but all of a sudden i have to pay to make atm withdrawals?",cash_withdrawal_charge,20
i was declined when i tried to take out cash!,declined_cash_withdrawal,27
how can i get my card to work?,card_not_working,15
can i make a contactless payments?,contactless_not_working,24
i got 2 transfer fees and i thought transfers were free.,transfer_fee_charged,64
i need a visa and a mastercard from you.,visa_or_mastercard,73
after purchasing an item i noticed the exchange rate was incorrect.,card_payment_wrong_exchange_rate,18
my card expires next week. how do i get a new one?,card_about_to_expire,10
how many days do i have to wait for the transfer to reach my account?,transfer_timing,67
"if i was travelling abroad, would i be able to hold currencies in euros?",fiat_currency_support,37
how do i top up my card?,transfer_into_account,65
i would like to make sure it is delivered on a certain date.,card_delivery_estimate,13
why doesn't my card work for any transactions?,card_not_working,15
"i think my top up may have been reverted, what do i do?",top_up_reverted,61
i can't verify my id. why?,unable_to_verify_identity,68
i cannot try my pin anymore.,pin_blocked,50
i don't know my password anymore.,passcode_forgotten,45
i made a transfer 12 hours ago. why is it still listed as pending?,pending_transfer,49
how many disposable cards can i own?,disposable_card_limits,30
can i use my american express card with apple pay?,apple_pay_or_google_pay,3
what do i do if my top-up has not gone through?,pending_top_up,48
why would my card payment not work?,declined_card_payment,26
i got my card a few days ago but am unable to top up. i'm thinking about closing my account because of this. what is going on?,top_up_failed,59
i see a direct debit transaction that i didn't make.,direct_debit_payment_not_recognised,29
got married and need to change name,edit_personal_details,31
why is my exchange rate wrong for an item i bought?,card_payment_wrong_exchange_rate,18
my card has gone missing.,lost_or_stolen_card,42
can i get a card despite the fact i'm not in the uk?,country_support,25
i transferred money but the recipient says it has not arrived. why would this be?,transfer_not_received_by_recipient,66
i need to update my address.,edit_personal_details,31
can friends transfer money to each other?,receiving_money,51
i purchased an item and the exchange rate was wrong,card_payment_wrong_exchange_rate,18
"i have received my american express in apple play, looks like top up has an issue, please help?",apple_pay_or_google_pay,3
verifying the top-up seems like a hassle.,verify_top_up,71
i sent some money and the account hasn't recived the transfer i made.,transfer_not_received_by_recipient,66
i just did a money transaction but its not showing they received it,transfer_not_received_by_recipient,66
"unhappy with you, how to delete account",terminate_account,55
is the pin delivered separately?,get_physical_card,39
"this company isn't good, i would like to delete my account.",terminate_account,55
how long before a check i send clears?,top_up_by_cash_or_cheque,58
"why does the atm continually decline my card? i've tried multiple times on different machines with the same results. i thought i had enough funds for this, so please help me understand why this is happening.",declined_cash_withdrawal,27
"i made a transfer and according to the receiver they haven't received the right amount its lesser than it should be.now i have to transfer more money to make up for the missing amount . can you please help me about this,what should be done",transfer_fee_charged,64
i have been trying to make a transfer and it won't go through. i have checked all the receipts and its all correct but still won't let me do it.,declined_transfer,28
do the disposable cards have restrictions?,disposable_card_limits,30
why was i charged a fee for withdrawing money?,cash_withdrawal_charge,20
"i will need to get a new card soon, how do i order?",card_about_to_expire,10
my transfer will not go through.,failed_transfer,36
dude i put money in the atm last week but it ain't there! i need the money now figure this out!,balance_not_updated_after_cheque_or_cash_deposit,7
how many disposable cards am i allowed to have?,disposable_card_limits,30
can i get a virtual card online,get_disposable_virtual_card,38
what is the identity check?,why_verify_identity,74
what are the currencies and cards that are supported with my account?,supported_cards_and_currencies,54
i thought you guys offered free transfers. why was i charged?,transfer_fee_charged,64
do exchanges cost more?,exchange_charge,32
"i have arranged a transfer, but no longer need to send it. how do i stop the transfer?",cancel_transfer,9
i received an extra charge for using the card. why?,card_payment_fee_charged,16
"hello, i am facing the issue with my new card as payments are declining again and again. please help me in this issue.",declined_card_payment,26
are there restrictions on disposable virtual cards?,disposable_card_limits,30
how do i request a disposable virtual card?,get_disposable_virtual_card,38
why have i all of a sudden been charged for my atm withdrawal? i thought the withdrawals were free because this is the first time i've ever had this problem.,cash_withdrawal_charge,20
why can't i use my beneficiary?,beneficiary_not_allowed,8
what will happen if i want to add money using an international card? will i run into any fees?,top_up_by_card_charge,57
"i cant find my card, it's gone.",lost_or_stolen_card,42
i have been charged a fee for paying with card,card_payment_fee_charged,16
do you provide currency exchange to euros?,fiat_currency_support,37
i did not set up a direct debit i have,direct_debit_payment_not_recognised,29
i really want a physical card. how do i get one?,order_physical_card,44
i would like to edit my personal information .,edit_personal_details,31
help me. the passcode doesn't work.,passcode_forgotten,45
i think my phone was stolen. what can i do?,lost_or_stolen_phone,43
can i use this card at any atm?,atm_support,4
what are the fees for a physical card?,order_physical_card,44
my source of funds need verified.,verify_source_of_funds,70
"i don't know what's wrong, my contactless stopped working. tried it in a few different places today and it didn't work in any of them.",contactless_not_working,24
my daughter need a card from this account. is that possible?,getting_spare_card,40
i am still waiting for the cash to be returned from a cheque i deposited!,balance_not_updated_after_cheque_or_cash_deposit,7
do you have visa or matercard?,visa_or_mastercard,73
i see a direct debit payment on my statement that wasn't me,direct_debit_payment_not_recognised,29
i know that i am able to make transfers for free. that was something that i valued. after i bought something online from abroad i noticed that i got charged a fee? what is this and can it be removed?,transfer_fee_charged,64
i was not able to receive the correct amount of cash.,wrong_amount_of_cash_received,75
when does the money get transferred to my account,transfer_timing,67
how do i make my pin work again?,pin_blocked,50
duplicate transactions appear on my account,transaction_charged_twice,63
just received a message that my transfer is not possible?? what is going on. i have done this before with no issues.,beneficiary_not_allowed,8
"i tried to get money out of the notting hill atm earlier, but wasn't able to. is my card working okay? it's the first time i tried using it.",declined_cash_withdrawal,27
i am not able to do contactless.,contactless_not_working,24
the payment for the card did not go through,declined_card_payment,26
why did i get charged for withdrawing cash?,cash_withdrawal_charge,20
"is it possible to go ahead and log in, although i have not been confirmed yet?",why_verify_identity,74
why was i charged a fee for debit or credit card payment?,card_payment_fee_charged,16
what atms accept my card?,atm_support,4
what's wrong with my card? the clerk at the grocery store said it was declined.,card_not_working,15
how come i got charged extra for withdrawing cash?,cash_withdrawal_charge,20
is there a fee for sending out more cards?,getting_spare_card,40
can you tell me what currency i can have?,fiat_currency_support,37
my card arrived but i don't know how to get my pin.,get_physical_card,39
how do i protect my phone from someone using it after i lost it.,lost_or_stolen_phone,43
i tried to withdraw 50 pounds but it only gave me 30. where is the rest of my money?,wrong_amount_of_cash_received,75
im trying to top up my card but it's still pending and it's been an hour. is there any way to make it go through faster? do i not have enough?,pending_top_up,48
can i use my bank account to send me more money?,transfer_into_account,65
can you tell me what cards and currencies you take?,supported_cards_and_currencies,54
can you help me figure out what's happening? i'm trying to transfer money to a friend but it keeps getting returned. i'm not sure what i'm doing wrong.,failed_transfer,36
how come the verification with the top up,verify_top_up,71
i haven't gotten my new card.,card_arrival,12
could you tell me why my top up isn't showing in my wallet?,topping_up_by_card,62
is there a reason i was charged a fee for using my card as payment? i've never had an extra fee before.,card_payment_fee_charged,16
how do i get a refund for something i bought?,request_refund,52
my transfer hasn't appeared yet,pending_transfer,49
"i purchased something abroad, and the exchange rate that was applied was wrong.",card_payment_wrong_exchange_rate,18
i was at the store earlier and my virtual card didn't work. what's the solution for this problem?,virtual_card_not_working,72
there are a couple of payments with my card shown in the app that i really didn't make myself. what's going on with this?,card_payment_not_recognised,17
why is my card payment cancelled?,reverted_card_payment?,53
i requested a refund from a store but it hasn't arrived.,Refund_not_showing_up,0
i can't get money out of the atm. is my card actually working? it's the first time i tried using it,declined_cash_withdrawal,27
will there be any extra fees for european bank card for top up?,top_up_by_card_charge,57
can i use app to freeze account and dispute fraud?,compromised_card,23
my card got lost.,lost_or_stolen_card,42
is my card pin saved in the app,get_physical_card,39
who can purchase a disposable virtual card?,get_disposable_virtual_card,38
where is my refund? i have been checking my account all day.,Refund_not_showing_up,0
"i'd rather not use my physical card, how can i get a virtual card?",getting_virtual_card,41
when will my deposit from this morning show up?,balance_not_updated_after_cheque_or_cash_deposit,7
how much does it cost to do a transfer?,top_up_by_bank_transfer_charge,56
why was my account deducted from a seller when i didn't approve of it?,direct_debit_payment_not_recognised,29
what do you need to verify my identity?,verify_my_identity,69
i tried to pull cash from an atm but it wouldn't let me.,declined_cash_withdrawal,27
"i recently made a payment, and it is showing up in my account as pending. what does that mean?",pending_card_payment,46
why did you charge me extra when i withdrew cash?,cash_withdrawal_charge,20
i made a transaction this morning but i need to revert it now.,cancel_transfer,9
i placed a cash deposit in my account but i can't see it yet.,balance_not_updated_after_cheque_or_cash_deposit,7
i transferred some money but it is not here yet,transfer_not_received_by_recipient,66
please help. there is a payment in the app that isn't mine.,card_payment_not_recognised,17
i have a payment listed in error.,card_payment_not_recognised,17
so the transfer finally worked but now it's been pending for quite a long time. how long do you expect me to wait for it? it's quite urgent,pending_transfer,49
i saw there is a cash withdrawal from my account via the app which i did not complete.,cash_withdrawal_not_recognised,21
where's the best place to get a disposable virtual card?,get_disposable_virtual_card,38
why is my transfer more expensive than i thought?,transfer_fee_charged,64
can you tell me how to link one of your cards that i already have?,card_linking,14
why is the transfer showing pending?,pending_transfer,49
my top up isnt working,top_up_failed,59
can i add money with apple pay?,apple_pay_or_google_pay,3
how do you top-up using cash?,top_up_by_cash_or_cheque,58
do you have a list of cards and currencies you support?,supported_cards_and_currencies,54
i attempted to get cash in the atm but i was denied,declined_cash_withdrawal,27
can i transfer money to my card via bank-transfer?,transfer_into_account,65
"hi, i was checking my old statements and found a discrepancy with a large amount transaction. i am sure it was not done by me. please let me know if i could raise a dispute as its very late.",direct_debit_payment_not_recognised,29
"i purchased something and the seller hasn't received the money yet, but it has been deducted from my account.",reverted_card_payment?,53
my automatic top-up was unsuccessful,top_up_reverted,61
"in the us, how long is the wait for a transfer?",transfer_timing,67
how long will a transfer from the us take?,transfer_timing,67
i think something may have happened that caused a charge to show up twice.,transaction_charged_twice,63
how do i get rid of my account asap?,terminate_account,55
"i guess exchange rate for my payment was not correct, as i charged extra on the last saturday.",card_payment_wrong_exchange_rate,18
why isn't my pin available yet?,get_physical_card,39
where should i withdraw money from?,atm_support,4
"i think someone might have a copy of my card because a 500 dollar withdrawal was made, and it wasn't me. can you please help?",cash_withdrawal_not_recognised,21
the exchange rate for my transaction last saturday seems to have been wrong i got charged extra. please fix.,card_payment_wrong_exchange_rate,18
how young can i be to open my own account?,age_limit,2
"is there anyway, i can get a disposable virtual card?",get_disposable_virtual_card,38
"my card will expire soon, when do i need to order a new one?",card_about_to_expire,10
can my pin changed remotely without visiting a bank?,change_pin,22
do you send more than one card?,getting_spare_card,40
my transfer failed to a beneficiary,beneficiary_not_allowed,8
"my cash withdrawal says pending, why?",pending_cash_withdrawal,47
"the app isn't letting me log in, but my info is correct.",unable_to_verify_identity,68
what should i do if my phone is lost or stolen?,lost_or_stolen_phone,43
can i have a second card?,getting_spare_card,40
the first payment i attempted for my card at the store earlier did not process so i had to make a second attempt. the second time it worked. it now appears i was charged twice. after looking at the app i see a pending charge. please remove the pending amount because it is clearly not accurate and was declined.,transaction_charged_twice,63
today i was out eating and my card was declined. why's that?,card_not_working,15
i found a transfer fee - is that correct?,transfer_fee_charged,64
where can i have a new bank card sent to china?,card_about_to_expire,10
how do you find the exchange rate?,exchange_rate,33
why was i charged an additional 1?,extra_charge_on_statement,35
hi. please can you help me fix a double charge on my card? i'm looking at my transactions and this restaurant i went to earlier in the week has charged me twice! please remove the additional charge for me.,transaction_charged_twice,63
is there a way to top-up automatically?,automatic_top_up,5
can my 19 year old daughter open a savings account at the bank?,age_limit,2
how can you assist me on topping up on bank transfers to my account?,transfer_into_account,65
i made a mistake with a transaction!,cancel_transfer,9
my friend would like to send me money. what are the options available to them?,receiving_money,51
i don't have a password.,passcode_forgotten,45
i made an out of country transfer and it hasn't went through yet.,balance_not_updated_after_bank_transfer,6
i have a payment that is still pending,pending_card_payment,46
the currency exchange rate was wrong for a purchase i made.,card_payment_wrong_exchange_rate,18
i have a card payment that i don't recognize. what should i do?,card_payment_not_recognised,17
i sent a cheque a few days ago and nothing has happened to my account yet. can you please check on this for me?,balance_not_updated_after_cheque_or_cash_deposit,7
the refund on my account hasn't shown up,Refund_not_showing_up,0
i can't verify identity through the app.,unable_to_verify_identity,68
what flat currencies do you use for holding and exchanges.,fiat_currency_support,37
how long does a transfer take to reach one's account.,transfer_timing,67
"help, i don't see my money i just added.",pending_top_up,48
"after inputting the wrong pin too many times, can you now help me unblock my pin?",pin_blocked,50
how do i change my name?,edit_personal_details,31
mastercard is preferred to me.,visa_or_mastercard,73
as for limits are top ups included?,top_up_limits,60
i thought transfers were free of charge. i bought something abroad and got charged a ridiculous fee. how do i get this problem fixed.,transfer_fee_charged,64
how do i top-up my card with a cheque?,top_up_by_cash_or_cheque,58
there seems to be a couple of payments listed in the app i know weren't made by me. is there a possibility someone has access to my card? can you find out what's going on?,card_payment_not_recognised,17
where can i order my virtual card?,getting_virtual_card,41
there is an unauthorized payment in my statement.,card_payment_not_recognised,17
what if there is an error on the exchange rate?,card_payment_wrong_exchange_rate,18
what are the top-up fees for my card?,top_up_by_card_charge,57
my disposable virtual card doesn't seem to work,virtual_card_not_working,72
"i'd lke my card reactivated, i was thinking it was misplaced but i discovered when i woke up that i had left it in my coat.",card_linking,14
are there limits as to where my card will be accepted?,card_acceptance,11
what is the reason i got rejected for using my disposable virtual card to pay a subscription to the gym?,virtual_card_not_working,72
how do i change gbp to aud?,exchange_via_app,34
are you sure when the withdrawal will show?,pending_cash_withdrawal,47
what's with not verifying my id?,unable_to_verify_identity,68
i can't find out how to top-up my account using cash.,top_up_by_cash_or_cheque,58
is there a way to order a virtual card on the website?,getting_virtual_card,41
is there an auto top up feature?,automatic_top_up,5
do you have eur currency available for me?,fiat_currency_support,37
how can my friend pay me?,receiving_money,51
i would like a temporary virtual card,get_disposable_virtual_card,38
"your system is broken. my transfers keep failing, 5 times now.",failed_transfer,36
can i use a different bank atm than my own?,atm_support,4
for the first time i got a fee on my account. how do i know when you charge these fees?,card_payment_fee_charged,16
how can i receive money?,receiving_money,51
"my pin is blocked, what do i do?",pin_blocked,50
when will my transfer finish pending?,pending_transfer,49
"that fee should not be there, you charged my cash for an unnecessary thing.",cash_withdrawal_charge,20
i had made a transfer but its still pending.,pending_transfer,49
are cards available in the eu?,country_support,25
i would like an extra card.,getting_spare_card,40
can i top up from a usa credit card,supported_cards_and_currencies,54
"i need to deposit my virtual card, how do i do that.",get_disposable_virtual_card,38
i am seeing and extra 1 charged to my account and wanted to know about it.,extra_charge_on_statement,35
where is the option to top up with a cheque?,top_up_by_cash_or_cheque,58
how many countries do you support?,country_support,25
why do i need to verify my identity?,why_verify_identity,74
how long do european transfers take?,transfer_timing,67
can you tell me the limit for top ups?,top_up_limits,60
"if my card expires next month, will i need to order a new one?",card_about_to_expire,10
will a beneficiary not accept a transfer?,beneficiary_not_allowed,8
my card payment didn't go through.,declined_card_payment,26
how do i activate and link my new card?,card_linking,14
"sort your top up out please! it's been pending since an hour already, can you please make this go through asap i really need the money",pending_top_up,48
why does the same transaction appear multiple times?,transaction_charged_twice,63
i need help. i updated my balance with a check yesterday and im not seeing it. can you look at my account to see what went wrong?,balance_not_updated_after_cheque_or_cash_deposit,7
i can not find my card pin.,get_physical_card,39
i would like to know how much i can top-up.,top_up_limits,60
why is the exchange rate wrong for my international withdrawal?,wrong_exchange_rate_for_cash_withdrawal,76
what is the maximum transactions for one disposable card?,disposable_card_limits,30
my payment was terminated,reverted_card_payment?,53
can you help me reset my passcode? i forgot it.,passcode_forgotten,45
i tried to get cash but it was declined!,declined_cash_withdrawal,27
how do i add an existing card to the app?,card_linking,14
am i able to change my pin at certain cash machines?,change_pin,22
when can i order a disposable virtual card?,get_disposable_virtual_card,38
there is a direct debit payment that i did not make.,direct_debit_payment_not_recognised,29
how can i transfer money to my account?,transfer_into_account,65
i was making a purchase and it was declined and i wanted to know why.,declined_transfer,28
i took out some cash from the atm but it is still showing the transaction is pending.,pending_cash_withdrawal,47
why isnt my cash withdrawal showing,pending_cash_withdrawal,47
how long does it take to get a refund on something i bought?,request_refund,52
"my money's disappeared from my account! i topped up the other day and it was there, but now it's not. help?",top_up_reverted,61
what do i do to top up my card?,topping_up_by_card,62
is there a limit to auto top?,automatic_top_up,5
is my card accepted anywhere?,card_acceptance,11
what are the various currencies and cards that you offer support for?,supported_cards_and_currencies,54
do you limit my top-ups?,top_up_limits,60
i can't find my pin anywhere.,get_physical_card,39
how can i top up with apple pay?,apple_pay_or_google_pay,3
why is my cash deposit not in my account?,balance_not_updated_after_cheque_or_cash_deposit,7
i ordered my card and it isn't here yet. i need it asap. when can i expect to get it?,card_delivery_estimate,13
i'd like to cancel a transfer,cancel_transfer,9
i would like to activate my card what do i need to do?,activate_my_card,1
can you tell me why my card keeps getting declined every time i try to use it?,declined_card_payment,26
"i made a bank transfer a couple of hours ago from my uk account. it hasn't appeared, can you check to make sure it went through?",balance_not_updated_after_bank_transfer,6
i need to cancel a transaction on my debit card.,direct_debit_payment_not_recognised,29
there is an urgent thing that i need to transfer from china. approximately how long will it take?,transfer_timing,67
is it possible to give a second card from my account to my daughter?,getting_spare_card,40
"i would like to order a virtual card, where can i get one?",getting_virtual_card,41
will i be able to open an account for my daughter,age_limit,2
how do i transfer money into my account?,transfer_into_account,65
what is an exchange rate?,exchange_rate,33
what are the exchange rates?,exchange_rate,33
how old can one use your service?,age_limit,2
how many disposable virtual cards can you have?,disposable_card_limits,30
help me find where this money came from,verify_source_of_funds,70
do you do visa or mastercard?,visa_or_mastercard,73
i am interested in cancelling a purchase,request_refund,52
i would like to return my purchases,request_refund,52
where can i get my pin unblocked?,pin_blocked,50
"i need to transfer money into my account, how?",transfer_into_account,65
after depositing a cheque my balance did not change.,balance_not_updated_after_cheque_or_cash_deposit,7
the wrong rate was applied to an item i bought in a currency different from mine. can this be changed?,card_payment_wrong_exchange_rate,18
my statement shows a strange direct debit.,direct_debit_payment_not_recognised,29
can i track the card that you sent me in the mail?,card_arrival,12
"i have a question about atm transactions. can i take money out of an atm when i'm traveling abroad? and, can i get the money in my home currancy?",wrong_exchange_rate_for_cash_withdrawal,76
i don't know where the top-up verification code is.,verify_top_up,71
i was spending cash with my card and got a fee.,card_payment_fee_charged,16
was charged an atm fee despite it being a small withdrawal on the 1st day of the month. i thought i was allowed 200 per month?,cash_withdrawal_charge,20
when should i expect my card?,card_delivery_estimate,13
what is the process to create a disposable virtual card?,get_disposable_virtual_card,38
which countries are you in?,country_support,25
"in reviewing my statement, i show i have two charges for the same purchase at the same time, which i have not made in duplicate? how do i get this solved?",transaction_charged_twice,63
can you give me a virtual card?,getting_virtual_card,41
i didn't make these transactions. is someone else using my card?,compromised_card,23
can you please sort out your top up? i need this to go through asap because i really need the money. it's already been pending for an hour.,pending_top_up,48
i would like to use one of my cards for a family member. is that allowed?,getting_spare_card,40
"i asked for 40 and i only received 20, what happened?",wrong_amount_of_cash_received,75
i bought something and the money appeared back into my account? why?,reverted_card_payment?,53
there is a payment on my card that i do not recognize. i've never seen the name on the transaction before.,card_payment_not_recognised,17
i need to delete my account.,terminate_account,55
i don't have a pin at this point.,get_physical_card,39
how can i find a way to transfer money without it being rejected?,declined_transfer,28
why is there a pending transaction on my card?,pending_card_payment,46
how soon will my balance be updated to reflect my transfer?,balance_not_updated_after_bank_transfer,6
what is the cost of a transfer?,top_up_by_bank_transfer_charge,56
i'm confused as to why my top-up did not go through.,top_up_failed,59
my card hasn't been working when i try to use it.,card_not_working,15
one of my card payments has reverted,reverted_card_payment?,53
why do i see extra charges for withdrawing my money?,cash_withdrawal_charge,20
i have a cash withdrawal that i don't recognize.,cash_withdrawal_not_recognised,21
what's the limit on automatic top-up?,automatic_top_up,5
are there any fees for adding money with an international card?,top_up_by_card_charge,57
what is going on with it saying my card payment was declined?,declined_card_payment,26
it will be fine to use at any establishment that accepts mastercard.,card_acceptance,11
please check my payment from last saturday as i feel i have been overcharged on the exchange rate. thank you.,card_payment_wrong_exchange_rate,18
"i need a new card, my current card is nearly expired.",card_about_to_expire,10
someone else accessed my account and made a payment.,card_payment_not_recognised,17
are there any fees if i want to add money using an international card?,top_up_by_card_charge,57
where can i find top up by cash deposit?,top_up_by_cash_or_cheque,58
"someone is making transactions on my account, i think they took my card information.",compromised_card,23
do i have to manually top-up my account each time or will it do it on its own?,automatic_top_up,5
can i trace where my funds came from?,verify_source_of_funds,70
why was my cash withdrawal declined by the atm?,declined_cash_withdrawal,27
a payment i made is for a wrong amount can you help me correct the mistake.,cancel_transfer,9
i think the exchange rate was incorrect.,wrong_exchange_rate_for_cash_withdrawal,76
are pin separately?,get_physical_card,39
i got a 1 extra fee in my statement,extra_charge_on_statement,35
i need to know what these extra charges are on my statement?,extra_charge_on_statement,35
my transfer has been pending for a long time now. i already double checked my account info and it is correct. why is it taking so long in 2018 to transfer money?,pending_transfer,49
i have a transfer that is pending.,pending_transfer,49
in which stores can i shop with this card?,card_acceptance,11
i am still waiting on my card?,card_arrival,12
i want to know why i have been unable to withdrawn funds.,declined_cash_withdrawal,27
"my american express is in my apple pay and the top up is failing, why?",apple_pay_or_google_pay,3
i have been waiting for my top-up to complete and it still hasn't gone through.,pending_top_up,48
when did you send me my new card?,card_arrival,12
i believe you charged me too much to exchange my money,card_payment_wrong_exchange_rate,18
i'm not sure why my card didn't work,declined_card_payment,26
why was my card charged when topping off my balance but it's not showing up in my wallet balance?,topping_up_by_card,62
"hello, i have tried using crypto top up but it is not working. i had some money in my account but i'm not sure what happened",top_up_reverted,61
how can i know where did my funds come from?,verify_source_of_funds,70
why have my top ups been canceled?,top_up_reverted,61
how is my pin sent?,get_physical_card,39
i still haven't gotten my new card. when will it get here?,card_arrival,12
i have been waiting over a week. is the card still coming?,card_arrival,12
how long will a transfer be pending for?,pending_transfer,49
is getting my identity verified required before i can use my account?,why_verify_identity,74
"i am overseas in china, can i get a replacement card?",card_about_to_expire,10
"i didn't want to make a transaction, i want to revert it",cancel_transfer,9
"i initiated a payment a while ago and it is still showing as pending, how long will it take to clear?",pending_card_payment,46
can i give my friends access to my account so they can top it up for me?,topping_up_by_card,62
my card payment did not complete.,declined_card_payment,26
how can i lookup the source for my available money?,verify_source_of_funds,70
what is the handling fee for transfer?,top_up_by_bank_transfer_charge,56
i made a transfer to my friend earlier and she hasn't received it yet. what's the hold up?,transfer_not_received_by_recipient,66
where can i find the verification code on a top-up card?,verify_top_up,71
i need to find the top up verification code,verify_top_up,71
can i have my card activated?,activate_my_card,1
i deposited a cheque but the cash hasn't arrived yet,balance_not_updated_after_cheque_or_cash_deposit,7
i will be traveling. can i add money automatically?,automatic_top_up,5
i need to transfer money to my account from another bank,transfer_into_account,65
i paid for something in foreign currency but noticed the exchange rate is incorrect.,card_payment_wrong_exchange_rate,18
i am travelling and i tried to withdraw cash but didn't get what i was supposed to get.,wrong_exchange_rate_for_cash_withdrawal,76
when i was in a restaurant today my card was declined and payment wouldn't go through and i need help. can you fix this?,card_not_working,15
my disposable virtual card isn't working.,virtual_card_not_working,72
how much for a physical card?,order_physical_card,44
how do you get a virtual card?,getting_virtual_card,41
the atm won't let me take out cash,declined_cash_withdrawal,27
my money transaction can't be seen by the person i sent it to,transfer_not_received_by_recipient,66
when will i get my refund?,Refund_not_showing_up,0
i believe i left my smartphone at the hotel i was staying at.,lost_or_stolen_phone,43
why didn't this transfer work?,failed_transfer,36
can i see where my funds come from?,verify_source_of_funds,70
i couldn't get money from the atm,declined_cash_withdrawal,27
i can use this card at which atms?,atm_support,4
"i would like to make a purchase, however my card has been declined. i would like to ask the reason for this. the past two weeks, the card has been working fine.",reverted_card_payment?,53
why is the exchange rate different from what i expected?,card_payment_wrong_exchange_rate,18
the exchange rate used on your app is really bad. i'm considering closing my account because of it.,card_payment_wrong_exchange_rate,18
when can i expect to receive my new card?,card_delivery_estimate,13
why is my payment still pending?,pending_card_payment,46
help me verify my identity.,unable_to_verify_identity,68
why can't i use this beneficiary?,beneficiary_not_allowed,8
how do i exchange currencies with this,exchange_via_app,34
i don't need to transfer anymore and i want to cancel it.,cancel_transfer,9
"i was charged extra when i made a cash withdraw, why?",cash_withdrawal_charge,20
"my card was lost on vacation, i don't know where it is. can you help me take care of this immediately?",lost_or_stolen_card,42
what can i do about a direct debit transaction on my card that i didn't make?,direct_debit_payment_not_recognised,29
"top up my card please, which y'all support?",supported_cards_and_currencies,54
how do i cancel my card? there are charges on my account that i didn't make.,cash_withdrawal_not_recognised,21
i purchased something abroad and the incorrect exchange rate was applied.,card_payment_wrong_exchange_rate,18
is there a daily auto top-up limit?,automatic_top_up,5
how long to take the time to solve,card_not_working,15
what is the charge for exchanging currencies?,exchange_charge,32
am i able to get a card in eu?,country_support,25
"i purchased some makeup through a site in china, and i was under the impression that when i make transfers there is no fee. why am i seeing this fee now? i am not happy about this at all.",transfer_fee_charged,64
atm only gave me 20 instead of 100,wrong_amount_of_cash_received,75
how long do i need to wait to see an update after i make a bank transfer?,balance_not_updated_after_bank_transfer,6
i notice that i have a card payment that's been cancelled.,reverted_card_payment?,53
please delete my account immediately.,terminate_account,55
i want to know why my top-up was reverted,top_up_reverted,61
how are you determining your exchange rates?,exchange_rate,33
"i moved, can i edit my personal details?",edit_personal_details,31
use credit card to transfer money,topping_up_by_card,62
i'd like to provide my daughter with a card - could i get an additional card from my account to give her?,getting_spare_card,40
i need to get some more physical cards.,getting_spare_card,40
when will the money from a transfer be made available on my account?,transfer_timing,67
can i use it outside of europe?,country_support,25
will you tell me how i am supposed to use the disposable cards?,get_disposable_virtual_card,38
today i used my card at a restaurant and it was declined. why?,card_not_working,15
do i have to go to the bank to change my pin?,change_pin,22
"if i feel someone has my card information, can i get a new card?",compromised_card,23
i tried to make a transfer and it failed.,failed_transfer,36
where can the pin be located?,get_physical_card,39
where is the nearest bank machine?,atm_support,4
what is the charge for using a top up card in the us?,top_up_by_card_charge,57
hello. i'm trying to transfer some money to a friend but it keeps getting rejected. can you help me?,failed_transfer,36
my transfer isn't in,transfer_not_received_by_recipient,66
i need to know how to transfer money into my bank account. please help,transfer_into_account,65
when do i set up my card pin?,get_physical_card,39
why am i charged to get money from the atm?,cash_withdrawal_charge,20
i contacted the seller for a direct refund last week but he still hasn't give me my money. what should i do?,Refund_not_showing_up,0
when would my card be charged an extra fee for a transaction?,card_payment_fee_charged,16
why was i charged extra when transferring?,transfer_fee_charged,64
"when i attempted to make a transfer, it failed.",failed_transfer,36
what do i need for the identity check?,verify_my_identity,69
how long does it take to authorise a payment?,pending_card_payment,46
cancel a transaction,cancel_transfer,9
why wasn't my payment to beneficiary x approved?,beneficiary_not_allowed,8
what is the identity verification process?,verify_my_identity,69
how dp i top up with a cheque ?,top_up_by_cash_or_cheque,58
i had to pay a pound more than i anticipated!,extra_charge_on_statement,35
what flat currencies do you support for holding and exchange?,fiat_currency_support,37
when do i activate auto top-up?,automatic_top_up,5
how do i go forth verifying my top-up card?,verify_top_up,71
can i track my card while it is in the process of delivery?,card_arrival,12
how much is the fee for topping by card,top_up_by_card_charge,57
what do i do if my card is stolen?,lost_or_stolen_card,42
is it possible to get a new card in china?,card_about_to_expire,10
i havent got my card,card_arrival,12
can you help with a transfer to an account,beneficiary_not_allowed,8
"i just saw a charge for a cash withdrawal that i made! atm withdrawals have always been free in the past, so why is there suddenly a charge? what is it going to cost me now?",cash_withdrawal_charge,20
can i use american express to add money into my account?,supported_cards_and_currencies,54
"i no longer want this account, what should i do?",terminate_account,55
will you charge for a physical card?,order_physical_card,44
i requested 100 but only got 20,wrong_amount_of_cash_received,75
how long will it take for me to get my card?,card_arrival,12
am i able to get both a visa and mastercard from you?,visa_or_mastercard,73
what's the expected wait time to recieve my new card?,card_arrival,12
this is very frustrating. i can't get my card to work on any atm i try and i've tried 3 of them so far. what's going on? can you please fix this issue immediately?,declined_cash_withdrawal,27
"i've just moved address from a place in durham to a place in walton-on-the-naze. i have a new landlord at my new house and they haven't got my payment but i know i sent it on time, can you check they got it please?",transfer_not_received_by_recipient,66
where is my virtual card?,getting_virtual_card,41
can i already use my account although the identity verification has not passed yet?,why_verify_identity,74
i need an atm right now!,atm_support,4
how is the top-up card verified?,verify_top_up,71
what's my limit for topping up?,top_up_limits,60
how can i go about ordering a virtual card?,getting_virtual_card,41
my contanctless has stopped working,contactless_not_working,24
can this be used to receive my salary?,receiving_money,51
would i have to pay anything if i need an additional card?,getting_spare_card,40
the app shows direct debit payments that i didn't make,direct_debit_payment_not_recognised,29
i topped up but my money is not showing. why is that?,top_up_reverted,61
what is the charge for paying with my card?,card_payment_fee_charged,16
"how long do you expect me to wait for the transfer? it finally worked out, but has been pending for a long time and it's quite urgent.",pending_transfer,49
when will i receive my card?,card_delivery_estimate,13
my card does not work,card_not_working,15
i just got an email in confirming my purchase with my card. i login to the mobile app on the card and found out there are several purchase were made without me aware of it. evidently someone had stole my card information and made these fraudulent purchase. i need the transaction to be reverse and have my card suspended.,compromised_card,23
is there any place i cannot use my card?,card_acceptance,11
the transfer is coming up as pending the payment is due today. will i be charged a fee?,pending_transfer,49
how is an exchange rate calculated?,exchange_rate,33
where can i find the exchange rate for my transfer?,exchange_rate,33
my top-up hasn't happened yet.,pending_top_up,48
can you tell me why i was charged 1 for a transaction?,extra_charge_on_statement,35
i got a strange fee when i used the atm.,cash_withdrawal_charge,20
is there extra fees for making a withdraw in a different country at a cash machine.,wrong_exchange_rate_for_cash_withdrawal,76
how can i edit my personal details in the app?,edit_personal_details,31
i can't find my phone but it has all my credit card information.,lost_or_stolen_phone,43
my money is all gone. what ways are okay to add money to my account?,transfer_into_account,65
is there any fees associated with receiving money with this account?,top_up_by_bank_transfer_charge,56
where can i pay with my card?,card_acceptance,11
"i want to get a new card before my current one expires, how much will it cost me and how long will it take to get here.",card_about_to_expire,10
"the exchange rate given to me after a purchase, was incorrect",card_payment_wrong_exchange_rate,18
i tryed to make a top-up with cryptocurrency but the payment was referted.,top_up_reverted,61
card delivery services? where?,order_physical_card,44
my app shows cash i didn't get.,cash_withdrawal_not_recognised,21
i was charged a fee for a transfer. where did it come from?,transfer_fee_charged,64
there is a strange payment on my statement. what should i do?,card_payment_not_recognised,17
i would like to purchase another card.,getting_spare_card,40
i was so embarrassed. why didn't my payment clear?,declined_card_payment,26
"please delete my account, this company is not working for me!",terminate_account,55
will there be a cost if i exchange currency?,exchange_charge,32
i want to link my new card. can you help?,card_linking,14
i got charged in double and want a refund,transaction_charged_twice,63
the atm machine would not give my card back,card_swallowed,19
what do i do if i already had a card with you guys?,card_linking,14
i can't see a transfer to my account i made.,balance_not_updated_after_bank_transfer,6
where do i go to reset my passcode?,passcode_forgotten,45
how to verify top up card?,verify_top_up,71
what should i do if i think someone is using my card.,compromised_card,23
"there must have been a mistake, why was i charged an extra pound?",extra_charge_on_statement,35
i'm not sure why i was charged an extra fee for transferring funds.,transfer_fee_charged,64
can i set the account to auto top-up?,automatic_top_up,5
how do i get my refund back?,request_refund,52
what do you need my identity details for?,why_verify_identity,74
do the disposable cards have a transaction limit?,disposable_card_limits,30
what do i do when a charge has been made that i did not make?,cash_withdrawal_not_recognised,21
can i order extra cards?,getting_spare_card,40
why did i get charged more than once?,transaction_charged_twice,63
why should i verify the top-up?,verify_top_up,71
i need to reverse a transaction,cancel_transfer,9
tell me why my topup wouldn't go through?,top_up_failed,59
where can i use this card?,card_acceptance,11
how long will it take my card to get here?,card_delivery_estimate,13
how do i get my money back for a duplicated charge?,transaction_charged_twice,63
i am trying to find out how to exchange currency x with currency y.,exchange_via_app,34
"this past holiday i made a withdraw at the atm machine, and it seems i've been charged too much.",wrong_exchange_rate_for_cash_withdrawal,76
what is the average wait for transfers,transfer_timing,67
how come i was charged an extra fee when paying with the card?,card_payment_fee_charged,16
i tried to get cash at some atm in the city centre earlier but the machine declined my card. i've seen it still shows up as pending in my account. please cancel it immediately as i definitely have not received that money!,pending_cash_withdrawal,47
where can i verify my identity?,verify_my_identity,69
how do i fix a transaction to the wrong account?,cancel_transfer,9
why was my pin blocked?,pin_blocked,50
what is this extra 1 fee about?,extra_charge_on_statement,35
why is there a transaction that shows multiple times?,transaction_charged_twice,63
what should i do if i forgot my passcode?,passcode_forgotten,45
i believe my card has been compromised as there are funds showing that i did not receive.,cash_withdrawal_not_recognised,21
how can i get a refund for an item i purchased but has not yet arrived?,request_refund,52
how long does it take to get my card i am in a rush,card_delivery_estimate,13
"i was blocked by using the wrong pin too many times, can you help me?",pin_blocked,50
i have a pending money transfer,pending_transfer,49
i forgot what my pin number is and now am blocked can you help me get in?,pin_blocked,50
can i use an auto top-up option?,automatic_top_up,5
my card activation attempt failed.,activate_my_card,1
how do i know what my pin is?,get_physical_card,39
"please help me with the amount that i have withdrawn from the atm today, the atm has given me wrong sum of amount, and i could see that the app is displaying the greater amount than taken out.",wrong_amount_of_cash_received,75
is my card payment reverted?,reverted_card_payment?,53
i still haven't seen a refund on my account,Refund_not_showing_up,0
why does my transaction have an added fee?,extra_charge_on_statement,35
"so, i see a strange fee that i've never seen before after making an online purchase from abroad. i was under the impression transfers could be made for free. i don't think this seems fair.",transfer_fee_charged,64
help! i forgot my password.,passcode_forgotten,45
is there a limit on how much i can withdraw from my account without being charged?,cash_withdrawal_charge,20
am i allowed to carry an additional card?,getting_spare_card,40
i was charged when i used a us issued card. why and what cards are free to use to add money,top_up_by_card_charge,57
why did you guys charge me an extra 1?,extra_charge_on_statement,35
it says pending payment? why is it saying this?,pending_card_payment,46
i need a refund right away but the funds aren't available in my account,Refund_not_showing_up,0
do i have a card pin?,get_physical_card,39
how do i order a virtual card?,getting_virtual_card,41
why did you charge me extra for withdrawing money?,cash_withdrawal_charge,20
what is the limit on auto top?,automatic_top_up,5
wtf??? i tried to withdraw some money at a metro bank on high st. kensington and without any notice it disappeared in the machine. the bank was already closed so i couldn't do anything. how do i get it back?,card_swallowed,19
at which atms can i use this card?,atm_support,4
explain the virtual card,getting_virtual_card,41
how do i get a disposable virtual card?,get_disposable_virtual_card,38
is ordering a new card from china available?,card_about_to_expire,10
how can i the person see my money transaction?,transfer_not_received_by_recipient,66
i answered so many questions about my identity. why do you need this info?,why_verify_identity,74
i sent my friend some money a few hours ago but she has not received it yet. she really needs it. how long does this take?,transfer_not_received_by_recipient,66
how do i request a refund?,request_refund,52
i don't see a code anywhere on my top-up card? where can i find it? i need to verify!,verify_top_up,71
i would like a visa card.,visa_or_mastercard,73
what currency can i use to add money?,supported_cards_and_currencies,54
what steps do i do to get a real card,order_physical_card,44
how can i exchange usd and gbp in the app?,exchange_via_app,34
how do i link a card i already have?,card_linking,14
why is my transfer appearing as pending?,pending_transfer,49
i need to transfer some money to a friend who is in urgent need of some fast cash. how long will it take before she can use that money?,transfer_not_received_by_recipient,66
"my card is about to expire, what do i do?",card_about_to_expire,10
i made a purchase but the exchange rate is wrong?,card_payment_wrong_exchange_rate,18
how do i ask for a physical card?,order_physical_card,44
i need a visa card,visa_or_mastercard,73
i need assistance with understanding which fiat currencies that you support.,fiat_currency_support,37
"i need to hold money, what currencies can i use?",fiat_currency_support,37
"next month my card will expire, do i need to order a new one?",card_about_to_expire,10
i'm not sure if my pop-up went through.,top_up_failed,59
im still waiting for my account to update from a cash deposit?,balance_not_updated_after_cheque_or_cash_deposit,7
i think i am a victim of fraud. i noticed there was a charge on my account that i didn't do because i haven't touched my card today. can you please reverse the charge and refund my money?,direct_debit_payment_not_recognised,29
"someone withdrew money from my account, and it wasn't me.",cash_withdrawal_not_recognised,21
why would my payment have been returned to my account?,reverted_card_payment?,53
what are the countries that you operate in?,country_support,25
my card isn't working,card_not_working,15
my wallet was stolen and all my credit cards were in there. help?!!?,compromised_card,23
is there anywhere in the eu this card can not be delivered in,country_support,25
"i tried to get some with-drawls but the machine didn't work. the transaction still seems in progress.seems like something is wrong,i don't want to be charged for transaction i did not make.",pending_cash_withdrawal,47
i have forgotten my passcode,passcode_forgotten,45
"my card has been stolen. i reported it with the police, but i need to report it with you as well.",lost_or_stolen_card,42
what can i do about some payments on my card i didn't make. please put a freeze on my card till we can figure this out.,card_payment_not_recognised,17
has there been any activity on my card today?,lost_or_stolen_card,42
i've lost track of my phone or someone stole it.,lost_or_stolen_phone,43
i didn't receive my money earlier and it says the transaction is still in progress. can you fix it?,pending_cash_withdrawal,47
"i keep trying to make a payment, but it doesn't work.",declined_card_payment,26
how long are my top ups pending,pending_top_up,48
i want to find out what happened to my new card?,card_arrival,12
i want to make an online purchase but i don't want to use my credit card. can you tell me how a disposable virtual card works and where i can apply for one?,get_disposable_virtual_card,38
am i able to do a swift transfer?,top_up_by_bank_transfer_charge,56
is my card accepted everywhere?,card_acceptance,11
how old do i have to be to open an account?,age_limit,2
"my work sends me all over the world, can i get a discount for all the money i have to exchange?",exchange_charge,32
what are the fees imposed when i make a transaction?,card_payment_fee_charged,16
how can my friends top up my account?,topping_up_by_card,62
please check the exchange rate for my payment last saturday. i believe i have been overcharged.,card_payment_wrong_exchange_rate,18
how do i link a new card to an existing one?,card_linking,14
help me with a pin change.,change_pin,22
what should i do to verify my identity?,verify_my_identity,69
"i've now been trying to do a really standard transfer 5 times already. what's going on, is your system broken or something?!",failed_transfer,36
"the top-up has a definite problem! i regularly use your service and haven't had a problem before, but now the top-up just shows pending. please tell my why it continues to show pending.",pending_top_up,48
how much can i top up on my card?,top_up_limits,60
can i use this to receive my salary?,receiving_money,51
i tried to buy something online yesterday but it kept saying declined. tried again today but same thing happened. what's broken?,declined_transfer,28
are your cards available in europe?,country_support,25
i just got this card  i don't know how to activate it.,activate_my_card,1
my phone is gone,lost_or_stolen_phone,43
what can you tell me about getting a virtual disposable card?,get_disposable_virtual_card,38
can i use as many top-ups as i want?,top_up_limits,60
what happens if the atm doesn't give the right amount of money?,wrong_amount_of_cash_received,75
why did i get less money than i asked for?,wrong_amount_of_cash_received,75
i got topped up but the application reverted it.,top_up_reverted,61
is there a way to top-up when it reaches a certain balance?,automatic_top_up,5
why was i charged a fee for transferring money,transfer_fee_charged,64
do you deal with eur?,fiat_currency_support,37
i have tried sending a standard transfer five times and it hasn't gone through. what is the problem?,failed_transfer,36
why is top up not working if i use my american express with my apple pay?,apple_pay_or_google_pay,3
someone stole my wallet a couple of hours ago now and they have taken money from my account. is there any way that you can help so i won't lose any more of my money.,cash_withdrawal_not_recognised,21
"i'm hoping you can answer my question about a pending transfer that i've had for a while now. i know that all of the account details are correct, so why is it taking so long to go through?",pending_transfer,49
"can i get money in my home currency at some atm? i'm on holiday and am a bit concerned because i don't have any cash with me, it is possible to withdraw here already without any additional cost?",wrong_exchange_rate_for_cash_withdrawal,76
my transfer into my account isn't showing up.,balance_not_updated_after_bank_transfer,6
how much does it cost to us us cards?,top_up_by_card_charge,57
i got cash and was charged a fee that shouldn't be there!,cash_withdrawal_charge,20
can i change my pin without going to a bank branch?,change_pin,22
i'd like to know what the foreign exchange rate will be.,exchange_rate,33
will this card work all over the world?,card_acceptance,11
could you please explain why i received a message that my transfer is not possible? i've never had any problems making a transfer in the past.,beneficiary_not_allowed,8
can i request a refund,request_refund,52
i got a message that my transfer was declined.,declined_transfer,28
how can i revert a transaction from this morning?,cancel_transfer,9
i didn't receive the amount of cash i requested for the atm.,wrong_amount_of_cash_received,75
is there a charge on withdrawals?,cash_withdrawal_charge,20
i require verification of my source of funds.,verify_source_of_funds,70
"i may no longer need gbp, but instead i will need aud, how can i go about making this change?",exchange_via_app,34
should i keep waiting for my card to be delivered?,card_arrival,12
i had to pay one pound more than the set price!,extra_charge_on_statement,35
how can i receive my salary with a different currency?,receiving_money,51
why did the app deny my top up?,top_up_failed,59
why did my account decline a incoming transfer,beneficiary_not_allowed,8
why is there a fee for doing a transfer?,transfer_fee_charged,64
why was the exchange rate wrong when i got cash,wrong_exchange_rate_for_cash_withdrawal,76
please explain why the funds i added were returned to my account.,top_up_reverted,61
is my new bank card on the way and is there a way to track it?,card_arrival,12
what currencies is an exchange rate calculated in?,exchange_rate,33
what do i do if i have been charged twice?,transaction_charged_twice,63
"is my card working? it's the first time i tried using it i tried to get money out of an atm, but got nothing.",declined_cash_withdrawal,27
"if i wanted to change my pin, how would i do that?",change_pin,22
i have got out the wrong amount from an atm. please tell me the process to get the cash back as in app its showing the amount i have been actually received.,wrong_amount_of_cash_received,75
"i deposited a check, but haven't received the funds for it.",balance_not_updated_after_cheque_or_cash_deposit,7
my non-physical card will not work,virtual_card_not_working,72
can i get my friends to add money to my account?,topping_up_by_card,62
why have i been charged a fee for cash withdrawal?,cash_withdrawal_charge,20
my transfer seems to be too expensive.,transfer_fee_charged,64
where can i find the verification code for the card top-up?,verify_top_up,71
i was able to find my card. how to i go about putting it into my app?,card_linking,14
my card has been lost  stolen,lost_or_stolen_card,42
can i have more than one disposable card?,disposable_card_limits,30
what are the cards and currencies that you support?,supported_cards_and_currencies,54
why was my transaction not approved?,failed_transfer,36
i need a new card because the atm took mine.,card_swallowed,19
i ordered something online a while ago and i haven't gotten it. i would like a refund.,request_refund,52
i forgot my password to get into the app!,passcode_forgotten,45
i have two of the same charges on my account!,transaction_charged_twice,63
are there any documents needed for the identity check?,verify_my_identity,69
can money be exchanged from one currency to another?,exchange_via_app,34
what are your exchange rates calculated from?,exchange_rate,33
"my latest payment was declined, i was told everything was back to working order. what happened?",declined_card_payment,26
my card was working but now it doesn't.,card_not_working,15
where is my missing cheque i deposited?,balance_not_updated_after_cheque_or_cash_deposit,7
how is my card payment still pending?,pending_card_payment,46
any charges applicable for new card?,contactless_not_working,24
"i prefer visa, can i get that instead?",visa_or_mastercard,73
where are cards available to order?,order_physical_card,44
there is a 1 fee on my account i didn't authorize,extra_charge_on_statement,35
is there a top-up limit that i have to stay under during a given period of time?,top_up_limits,60
tell me how to replace my expired card.,card_about_to_expire,10
can i use your app if i am from the eu?,country_support,25
where can i find the auto-top feature?,automatic_top_up,5
i was at an atm and it swallowed my card.,card_swallowed,19
i am paid by my employer in gbp do i need to do anything in the app to indicate this?,receiving_money,51
i got some cash out of the atm over the holiday and it seems that i've been grossly overcharged. i wouldn't have done that if i knew of these outrageous charges!,wrong_exchange_rate_for_cash_withdrawal,76
how do i link my new card?,card_linking,14
how can i fund another account with my american express?,supported_cards_and_currencies,54
can i get a physical card,order_physical_card,44
why are you charging fees on cash withdrawals? i went to withdraw some money earlier today after buying groceries. there's a fee that wasn't there before.,cash_withdrawal_charge,20
why is my refund missing in my statement?,Refund_not_showing_up,0
i see what looks like duplicate charges on account.,transaction_charged_twice,63
are there limits on auto top-up?,automatic_top_up,5
my credit card has been declined.,declined_card_payment,26
there is a payment in the app that is not mine.,card_payment_not_recognised,17
there is a withdrawal on my account i didn't make.,cash_withdrawal_not_recognised,21
my money transfer has not yet occurred,pending_transfer,49
which fiat currencies do you support?,fiat_currency_support,37
is there a fee for sending out more than one card?,getting_spare_card,40
i cannot prove my own identity.,unable_to_verify_identity,68
i tried to make a cash withdrawal and it was declined. why did this happen?,declined_cash_withdrawal,27
what card or currency can i use to pay?,supported_cards_and_currencies,54
why do you charge for transfers?,top_up_by_bank_transfer_charge,56
please explain the fee on a transfer i made.,transfer_fee_charged,64
why is there an uknown charge showing on my account?,card_payment_not_recognised,17
i received the wrong amount of cash from the atm. can you help?,wrong_amount_of_cash_received,75
how come my refund hasn't appeared on my statement?,Refund_not_showing_up,0
are there extra charges for exchanging currency?,exchange_charge,32
the exchange rate is incorrect for my payment.,card_payment_wrong_exchange_rate,18
i am not recognized by the app.,unable_to_verify_identity,68
"can you point me in the right direction of where to go to roder a disposable virtual card, i can't seem to find it.",get_disposable_virtual_card,38
why do we need to verify top-ups?,verify_top_up,71
is it possible for me to give my daughter a second card for this account?,getting_spare_card,40
are you able to explain the restrictions of the disposable cards?,disposable_card_limits,30
why have i been charged a fee for transferring money?,transfer_fee_charged,64
"for god sake, just delete my account i am sick of this",terminate_account,55
help my verify my id.,unable_to_verify_identity,68
my phone was stolen yesterday. what should i do?,lost_or_stolen_phone,43
does my top up and apple pay work together?,apple_pay_or_google_pay,3
i am missing a refund amount on my account.,Refund_not_showing_up,0
i dont recognize a charge on my card,card_payment_not_recognised,17
"hi, i was trying to use my card but it was declining by atm. i have cross checked with two different atms but i was facing the same issue. could you please check my account.",declined_cash_withdrawal,27
where is the card pin located?,get_physical_card,39
what is the price for a physical card?,order_physical_card,44
i've been waiting for over an hour for a top up to go through. how long is this supposed to take? i really need this money.,pending_top_up,48
do you offer a discount for those who perform frequent currency exchanges?,exchange_charge,32
im not sure if a seller is giving me my money back! i asked them to refund my money for the item but it's been a week now and still nothing has been given back to me. can you resolve this for me?,Refund_not_showing_up,0
i need to verify my source of funds,verify_source_of_funds,70
why was i charged a fee for my withdrawal?,cash_withdrawal_charge,20
how do you do currency exchanges?,exchange_rate,33
i haven't received my pin,get_physical_card,39
my transfer failed,failed_transfer,36
"hello. i tried doing a topup and i thought it worked, but now the money is no longer in my account. can you explain?",top_up_reverted,61
i have kids and i'm curious at what age could they start to use your service.,age_limit,2
is there an age limit?,age_limit,2
is there a way yo change my pin?,change_pin,22
i think that my card has been stolen!,lost_or_stolen_card,42
can i get a card that works in other countries like africa and indonesia?,country_support,25
"someone stole my account, there's a withdrawal but it wasn't me, can we put a stop to it please?",cash_withdrawal_not_recognised,21
where is my credit card that was to be mailed?,card_arrival,12
"when i submit a transfer, it is being declined. the information i put in has been reviewed.",declined_transfer,28
i made a payment that got charged twice instead of once.,transaction_charged_twice,63
how many days until my us transfer arrives?,transfer_timing,67
if i need to exchange currency is there an extra fee?,exchange_charge,32
how long does it take to verify a person's identity?,unable_to_verify_identity,68
help me reset the passcode.,passcode_forgotten,45
which cards and currencies are supported?,supported_cards_and_currencies,54
"i must quickly transfer something from china, and i need to know how long it will take.",transfer_timing,67
why is my balance the same after a transfer?,balance_not_updated_after_bank_transfer,6
the check i deposited yesterday isn't listed yet. isn't that pretty slow? i need to see the balance increased by that check.,balance_not_updated_after_cheque_or_cash_deposit,7
help. my account has been deducted already and the seller says they haven't received the money yet? when can they expect it?,reverted_card_payment?,53
is it possible to top up with apple pay?,apple_pay_or_google_pay,3
"i saw on the app that a cash withdrawal was completed on my account however, i did not complete it.",cash_withdrawal_not_recognised,21
i need to get some euros for my holiday. am i able to exchange some of my money?,exchange_via_app,34
how long is the wait for a money transfer to show up?,pending_transfer,49
i used this account a lot during the last month to manage my payments for my new place abroad. seems that suddenly fees have increased? shouldn't you instead reward your frequent customers instead of putting an additional fee suddenly?!,transfer_fee_charged,64
will i be charged for receiving money?,top_up_by_bank_transfer_charge,56
i don't see any change in my balance.,balance_not_updated_after_bank_transfer,6
what is the status of my refund,Refund_not_showing_up,0
there is a payment showing on my app that i didn't do. will you please cancel this payment and refund my money ?,direct_debit_payment_not_recognised,29
is there a fee for topping up by charge card?,top_up_by_card_charge,57
is there a reason my transfer failed?,failed_transfer,36
can i use a transfer to receive my transfer?,receiving_money,51
i need to do a refund,request_refund,52
how many digits identify the top-up verification code?,verify_top_up,71
why top up is not working even if i got my american express in apple bay?,apple_pay_or_google_pay,3
can i get some help activating my new card?,activate_my_card,1
what is the longest that a payment will show pending? there is one showing that has been sitting there a few days.,pending_card_payment,46
i need a physical card.,order_physical_card,44
what is the process for transferring money into my account?,transfer_into_account,65
the atm i'm standing in front of only gave me 10 pounds rather than the 30 pounds i wanted. the app shows i took out 30 pounds also. what do i need to do to fix this?,wrong_amount_of_cash_received,75
my transfer is stuck pending? how do we fix it to it goes through?,pending_transfer,49
"i attempted to top up using my card, but now the money just disappeared?",topping_up_by_card,62
remove my account immediately.,terminate_account,55
are there any charges for top ups?,top_up_by_card_charge,57
what are you exchange rates?,exchange_rate,33
how can i resolve a problem where my card won't go through at all?,card_not_working,15
"not living in same place, need to change details",edit_personal_details,31
what happens when i am charged twice?,transaction_charged_twice,63
can i get an auto top-up?,automatic_top_up,5
"can i check somewhere if there will be a fee on my payment or not? seems you are charging in some cases, what's the pattern there?",card_payment_fee_charged,16
can i auto top-up as much as i want?,automatic_top_up,5
i think my card has been used by somebody else since i was never in the little town where some transactions on this bill have come from. please stop this right away.,compromised_card,23
how much does it cost to add money,top_up_by_card_charge,57
where are cards delivered to?,order_physical_card,44
"i noticed my card payment was cancelled, can you tell me why?",reverted_card_payment?,53
i have a direct debit charge that i do not recognize,direct_debit_payment_not_recognised,29
how can i check to see where my funds come from?,verify_source_of_funds,70
why am i being charged for transferring money?,transfer_fee_charged,64
why can't you allow my beneficiary?,beneficiary_not_allowed,8
"i want to get rid of the account, and delete personal information .",terminate_account,55
"please help! i was looking at my account and saw a transaction with a seller i don't remember. is it possible for you to track the sale, because i really don't think i made a payment to them.",direct_debit_payment_not_recognised,29
there is a payment that i made that i noticed has not gone thru yet. can i ask why?,pending_card_payment,46
why won't my top up work,top_up_failed,59
my card did not work at store.,declined_card_payment,26
there are some payments with my card that i don't know where they are coming from. just checked today and it's been since a couple days as well! what to i do? can i revert this retrospectively? my card needs to be frozen immediately as well!,card_payment_not_recognised,17
i got double charged for a payment so how do i fix that?,transaction_charged_twice,63
what can i do if i lost my card?,lost_or_stolen_card,42
why has my deposit in the atm not cleared yet?,pending_cash_withdrawal,47
my card is about to expire and i need to know how much it costs and how long it takes to get a new one.,card_about_to_expire,10
i can't verify my identity.,unable_to_verify_identity,68
how can i top up my account and which currency can i use?,supported_cards_and_currencies,54
"i did a payment with my card but seem that didn't work, it's still listed as pending since a while ago. when does this actually go through?",pending_card_payment,46
"how can i get a new card asap to replace an old, soon to expire one?",card_about_to_expire,10
i wish to use my american express to put funds into my account.,supported_cards_and_currencies,54
how can i cancel a transfer?,cancel_transfer,9
"if i order a new card, how much will it be and how long will it take me to get it?",card_about_to_expire,10
is there a limit for top up?,top_up_limits,60
is there a top-up limit?,top_up_limits,60
"i need to transfer money into my account, and i don't know how to do that.",transfer_into_account,65
why is my identity not verified?,unable_to_verify_identity,68
how can i get a refund for something i just bought?,request_refund,52
why won't you let me name x as a beneficiary?,beneficiary_not_allowed,8
how can i exchange gbp for aud?,exchange_via_app,34
what is source of my money,verify_source_of_funds,70
please help. the card won't work.,card_not_working,15
is there a limit for age?,age_limit,2
what are the steps to activate my card?,activate_my_card,1
why can't i get cash from the atm?,declined_cash_withdrawal,27
help me cancel my transaction,cancel_transfer,9
why do you need to know so much about me for my account?,why_verify_identity,74
i am not able to make a purchase because there is an issue with my card,reverted_card_payment?,53
what is the limit to top-up?,top_up_limits,60
i need my card quick,card_delivery_estimate,13
i only have a card from the us is that okay?,supported_cards_and_currencies,54
after making a transfer from a uk account it's not showing up. how long do these transfers normally take for you? i want to be certain everything is all right.,balance_not_updated_after_bank_transfer,6
how can my friend give me money?,receiving_money,51
i cannot get my virtual card to work.,virtual_card_not_working,72
what steps do i have to take to activate my card?,activate_my_card,1
"a strange card payment, i do not recognize it.",card_payment_not_recognised,17
reverted top up,top_up_reverted,61
can you tell me why my card was declined?,declined_card_payment,26
"hello. how long does it usually take to transfer money to another country? i've made sure all the information is correct, but the transfer still says that it's pending.",pending_transfer,49
what is the reason that my top-up is still pending?,pending_top_up,48
a transfer was not allowed to an account.,beneficiary_not_allowed,8
"i don't find your services useful anymore, how do i delete my account?",terminate_account,55
i need to edit the personal details section of my account,edit_personal_details,31
why can't i buy cryptocurrency on the app?,beneficiary_not_allowed,8
my top up failed.,top_up_failed,59
my card must have used my card as there are some transactions that i haven't done myself..,compromised_card,23
how do i accept exchanges to eu?,fiat_currency_support,37
what currency can i use to pay for a top up?,supported_cards_and_currencies,54
can i have a friend send money directly to me?,receiving_money,51
how do i update my address?,edit_personal_details,31
"hey i am standing in front of an atm here, it only gave me 10 pounds even though i wanted to withdraw 30! seems like the app has 30 pounds, what do i do??",wrong_amount_of_cash_received,75
i was using a foreign currecy to make a payment and the applied the wrong rate.,card_payment_wrong_exchange_rate,18
i made a deposit but it is not showing up in my balance.,balance_not_updated_after_cheque_or_cash_deposit,7
is there an extra fee to exchange currencies?,exchange_charge,32
what are exchange rates based on,exchange_rate,33
is there a limit to a disposable virtual card?,disposable_card_limits,30
"do any of your machines provide cash from my home country? i don't have any money on me and i'm on holiday so i'm concerned. also, will i be charged anything to do this?",wrong_exchange_rate_for_cash_withdrawal,76
i received less cash than the amount i specified in the atm.,wrong_amount_of_cash_received,75
i think that somebody is utilizing my card without my authorization!,compromised_card,23
is there an age limit to get an account?,age_limit,2
"please help me in this, as i was unable to make any payment by my new card, it was getting declined repeatedly. i am not very happy with this incident.",declined_card_payment,26
what is the time for a transfer?,transfer_not_received_by_recipient,66
"i need help. i asked for a refund from a merchant a while ago, but i have not gotten my money back. i keep checking my account, but nothing is showing up. what should i do now?",Refund_not_showing_up,0
how do i change name?,edit_personal_details,31
the app reverted my top up,top_up_reverted,61
"i didn't get cash from an atm, but the app says i did",cash_withdrawal_not_recognised,21
is there anything i need to do since my phone was stolen?,lost_or_stolen_phone,43
will salary be received through this?,receiving_money,51
i've been trying to make a transfer and it doesn't seem to be working. 5 times what is wrong with your system?,failed_transfer,36
"i do not like this, i made a simple transfer but i have an additional charge for doing so.",transfer_fee_charged,64
estimated time arrival for transfers?,transfer_timing,67
i'm interested in learning more about disposable virtual cards.,get_disposable_virtual_card,38
i believe my exchange rate is incorrect,wrong_exchange_rate_for_cash_withdrawal,76
can the exchange rate change while i am in the process of making a withdrawal?,wrong_exchange_rate_for_cash_withdrawal,76
"when i topped up, the app reverted my funds.",top_up_reverted,61
what is a pending cash withdrawal?,pending_cash_withdrawal,47
why does my transfer keep generating an error message?,beneficiary_not_allowed,8
there was a fee charged when i paid with my card.,card_payment_fee_charged,16
do you need my birthdate?,why_verify_identity,74
the app says my transfer failed,failed_transfer,36
"instead of gbp, how do i exchange for aud?",exchange_via_app,34
can i use my account although my identity verification has yet to pass?,why_verify_identity,74
"hello i made a bank account transfer from the uk. the transfer was a couple hours ago, nothing has shown up yet. can you check to see if everything okay. please.",balance_not_updated_after_bank_transfer,6
i was declined a transfer,declined_transfer,28
my balance was not updated with my checque or cash deposit.,balance_not_updated_after_cheque_or_cash_deposit,7
i checked the exchange rate when i withdrew cash. but the actual rate that you applied was different.,wrong_exchange_rate_for_cash_withdrawal,76
show me where to order my card.,order_physical_card,44
please verify my top-up card,verify_top_up,71
how do i change my account details?,edit_personal_details,31
how do i verify the top-up card?,verify_top_up,71
can you look into why my most recent top-up is showing as pending? i thought it was supposed to be instantaneous.,pending_top_up,48
i would like a virtual card- where can i purchase one?,getting_virtual_card,41
my card payment is showing pending.,pending_card_payment,46
my top up didn't go through,top_up_failed,59
do you guys accept visa or mastercard?,visa_or_mastercard,73
what do i do if the atm didn't give me the correct amount i withdrew? i pulled out 30 pounds and the atm gave me 10 pounds.,wrong_amount_of_cash_received,75
do you have to be in the uk to get a card?,country_support,25
how much will i pay to exchange foreign currency?,exchange_charge,32
can i revive a physical card.,order_physical_card,44
i don't have my mobile device and am unable to make the payment because i forgot my details.,lost_or_stolen_phone,43
how can i activate the new card i got?,activate_my_card,1
what countries are getting support?,country_support,25
why was my card payment declined?,declined_card_payment,26
will i receive all the money sent to my account by sepa transfer?,top_up_by_bank_transfer_charge,56
"i think i was charged twice, please help!",transaction_charged_twice,63
"i need to bank account transfer from another account into this one, what is the easiest way that can be done, and what information do i need?",transfer_into_account,65
why is my cash request and the amount i received different?,wrong_amount_of_cash_received,75
how can i check on the status of my new card?,card_arrival,12
what is wrong with the exchange rate? this should have been a much higher amount of cash for that to apply.,wrong_exchange_rate_for_cash_withdrawal,76
i am having trouble proving my identity.,unable_to_verify_identity,68
i am having trouble withdrawing cash.,declined_cash_withdrawal,27
my transaction went through but i was charged a fee. why?,transfer_fee_charged,64
i need my refund,Refund_not_showing_up,0
what happens if my card payment is cancelled?,reverted_card_payment?,53
how can i get a disposable virtual card?,get_disposable_virtual_card,38
why did the disposable virtual card which i used to pay a gym subscription get denied?,virtual_card_not_working,72
i need to add my new address now that i've moved.,edit_personal_details,31
the exchange rate was wrong when i bought something outside the country.,card_payment_wrong_exchange_rate,18
"my phone was taken yesterday, is there something that i need to do?",lost_or_stolen_phone,43
i made a cash deposit going to my account but it is not there,balance_not_updated_after_cheque_or_cash_deposit,7
"i paid my rent into the wrong account, could you please pay it into the right account, it needs to be done by tomorrow.",cancel_transfer,9
"i received a refund, however i cannot see it in my account",Refund_not_showing_up,0
what do i do to verify a top-up?,verify_top_up,71
my transfer keeps failing and i just want to transfer the money can you please make it work?,failed_transfer,36
i want to know where my money comes from.,verify_source_of_funds,70
is it possible for a transaction to be cancelled?,cancel_transfer,9
i have an unknown direct debit payment on my account,direct_debit_payment_not_recognised,29
my transfer failed to process correctly. is there a reason this would happen?,failed_transfer,36
where can you deliver cards?,order_physical_card,44
is it free to send out more cards?,getting_spare_card,40
how do i add a card on to the app?,card_linking,14
mastercard is my preferred company.,visa_or_mastercard,73
i accidentally put in the wrong pin too many times and now i need to unblock it. can you assist with this?,pin_blocked,50
what is the age limit for an account?,age_limit,2
do i get charged for a top up from a european bank?,top_up_by_card_charge,57
i need a refund. this is not what i wanted.,request_refund,52
will the transfer show up in my account soon?,transfer_timing,67
"i made a mistake when sending a payment, sending it to the wrong account number with a typo - can you please cancel the transaction?",cancel_transfer,9
what do i do if i think someone has used my card?,compromised_card,23
"my card payment has been declined, why?",declined_card_payment,26
i am having problems with my contactless.,contactless_not_working,24
how do i top up my google pay?,apple_pay_or_google_pay,3
can you convert to eur?,fiat_currency_support,37
i think the bank made a mistake on the exchange rates,wrong_exchange_rate_for_cash_withdrawal,76
i tried paying with my disposable virtual card earlier but it was rejected. what can i do to fix this?,virtual_card_not_working,72
when will i get my card shipped to me?,card_delivery_estimate,13
how secure is a disposable virtual card,get_disposable_virtual_card,38
what exactly is the exchange fee?,exchange_charge,32
i got a strange cash withdrawal in my statement,cash_withdrawal_not_recognised,21
card refund is not showing up in my statement.,Refund_not_showing_up,0
hello. i'm on holiday and didn't bring any cash with me. i need to withdrawal my home currency from one of your machines. do you have any that will do this and is there a charge?,wrong_exchange_rate_for_cash_withdrawal,76
is there any way to cancel my transfer,cancel_transfer,9
why was there a fee with my cash withdrawal?,cash_withdrawal_charge,20
my phone was lost,lost_or_stolen_phone,43
is there a way to make my old card usable with the app?,card_linking,14
i want to top up my account. what payment methods are supported?,supported_cards_and_currencies,54
how to get virtual card,getting_virtual_card,41
i believe my credit card was stolen.,lost_or_stolen_card,42
i went to use my new card today and the card was repeatedly declined. i would really like to use this card and need to know what to do about it.,declined_card_payment,26
why is there a direct debit payment on my statement that i didn't do?,direct_debit_payment_not_recognised,29
why doesn't my passcode work?,passcode_forgotten,45
are virtual cards available to get?,getting_virtual_card,41
can i use this all over the world?,country_support,25
when will my new card arrive?,card_arrival,12
i did not get enough cash,wrong_amount_of_cash_received,75
can i exchange to eur?,fiat_currency_support,37
my morning transaction needs to be canceled.,cancel_transfer,9
can i create my own pin right away,get_physical_card,39
please cancel my last transaction.,cancel_transfer,9
can you assist me in acquiring a virtual card?,getting_virtual_card,41
"hey i tried to get some money out earlier but the machine didn't work. now just saw the transaction still seems in progress! can you please check what's going there, seems something is broken, i don't want to be charged for money that i haven't actually received!",pending_cash_withdrawal,47
how soon do cards arrive after i order them?,card_delivery_estimate,13
can i unblock my card using the app?,pin_blocked,50
my latest transfer seems to be missing.,balance_not_updated_after_bank_transfer,6
why wouldn't the contactless payment work when i tried to pay at the bus today?,contactless_not_working,24
can you explain your exchange rates basis?,exchange_rate,33
can you tell me why a refund i'm owed is not showing on my statement?,Refund_not_showing_up,0
i think i may have been charged 1 extra on my app. could you provide some insight as to why this may have happened?,extra_charge_on_statement,35
how do i take a block off my card?,pin_blocked,50
the card payment i attempted to make failed.,declined_card_payment,26
what currencies can i use?,supported_cards_and_currencies,54
i do i top up from my apple watch?,apple_pay_or_google_pay,3
"i am looking to get a visa credit card, what must i do to achieve this?",visa_or_mastercard,73
how do you fix my card payment?,declined_card_payment,26
the person i sent money to hasn't gotten it yet!,transfer_not_received_by_recipient,66
what does it mean if it says that my payment is pending?,pending_card_payment,46
when will my top-up process?,pending_top_up,48
how do my friends top up my account,topping_up_by_card,62
why can't i get cash out?,declined_cash_withdrawal,27
there has been a red flag on my top up.,top_up_failed,59
i am missing my refund.,Refund_not_showing_up,0
what can i use to verify my identity?,verify_my_identity,69
transfer declined.,declined_transfer,28
i want to set up an auto top-up,automatic_top_up,5
when will i get my new card?,card_arrival,12
why do i have to give you all of my identification details?,why_verify_identity,74
my cash withdrawal has not come out of my account yet.,pending_cash_withdrawal,47
how can i find the source for my available funds and money?,verify_source_of_funds,70
is there a fee that comes with transfers?,transfer_fee_charged,64
"i know i didn't make this payment showing up on my card, i don't remember this person at all.",card_payment_not_recognised,17
will this app allow me to exchange currencies?,exchange_via_app,34
i transferred some funds but i don't see it,balance_not_updated_after_bank_transfer,6
i received the wrong amount of cash.,wrong_amount_of_cash_received,75
why does my statement have an extra fee?,extra_charge_on_statement,35
why did a transfer get declined?,declined_transfer,28
why hasn't my account updated to reflect my current balance?,balance_not_updated_after_bank_transfer,6
i got less cash than what i specified for through the atm.,wrong_amount_of_cash_received,75
whats the reason for my payment being declined? it looked like everything went through ok and my account was good.,declined_card_payment,26
"i want to reset my passcode, how can i do that?",passcode_forgotten,45
how much is the charge to top up my card?,top_up_by_card_charge,57
how long does transfers take?,balance_not_updated_after_bank_transfer,6
is there a charge for physical cards,order_physical_card,44
why isn't the transferred money there?,balance_not_updated_after_bank_transfer,6
"this is urgent, i typed the wrong payment information for a payment i needed to make and have clicked send, i need to reverse the transaction immediately.",cancel_transfer,9
i would like to close my account.,terminate_account,55
why didn't my transfer get to the recipient?,transfer_not_received_by_recipient,66
why do i see a fee when i do a transfer?,transfer_fee_charged,64
where is the virtual card located?,getting_virtual_card,41
i did a payment but the app reverted it,reverted_card_payment?,53
"my transfer went through, but it seems to be caught up in a pending status. this was very important that it got done quickly, can you give me a status update on how long it will take?",pending_transfer,49
my transfer failed. help!,failed_transfer,36
i want to cancel the transaction i made earlier,cancel_transfer,9
do you know the reason for the identity check?,why_verify_identity,74
the app is showing an atm withdrawl that i didn't make.,cash_withdrawal_not_recognised,21
i got a new address and need to change my old one.,edit_personal_details,31
the exchange rate you are using is really bad.this can't be the official interbank exchange rate.,card_payment_wrong_exchange_rate,18
i want to set a new pin,change_pin,22
is it possible to open an account for my children?,age_limit,2
i wanted to know why i got an additional fee when i use my card.,card_payment_fee_charged,16
how can i get additional cards?,getting_spare_card,40
how do i change currencies to euros?,fiat_currency_support,37
"how long does it take to transfer money, my retailer is waiting",transfer_not_received_by_recipient,66
how long the card validity,card_not_working,15
my money i added isn't on my card.,top_up_failed,59
my app says i withdraw funds from my account through an atm.,cash_withdrawal_not_recognised,21
a wrong amount of cash we sent to me.,wrong_amount_of_cash_received,75
my transfer didn't work,failed_transfer,36
"why did my transfer not work, it says it was declined?",declined_transfer,28
what documentation do i need for the identity check?,verify_my_identity,69
how long does a top-up take to go through?,pending_top_up,48
when will my transfer move from pending to confirmed?,pending_transfer,49
there is a top up that has been pending for an hour and i don't know why. i was expecting it immediately and need it now!,pending_top_up,48
why did my transfer fail?,failed_transfer,36
what countries can i use my account in?,country_support,25
how long will it take to transfer from europe?,transfer_timing,67
how do i top up using my apple watch?,apple_pay_or_google_pay,3
i made a deposit and the balance hasn't been updated.,balance_not_updated_after_cheque_or_cash_deposit,7
i returned something to a store but can't see my refund.,Refund_not_showing_up,0
my money hasn't been transferred yet.,balance_not_updated_after_bank_transfer,6
do you take both visa and mastercard?,visa_or_mastercard,73
please tell me which cash machines will allow me to change my pin.,change_pin,22
"i see my top-up was canceled, but why?",top_up_reverted,61
does this card work everywhere?,card_acceptance,11
what are the limits to using disposable virtual cards?,disposable_card_limits,30
why won't cash come out of the atm?,declined_cash_withdrawal,27
how do i initiated a bank transfer to top up?,transfer_into_account,65
can you show me where to link the new card?,card_linking,14
i cannot make transactions with my virtual card.,virtual_card_not_working,72
my exchange rate looks wrong for my last payment,card_payment_wrong_exchange_rate,18
i have a payment that has not gone through yet,pending_card_payment,46
how do i open an account for my children?,age_limit,2
i checked my account today and saw that i was charged an extra pound that i did not spend.,extra_charge_on_statement,35
how long does it take to process cheque deposits?,balance_not_updated_after_cheque_or_cash_deposit,7
the atm won't give me my card back. i need it back now!,card_swallowed,19
how do i get my paycheck through this?,receiving_money,51
help! when will the card arrive at my home?,card_delivery_estimate,13
my top up isn't in my wallet.,topping_up_by_card,62
why is there a cash withdrawal i didn't make?,cash_withdrawal_not_recognised,21
how can i activate my new card?,activate_my_card,1
can you remove my account please?,terminate_account,55
"i withdrew money from an atm today, and now my account is showing a different amount than what i withdrew. i checked the amount the atm gave me, and it looks like it gave me the wrong amount of money. what is the best thin for me to do to get this fixed?",wrong_amount_of_cash_received,75
there is a pending 1 charge on my statement. i haven't purchased anything for 1. why is it on my statement?,extra_charge_on_statement,35
what are the age requirements for opening an account?,age_limit,2
i am trying to delete my account.,terminate_account,55
the app is showing a direct debit payment that i never made,direct_debit_payment_not_recognised,29
the seller of the items i bought online the other day hasn't received the eu transfer yet. how long do these usually take?,pending_transfer,49
"i was attempting to purchase a golf club off ebay yesterday, but my credit card was declined. i tried multiple times, and again this morning. can you check into my card please?",declined_transfer,28
why is there a payment showing twice?,transaction_charged_twice,63
why is checking my identity important?,why_verify_identity,74
what is the function of the identity check,why_verify_identity,74
i am travelling for two more weeks but really need to change my pin asap. what do i do?,change_pin,22
can you tell my why my funds transfer did not work properly?,failed_transfer,36
how can i unlock the pin?,pin_blocked,50
"this morning i wanted to make a withdrawal before work, but my card was declined! please double check it for me as this is the first time it was declined.",declined_cash_withdrawal,27
why hasn't my payment gone through?,pending_card_payment,46
"what, if any, is the limit for auto top-up?",automatic_top_up,5
is there a fee to exchange foreign money?,exchange_charge,32
"i have the cash already, my account still shows up as pending. how can my account be still pending?",pending_cash_withdrawal,47
i made a card payment and a fee is showing up?,card_payment_fee_charged,16
why have i not got my new card?,card_arrival,12
i can't seem to figure out why my transfers are getting declined.,declined_transfer,28
"after i make a payment, how long will it be before it transitions from pending to complete?",pending_card_payment,46
why was my cash withdrawal given the wrong exchange rate?,wrong_exchange_rate_for_cash_withdrawal,76
i need a new pin number.,pin_blocked,50
can you tell me more info about virtual disposable cards?,get_disposable_virtual_card,38
what are the auto top-up policies?,automatic_top_up,5
i used an atm and wanted to know why i was charged an extra fee.,cash_withdrawal_charge,20
after trying to update my account balance yesterday by cheque it doesn't seem to working. shouldn't the process be quicker? i need my account looked at because there appears to be a problem.,balance_not_updated_after_cheque_or_cash_deposit,7
"it's been over a month and i still haven't received my goods! i ordered a pencil for crying out loud, it's not that hard to deliver that! i'm done with these people, give me a refund immediately! i'll search for my japanese exclusive pencil elsewhere!",request_refund,52
how can my account have money transferred into it?,transfer_into_account,65
what is the fastest that i can make a transfer?,transfer_timing,67
is there a way to reset my pin?,pin_blocked,50
"what's a pending transaction? my card was declined at an atm, but my account says it's still pending. can i cancel the payment?",pending_cash_withdrawal,47
can i reactivate my pin?,pin_blocked,50
i've been waiting for a refund where is it?,Refund_not_showing_up,0
my card hasn't arrived in the mail yet. i ordered it two weeks ago. what can i do?,card_arrival,12
my transfer was declined,declined_transfer,28
for some reason my card payment didn't work,declined_card_payment,26
what steps do i need to take for the identity checking process?,verify_my_identity,69
i really need to know how to change my pin.,change_pin,22
"how to delete account, not happy",terminate_account,55
please give me a mastercard instead.,visa_or_mastercard,73
can i change from one currency to another?,exchange_via_app,34
i am unable to prove my identity,unable_to_verify_identity,68
still waiting for transfer to be completed.,transfer_not_received_by_recipient,66
"my pin is unlocked, what do i do?",pin_blocked,50
why is there a service fee on my statement?,extra_charge_on_statement,35
do you know the process how to activate my card?,activate_my_card,1
who accepts my card?,card_acceptance,11
just today there was a purchase on my card that wasn't done by me. can this be reversed and my card be frozen? i can't have this continue!,card_payment_not_recognised,17
i lost my phone. can i disable to app?,lost_or_stolen_phone,43
i need a new passcode.,passcode_forgotten,45
how long until transfers complete?,pending_transfer,49
how to get a new card in china,card_about_to_expire,10
tell me why there is an extra charge when i used an atm?,cash_withdrawal_charge,20
i need help with activating my card,activate_my_card,1
what us cards do you accept? i only have 1 other.,supported_cards_and_currencies,54
the card has suffered a security breach.,compromised_card,23
it's requiring me to verify my identity?,why_verify_identity,74
are there top up charges for us cards?,top_up_by_card_charge,57
why do you need to perform identity verification?,why_verify_identity,74
how many top-ups can i use?,top_up_limits,60
does it cost anyting to get my own card?,order_physical_card,44
what is the status of my card's delivery?,card_arrival,12
my credit card was declined for top-up. can you see if there is enough funds in my account?,top_up_failed,59
what does a pending cash withdrawal mean?,pending_cash_withdrawal,47
how does a disposable virtual card work?,get_disposable_virtual_card,38
i would like to move money from one account to another to top off my account. can you explain how i can do that?,transfer_into_account,65
i need some help linking my new card.,card_linking,14
i noticed my transfer was declined.,declined_transfer,28
what is the main reason of this problem,card_not_working,15
"i purchased something while traveling, and the exchange rate applied was wrong.",card_payment_wrong_exchange_rate,18
what currencies can i receive my salary in with this?,receiving_money,51
i noticed that there's a payment on my card that's pending.,pending_card_payment,46
how often can i top up?,top_up_limits,60
the app does not recognize who i am.,unable_to_verify_identity,68
what do i need to bring for identification?,unable_to_verify_identity,68
my top up is not showing up in my wallet!,topping_up_by_card,62
"i bought something, but the exchange rate looks wrong.",card_payment_wrong_exchange_rate,18
i need my card as quick as possible,card_delivery_estimate,13
is there a fee for paying by card?,card_payment_fee_charged,16
help me. there is a direct debit that i didn't make.,direct_debit_payment_not_recognised,29
can i have a new card shipped to china?,card_about_to_expire,10
please delete account,terminate_account,55
i really need to top-up my card today urgently but my card keeps getting declined!! can you please help me with this problem or let me know if you have any alternatives,top_up_failed,59
is it possible to give a second card for this account to my daughter?,getting_spare_card,40
where do i locate topping up with cash.,top_up_by_cash_or_cheque,58
how long does it take for a new card to ship?,card_arrival,12
my card has been compromised. i see a bunch of online shopping charges that i didn't make. i need to freeze it immediately.,compromised_card,23
where can i locate my card pin?,get_physical_card,39
my topping up didn't go through.,top_up_failed,59
what is taking so long with my refund?,Refund_not_showing_up,0
how do i activate my new card i just got?,activate_my_card,1
what are the restrictions to top-offs?,top_up_limits,60
how long until i see a cash withdrawal?,pending_cash_withdrawal,47
i need assistance completing a transfer. i'm trying to purchase a flat and need the money for the initial mortgage payment. i keep getting an error and the transfer is not going through. what is going on here?,failed_transfer,36
i recently purchased something and the seller says my money has not arrived yet. it was in eu's. how long does this take?,pending_transfer,49
i received a returned payment that i made.,reverted_card_payment?,53
does the card you sent have a way to track to it?,card_arrival,12
got only 20 when i tried to withdraw 100.,wrong_amount_of_cash_received,75
"my transfer did not work, what was the reason?",failed_transfer,36
why is there an extra fee charged?,extra_charge_on_statement,35
my statement has a payment that i do not recall making,card_payment_not_recognised,17
is there currency exchange on this app?,exchange_via_app,34
why did you charge me for taking out cash?,cash_withdrawal_charge,20
where is the transfer to my account that i made?,balance_not_updated_after_bank_transfer,6
i completed a transfer that isn't showing up on my account.,balance_not_updated_after_bank_transfer,6
why am i being charged for transfers? are they not free?,transfer_fee_charged,64
i would like to revert a transaction i did this morning,cancel_transfer,9
what are the steps to finishing up with this account?,terminate_account,55
what do i do if a transaction shows up twice?,transaction_charged_twice,63
someone stole my wallet with my card in it while vacationing in spain. i really need my card blocked and a new one ordered.,lost_or_stolen_card,42
"hello, what is a virtual card and how do i get one?",getting_virtual_card,41
the cash i deposited using the atm is still pending,pending_cash_withdrawal,47
do i need to verify my top-up card?,verify_top_up,71
i can't get cash from the atm!,declined_cash_withdrawal,27
"if my card payment is cancelled, what should i do?",reverted_card_payment?,53
you promised no fees but now i've got one. what the hell!?,card_payment_fee_charged,16
"i had everything lined up to make a transfer, and then it rejected it.",declined_transfer,28
i thought transfers were free. why was i charged to transfer?,transfer_fee_charged,64
"did you lose my money? i had added funds through top-up not long ago and i know they were in my account, but they seem to have disappeared. what happened?",top_up_reverted,61
"new customer and filling gas for the first time today, not working,",pending_top_up,48
i am trying to transfer money and something is going wrong.,failed_transfer,36
my contactless is not working,contactless_not_working,24
what currencies do you do exchanges for?,fiat_currency_support,37
tell me how to cancel a transfer.,cancel_transfer,9
can you tell me why my top-up was canceled?,top_up_reverted,61
are there any restrictions on where i use this card?,card_acceptance,11
atm is broken. it did not give me the full amount 30 pounds. i'm standing here with only 10 pounds and it's telling me it gave me 30 pounds. i need assistance now!,wrong_amount_of_cash_received,75
why did my transfer decline,declined_transfer,28
"how long does an international transfer take? i made the transfer from france 2 days ago, but it is not showing up in my bank yet.",balance_not_updated_after_bank_transfer,6
do you charge a fee on currency exchange?,exchange_charge,32
"i was checking the app for my account and i noticed there is an authorized charge on it. i haven't used my card today, so i know i didn't do it. i would like the transaction reversed and the money replaced.",direct_debit_payment_not_recognised,29
why hasn't the transaction i did to my friend arrived yet?,transfer_not_received_by_recipient,66
you did not apply the correct exchange rate for an item that i bought.,card_payment_wrong_exchange_rate,18
i was declined when trying to withdrawal cash!,declined_cash_withdrawal,27
what if my top up didn't work?,top_up_failed,59
how can i check the exchange rate applied to my transaction?,card_payment_wrong_exchange_rate,18
i want to use my account before identity verification,why_verify_identity,74
i am trying to make a transfer to a different account but they keep getting declined. i have double checked all the details and the information is correct.,declined_transfer,28
do i have to do an identity check?,why_verify_identity,74
"my phone was stolen yesterday, can you help me with this?",lost_or_stolen_phone,43
i live in portugal. do you operate here?,country_support,25
what countries do you currently do business in?,country_support,25
my account did not allow the transfer.,beneficiary_not_allowed,8
can i get my card expedited?,card_delivery_estimate,13
is there a top up fee?,top_up_by_bank_transfer_charge,56
what is going on? my top-up is still pending. i use your system all the time but now it is just showing as pending.,pending_top_up,48
if i found a lost card can i put it back in app,card_linking,14
what should i do to get transactions off of my account if i didn't make them? my card must have been compromised and i need to freeze it asap!,card_payment_not_recognised,17
my top up did not go through yet.,pending_top_up,48
can you help me sign up for a virtual card?,getting_virtual_card,41
why has a transaction to a friend been delayed?,transfer_not_received_by_recipient,66
do you issue cards for someone living in the us?,country_support,25
do i need to replace my card if it didn't work when i tried to pay contactless at the shop today?,contactless_not_working,24
"i tried topping up using my card, but the money is gone?",topping_up_by_card,62
what is needed for identity verification?,verify_my_identity,69
i was just contacted by a seller that let me know they didn't get my money even though i'm very sure it was removed from my account. now it's back in my account. get this resolved quickly.,reverted_card_payment?,53
i do not think the pop up went through yet.,pending_top_up,48
i need to do a card activation.,activate_my_card,1
help me create several temp cards every day.,disposable_card_limits,30
tell me which cards and what currency is supported.,supported_cards_and_currencies,54
i wasn't able to do a transfer to an account,beneficiary_not_allowed,8
the atm is declining my card. i tried at two different atms. can you tell me if there's anything wrong with my account?,declined_cash_withdrawal,27
i haven't received my card and am worried it is lost.,card_arrival,12
please tell me what this direct debit in my statement is,direct_debit_payment_not_recognised,29
can i track when my card will be delivered?,card_arrival,12
why did you revert my top-up?,top_up_reverted,61
top up did not work on the app.,top_up_failed,59
i did a payment but it was reverted by the app,reverted_card_payment?,53
how long does it take for a top up to be approved?,pending_top_up,48
what is the 1 transaction on my account?,extra_charge_on_statement,35
"it seems like i have been waiting forever for this international transfer. why is it taking so long? c'mon, it's 2018, things happen at a click of a button. all of the account information is correct, so how long will this take?",pending_transfer,49
i can't see my cash deposit in my account.,balance_not_updated_after_cheque_or_cash_deposit,7
i made a withdraw from the atm this past holiday and it seems like a was charged too much. if i would have known about these charges i wouldn't have made a withdraw.,wrong_exchange_rate_for_cash_withdrawal,76
why is there a direct debit payment on my app that is not from me?,direct_debit_payment_not_recognised,29
why haven't i received my new card yet?,card_arrival,12
my statement has not shown my refund.,Refund_not_showing_up,0
what does it mean if my cash withdrawal is pending?,pending_cash_withdrawal,47
what does it mean when a transfer is pending?,pending_transfer,49
where is the cash deposit i made?,balance_not_updated_after_cheque_or_cash_deposit,7
can i top up with a cheque?,top_up_by_cash_or_cheque,58
what do i need to do to correct this failed transfer?,failed_transfer,36
how do i locate my card?,card_arrival,12
is it really necessary to verify my identity?,why_verify_identity,74
am i able to use apple pay?,apple_pay_or_google_pay,3
how can i top up with cash?,top_up_by_cash_or_cheque,58
"there's a 1 fee on my statement, why?",extra_charge_on_statement,35
do you charge extra for topping up with a debit or credit card?,top_up_by_card_charge,57
why did the top-up fail?,top_up_failed,59
why is there an identify check?,why_verify_identity,74
am i allowed to hold money in multiple currencies?,fiat_currency_support,37
can i have a card to my daughter?,getting_spare_card,40
"i tried again to top up my card after doing it a couple days ago when it had worked. now, it doesn't seem to be working. can you tell me what the deal is here please?",top_up_failed,59
a pending charge of 1l appears on my statement. please explain as i have not made a purchase for that amount,extra_charge_on_statement,35
where is this card accepted?,card_acceptance,11
there is a cash withdrawal in my account that isn't mine.,cash_withdrawal_not_recognised,21
the funds i transferred are not in my account,balance_not_updated_after_bank_transfer,6
i was charged an extra dollar on my account and would like to know the reason.,extra_charge_on_statement,35
how do i authenticate a top-up card?,verify_top_up,71
how to a go about ordering a disposable virtual card?,get_disposable_virtual_card,38
the balance on my account didnt change when i transferred money,balance_not_updated_after_bank_transfer,6
i want to change my personal details.,edit_personal_details,31
i don't think i should have been charged a fee to use my card.,card_payment_fee_charged,16
please assist me with activation.,activate_my_card,1
i noticed that there is a withdrawal in the app that is not mine.,cash_withdrawal_not_recognised,21
"i really need money from my card today, but my card is getting declined. please help!!",top_up_failed,59
my app says that i received cash from an atm and i didn't.,cash_withdrawal_not_recognised,21
why is the top-up i made still pending.,pending_top_up,48
i'm not sure how to provide my identity.,unable_to_verify_identity,68
when i exchanged currencies the value of my money changed.,wrong_exchange_rate_for_cash_withdrawal,76
"i am from the eu, can i sign up?",country_support,25
is my salary eligible for this?,receiving_money,51
can you tell me why my credit card was declined while trying to top-up?,top_up_failed,59
i lost my card,lost_or_stolen_card,42
i can't get the atm to give me any cash,declined_cash_withdrawal,27
visa and mastercard can both be received from you?,visa_or_mastercard,73
do you know when the withdrawal will show?,pending_cash_withdrawal,47
i think someone else is using my card.,compromised_card,23
why do i still have a pending cash withdrawal?,pending_cash_withdrawal,47
do i need to choose gbp to get my salary deposited properly?,receiving_money,51
is there any cost to change foreign money to local?,exchange_charge,32
what do i do to get a disposable virtual card?,get_disposable_virtual_card,38
"in a month, my card will reach its expiration date, am i required to request the next card?",card_about_to_expire,10
what fiat currencies do you allow exchange with?,fiat_currency_support,37
please help me! my physical card isn't working right.,card_not_working,15
can i update my details?,edit_personal_details,31
can i see where my money is being transferred from?,verify_source_of_funds,70
can you please check my uk account to make sure everything went alright? i made the transfer a couple of hours ago.,balance_not_updated_after_bank_transfer,6
how much do you charge to top up us cards?,top_up_by_card_charge,57
what should i do if my card doesn't work?,card_not_working,15
can i get a virtual card,get_disposable_virtual_card,38
can you tell me my code to get into the app?,passcode_forgotten,45
"i was charged a fee for the transfer, but can you tell me why?",transfer_fee_charged,64
my money transfer hasn't appeared yet.,pending_transfer,49
why would there be an extra charge on my app?,extra_charge_on_statement,35
how long does it actually take my card payment to make it to the account? i've made a payment a couple of days ago but it hasn't moved since.,pending_card_payment,46
i would like to link my card to my account.,card_linking,14
i need to transfer to my account and cant.,beneficiary_not_allowed,8
please explain how disposable virtual card work.,get_disposable_virtual_card,38
why is my identity not being verified?,unable_to_verify_identity,68
i was getting some cash out of the atm but it cancelled on me without warning.,declined_cash_withdrawal,27
do you offer auto top ups?,automatic_top_up,5
can i see that history on my funds and where they came from?,verify_source_of_funds,70
can you please check why i am having this extra fee on my statement.,extra_charge_on_statement,35
i live in the eu. can i order one of your cards?,country_support,25
i am suppose to be getting a refund from something i purchased but it hasn't showed up in my account.,Refund_not_showing_up,0
is there a limit to using a disposable virtual card?,disposable_card_limits,30
i cannot use my card.,card_not_working,15
do you know what the restriction of the disposable cards are?,disposable_card_limits,30
i tried activating my card and it doesn't work how do i solve this problem?,activate_my_card,1
what is the process of card activation?,activate_my_card,1
there has been a charge pending on my account statement that i can't figue out it's for a dollar.,extra_charge_on_statement,35
what reasons would cause my card payment to be cancelled?,reverted_card_payment?,53
"hello, my transfers are getting failed continuously, in spite of the fact that all the recipient details are correct. please advise.",declined_transfer,28
please delete my account right now!,terminate_account,55
who can top up my accounts?,topping_up_by_card,62
what is the best way to exchange currency between usd and gbp using your app?,exchange_via_app,34
"i cannot remember my passcode, is there a way to retrieve it?",passcode_forgotten,45
can i top up any amount?,top_up_limits,60
"i got some cash of an atm earlier but this shows up as pending in the app. how can this be still pending, i've got the cash already?",pending_cash_withdrawal,47
is there an allowance on cards?,card_payment_fee_charged,16
"while i was drunk, i goofed my pin number and your machine ate my card. how can i get it back?",pin_blocked,50
what should i do if my card is stolen?,lost_or_stolen_card,42
i lost my phone and need help protecting it.,lost_or_stolen_phone,43
can you find out why my credit card didn't process payment? it was declined for top up so what's the deal?,top_up_failed,59
"i wanted to buy something online yesterday, but i could not because the card got declined on the day of and the following day. what is wrong with the card?",declined_transfer,28
"my transfer was declined, why is that?",declined_transfer,28
"i tried to take out some money from an atm earlier today and it was declined. looking on my screen now, i still see that it's pending for that amount. i didn't actually get that money, so i don't want it processed on my account.",pending_cash_withdrawal,47
dont understand why transfer failed,failed_transfer,36
what is needed to activate my card?,activate_my_card,1
what currencies are available for my use in holding and exchange?,fiat_currency_support,37
i can't find my card! what should i do?,lost_or_stolen_card,42
what is your currency exchange fee?,exchange_charge,32
tried using my atm card earlier at one of your locations for the first time. it didn't work. what is going on?,declined_cash_withdrawal,27
since when were there charges for taking out cash from my account? it's always been free for me to do this before. how much are the charges going to be?,cash_withdrawal_charge,20
there is a refund missing.,Refund_not_showing_up,0
how do i re-order a damaged card?,card_not_working,15
i need a number of disposable cards everyday.,disposable_card_limits,30
do i need to go to a physical bank to change my pin?,change_pin,22
"i had a seller reach out to me saying my money didn't come through to them, but i'm sure it was removed from my account. can you figure out what the deal is here?",reverted_card_payment?,53
how long do i wait for my pin,get_physical_card,39
i bought some things this morning but the payment shows that it is pending,pending_card_payment,46
the wrong exchange rate applied to my cash withdrawal.,wrong_exchange_rate_for_cash_withdrawal,76
i can't remember what my password is,passcode_forgotten,45
what fees apply when using a card?,card_payment_fee_charged,16
how would i go about getting a physical card to use in stores?,order_physical_card,44
are there any hidden extra fees for currency exchanges?,exchange_charge,32
why do i have a charge for an atm withdrawal? i thought these were free?,cash_withdrawal_charge,20
the atm at metro bank on high st. kensington swallowed my card. how do i get it back?,card_swallowed,19
i need you to cancel a transfer that i made. it is the wrong account number and the app won't let me stop the transaction. please stop it!,cancel_transfer,9
how much are the rates of exchange?,exchange_rate,33
it is common for an international transfer to take 2 days or longer? i made a transfer from france 2 days ago and i have not seen it yet.,balance_not_updated_after_bank_transfer,6
i think my card payment was reverted,reverted_card_payment?,53
who do i talk to about the atm swallowing my card?,card_swallowed,19
"if i need to do a quick transfer from china, how long should i expect the transfer to take?",transfer_timing,67
can i open an account for my offspring?,age_limit,2
may i have a visa and a mastercard from you.,visa_or_mastercard,73
why has my top up not gone through yet?,pending_top_up,48
why hasn't my friend received the money i sent them yet?,transfer_not_received_by_recipient,66
"there must be an issue, why has my card been cancelled?",reverted_card_payment?,53
"i'd like to get a visa card, please.",visa_or_mastercard,73
i transferred money from one account to another account and i charged a fee for it. why is that?,transfer_fee_charged,64
how do i change my last name?,edit_personal_details,31
how long will my top-up stay pending?,pending_top_up,48
my payments from my virtual card keep getting rejected.,virtual_card_not_working,72
why did using an atm cause me to be charged an additional fee?,cash_withdrawal_charge,20
can i use my card for payment all over the world?,card_acceptance,11
i can't upload my identification.,unable_to_verify_identity,68
i dont have a pin,get_physical_card,39
i couldn't get the money i needed.,wrong_amount_of_cash_received,75
i want a refund on this.,request_refund,52
what proof of identification is needed?,verify_my_identity,69
why am i charged a fee when using my debit or credit card?,card_payment_fee_charged,16
i lost my wallet today with all my credit cards. will you please block the card and send a replacement?,lost_or_stolen_card,42
my contactless stopped working today no matter where i try to use it. how do i get it to start working again?,contactless_not_working,24
can i use google pay to top up?,apple_pay_or_google_pay,3
when will the money be made available in my account?,transfer_timing,67
"i am unable to activate my card, it won't let me.",activate_my_card,1
what are the currencies that are accepted to add money?,supported_cards_and_currencies,54
is it possible to reactivate the card i thought i lost but found this morning in my jacket?,card_linking,14
why did my top-up not work?,top_up_failed,59
can i use a check to top up?,top_up_by_cash_or_cheque,58
can i still access the app even though my phone was stolen?,lost_or_stolen_phone,43
where is this money from,verify_source_of_funds,70
"my recent transfer needs to be cancelled immediately it was a mistake, please can you cancel it before it goes through?",cancel_transfer,9
was there a problem with topping up?,top_up_failed,59
where is my card?,card_arrival,12
"i'm going to be away for awhile, can i have it add money automatically in certain intervals?",automatic_top_up,5
what is the closest atm?,atm_support,4
i want to delete my account.,terminate_account,55
how do i send my account money through transfer?,transfer_into_account,65
i could not get the cash i wanted,wrong_amount_of_cash_received,75
a direct debit payment i didn't do shows in my app,direct_debit_payment_not_recognised,29
my disposable virtual card has been rejected by the merchant earlier today. what should i do?,virtual_card_not_working,72
how long does it take to make an urgent transfer from china?,transfer_timing,67
there is a transaction for 1 and i don't know why it was charged.,extra_charge_on_statement,35
hi. i'm a new customer to your system and i think something isn't working right - or maybe it is. maybe you can confirm. i tried to top up today my first time ever and it's been stuck at pending for over an hour now. is it supposed to do this or is there something wrong in the system?,pending_top_up,48
i was charged for something i didn't expect,transfer_fee_charged,64
i'm getting concerned here. i sent a friend some money and she isn't seeing it. what's going on?,transfer_not_received_by_recipient,66
my card payment might have been reverted.,reverted_card_payment?,53
how fast can you deliver?,card_delivery_estimate,13
when will my card be activated?,activate_my_card,1
can i top-up by cheque?,top_up_by_cash_or_cheque,58
my card is stuck in the atm?,card_swallowed,19
"i needed money for a night out with the girls but i was declined, why?",declined_cash_withdrawal,27
what are the requirements to open an account for a minor?,age_limit,2
i need to change my personal details in my account.,edit_personal_details,31
this transfer incurred a fee that i don't think is right.,transfer_fee_charged,64
beneficiary transfer problems?,beneficiary_not_allowed,8
give me a refund now!! i am still waiting.,Refund_not_showing_up,0
how do i fix a payment that was reverted,reverted_card_payment?,53
i live in the us can i still get a card?,country_support,25
how do i get selected for a visa card?,visa_or_mastercard,73
i need to make a transfer but it keeps getting declined i need help!,declined_transfer,28
what kind of atms would this card be accepted at?,atm_support,4
what do i do if my card is about to expire?,card_about_to_expire,10
can i set up an automatic top-up for travel.,automatic_top_up,5
can you tell me where to go to get a disposable virtual card?,get_disposable_virtual_card,38
my cash deposit from a week ago hasn't shown up. i need the money - how quickly can you sort this out?,balance_not_updated_after_cheque_or_cash_deposit,7
how does a virtual card work,get_disposable_virtual_card,38
do you accept visa or mastercard?,visa_or_mastercard,73
the rate applied to my purchase in a foreign currency was wrong.,card_payment_wrong_exchange_rate,18
the app is showing a cash withdrawal that i didn't make.,cash_withdrawal_not_recognised,21
my salary is in gbp - what should i do?,receiving_money,51
can i use this app to exchange between dollars and pounds?,exchange_via_app,34
someone else used my card to withdraw cash from an atm,cash_withdrawal_not_recognised,21
my card needs to be activated asap,activate_my_card,1
i can't find any option to top up with a cheque?,top_up_by_cash_or_cheque,58
where can i modify my information?,edit_personal_details,31
is there a reason for my top up to be cancelled?,top_up_reverted,61
how can i get my physical card to work?,card_not_working,15
is it possible to get a second card for my daughter?,getting_spare_card,40
how much does a transfer cost?,top_up_by_bank_transfer_charge,56
how is my money transferred to the account,transfer_into_account,65
do you accept us credit cards?,supported_cards_and_currencies,54
my account balance has not gone up even though i just transferred money into it,balance_not_updated_after_bank_transfer,6
i attempted to get money in cash but it was refused!,declined_cash_withdrawal,27
can you tell me how do i get a card?,order_physical_card,44
what is the verification code on a top-up?,verify_top_up,71
i live in the us but want to get a card,country_support,25
how much does it cost to get a new card? mine is almost expired. how fast does it come?,card_about_to_expire,10
how do i use contactless pay?,contactless_not_working,24
what happens if a merchant doesn't accept a payment?,reverted_card_payment?,53
what should i do if someone else used my card?,compromised_card,23
what methods can i use to add money to my account?,transfer_into_account,65
"hey, i tried to withdraw some cash earlier and it's saying it's pending? will i be charged for this?",pending_cash_withdrawal,47
why isn't my id verifying?,unable_to_verify_identity,68
i have a transfer that was approved that i'm urgently waiting for. how long am i supposed to wait for it?,pending_transfer,49
how do i go forth on holding money in multiple currencies?,fiat_currency_support,37
my top-up seems to be pending for a long time?,pending_top_up,48
i attempted to get cash in the atm but it was not authorized,declined_cash_withdrawal,27
i was charged a fee for using my card. can i check that in any way? it seems like there are occasions that i am charge for fees. can you elaborate this?,card_payment_fee_charged,16
i entered a wrong pin too many times. how can i fix this?,pin_blocked,50
do you have an auto top-up option?,automatic_top_up,5
my first choice would be mastercard.,visa_or_mastercard,73
i can't recall my passcode and need to reset it.,passcode_forgotten,45
where are my funds being sourced from?,verify_source_of_funds,70
"i thought i can make transfers for free, this is not fair. i bought something online from abroad and there was some weird additional fee that i've never seen before?",transfer_fee_charged,64
i would like to know how i can verify my identity.,verify_my_identity,69
what happens when i money transaction doesn't show up on the receiving side?,transfer_not_received_by_recipient,66
can i use my card no matter where i go?,card_acceptance,11
where is the cash from my cheque i recently deposited?,balance_not_updated_after_cheque_or_cash_deposit,7
i tried doing an in country transfer earlier this week. i thought it would be there by now but i still don't see the money. can you check the status on my transfer?,transfer_not_received_by_recipient,66
"salary in gbp has been received, does it need to be configured elsewhere?",receiving_money,51
"i accidentally entered in my retailers information, what should i do next",transfer_not_received_by_recipient,66
i have an unauthorized charge.,direct_debit_payment_not_recognised,29
"i do not understand why there is a pending 1 charge on my statement, i do not recall making this transaction. can you please tell me what this is about?",extra_charge_on_statement,35
payment i didn't do.,card_payment_not_recognised,17
why does my transfer say pending?,pending_transfer,49
do all atms take this card?,atm_support,4
my top-up has not posted.,pending_top_up,48
i can't get my actual card to work,card_not_working,15
there are some card payments that i haven't done myself. what is going on with my card and does somebody else have access to my card?,card_payment_not_recognised,17
i made a mistake and performed a transaction on the wrong account!,cancel_transfer,9
i didn't make a payment that shows in my app.,card_payment_not_recognised,17
do you have a limit for someone's age?,age_limit,2
can i use this app to exchange currencies?,exchange_via_app,34
how are the exchange rates for transfers calculated?,exchange_rate,33
"i want to reactivate my card, i thought i had lost it but found it again this morning.",card_linking,14
what should i do if i think someone is using my card without my permission?,compromised_card,23
is there a fee to get an actual card?,order_physical_card,44
"hi, is everything in good standing with my card? i am receiving multiple decline messages.",declined_card_payment,26
i was made to pay a fee for making a transaction with card.,card_payment_fee_charged,16
how come the money from the merchant appeared back into my account?,reverted_card_payment?,53
how long does it take to get money from europe?,transfer_timing,67
why is my top up failing,top_up_failed,59
money that i have transferred hasn't arrived yet,balance_not_updated_after_bank_transfer,6
"transfers may show up as pending for up to one business day while they are processed, and then they'll depart for the beneficiary accounts. please confirm that you have correctly entered your account details. sepa transfers typically take up to two working days, while swift transfers can take up to five working days.",pending_transfer,49
this isn't fair! i thought transfers could be made for free. i just made a purchase online from abroad and now see some strange fee that i've never seen before.,transfer_fee_charged,64
"hi i'm a new customer and tried topping up for the first time today, seems it's not working, the thing shows up as pending since half an hour already! please fix it!",pending_top_up,48
my payment has an incorrect exchange rate.,card_payment_wrong_exchange_rate,18
how long is the delivery time to the us?,card_delivery_estimate,13
there's a cash withdraw on my statement that i didn't make.,cash_withdrawal_not_recognised,21
my card is not working.,card_not_working,15
on what do you base your exchange rates?,exchange_rate,33
please specify any limitations that come along with disposable cards.,disposable_card_limits,30
can you tell me why you won't let me get my own money out of the money machine? i know i used the right pin.,declined_cash_withdrawal,27
the atm gave me the wrong amount of cash today when i went to withdraw. the app says it was more.,wrong_amount_of_cash_received,75
do i need any kind of proof for the identity check?,verify_my_identity,69
how much are you going to charge me if i top up my us card?,top_up_by_card_charge,57
how do i retrieve my passcode?,passcode_forgotten,45
for some reason my contactless won't work for me.,contactless_not_working,24
how can i edit my personal details?,edit_personal_details,31
why do i have a failed transfer,failed_transfer,36
which atms accept this card?,atm_support,4
i got double charged!,transaction_charged_twice,63
my transfer didn't complete. why can't i access funds?,failed_transfer,36
there is a strange charge on my debit statement,direct_debit_payment_not_recognised,29
how many tries do i have to enter my pin before i'm blocked?,pin_blocked,50
shouldn't my new card be here by now?,card_arrival,12
can you help me figure out what is going on with a debit payment that is showing up on my account i am not sure is suppose to be there.,direct_debit_payment_not_recognised,29
are there any restrictions on the disposable cards?,disposable_card_limits,30
"i have not used my card all day, however, there is an unusual payment showing in my app. i would like to have that amount reimbursed.",direct_debit_payment_not_recognised,29
i would like to know how exchange rates are calculated when transferring funds.,exchange_rate,33
why didn't my transfer go through?,failed_transfer,36
i want to get a card but i live in the us,country_support,25
why did i get a message saying that my transfer is not possible? i have done this before no problem. please fix.,beneficiary_not_allowed,8
"i just got my new card, how do i activate it?",activate_my_card,1
is my pin sent separably?,get_physical_card,39
how come i was charged a transaction of 1?,extra_charge_on_statement,35
why are my transfers getting declined? i havent had a problem in the past.,declined_transfer,28
i want to have multiple currencies in my account if possible.,fiat_currency_support,37
i'd like more information about choosing a visa or mastercard.,visa_or_mastercard,73
how do i know which countries you provide service in?,country_support,25
want to get a new card in china,card_about_to_expire,10
can we skip verifying?,why_verify_identity,74
would i get a visa or mastercard?,visa_or_mastercard,73
i am unable to get cash from the atm,declined_cash_withdrawal,27
how do i get a pin?,get_physical_card,39
i want to inactivate my account.,terminate_account,55
i tried taking out 30 pounds from the atm just now and it only gave me 10. why would it do that? i need the 30 pounds now!,wrong_amount_of_cash_received,75
how long do i wait for a transfer from the united states?,transfer_timing,67
i need my card as soon as possible.,card_delivery_estimate,13
what is the reason for the fee charge on my transfer?,transfer_fee_charged,64
what do i need to do to get my new card which i have requested 2 weeks ago?,card_arrival,12
is the 1 pound charge i can see an error or an incorrect entry?,extra_charge_on_statement,35
"my card's frozen, what can i do?",pin_blocked,50
can i auto top up multiple times?,automatic_top_up,5
how do i get a new expiration date?,card_about_to_expire,10
"i have not received my card and it's been a week, what do i do?",card_arrival,12
when does my balance update for a transfer,balance_not_updated_after_bank_transfer,6
can i use my account even though the identity verification has not passed yet?,why_verify_identity,74
can i use my card anywhere i want?,card_acceptance,11
the app does not know it is me.,unable_to_verify_identity,68
"my card is expiring shortly. how much will it cost for a replacement, and how soon can i get it?",card_about_to_expire,10
do you charge for transfers?,top_up_by_bank_transfer_charge,56
if there isn't much money left can it automatically top-up?,automatic_top_up,5
"i'm trying to verify my top up card, how do i do that?",verify_top_up,71
"please, activate my card",activate_my_card,1
is it possible to obtain both a visa and a mastercard from you?,visa_or_mastercard,73
"i wanted to use my card contactless but it doesn't seem to be working, what could be the problem?",contactless_not_working,24
what age do you have to be to open an account?,age_limit,2
can i get spare cards?,getting_spare_card,40
i need a new pin.,change_pin,22
i have gone through my statements and noticed there is a large payment that i did not make. can i still dispute the payment? its been a while,direct_debit_payment_not_recognised,29
the exchange rate would be?,exchange_rate,33
can i exchange usd for gbp in your app?,exchange_via_app,34
why is it important to verify my identity?,why_verify_identity,74
how do i know what the exchange rate will be when i make an exchange.,exchange_rate,33
i think the exchange rate on my card payment is incorrect.,card_payment_wrong_exchange_rate,18
i have an unauthorized transaction on my statement,card_payment_not_recognised,17
"i believe my money did not go through with my top up, was there a problem on your end?",top_up_reverted,61
i didn't make this payment!,card_payment_not_recognised,17
how do i receive a disposable virtual card?,get_disposable_virtual_card,38
can i make sure my card is delivered on a specific day?,card_delivery_estimate,13
can someone assist me with updating my account details with changing my last name?,edit_personal_details,31
which atm's accept my card?,atm_support,4
what's the earliest time to receive my card?,card_delivery_estimate,13
no refund showing in my statement.,Refund_not_showing_up,0
i don't see a money transfer yet,pending_transfer,49
why won't the atm let me withdraw money?,declined_cash_withdrawal,27
i want to reverse a purchase. can i cancel it?,request_refund,52
can you refund my purchase?,request_refund,52
why was i charged a random fee for a transfer i made?,transfer_fee_charged,64
can i change my pin at any atm?,change_pin,22
what currencies can i exchange?,fiat_currency_support,37
can someone help with my passcode?,passcode_forgotten,45
my google pay top up isn't working. help.,apple_pay_or_google_pay,3
i want to transfer money with my credit card.,topping_up_by_card,62
your exchange rate was off. i was charged extra on my payment that i made last saturday.,card_payment_wrong_exchange_rate,18
i did a topup successfully but its not showing in balance. i think there is some problem in system.,top_up_reverted,61
can you track my card for me?,card_arrival,12
i no longer want this can i cancel my purchase?,request_refund,52
the exchange rate was incorrect for an item i bought.,card_payment_wrong_exchange_rate,18
why is my atm cash withdrawal not working?,declined_cash_withdrawal,27
what methods are available for my friend to send me money?,receiving_money,51
the exchange rate for my withdrawal is wrong,wrong_exchange_rate_for_cash_withdrawal,76
"a transaction i did to my friend hasn't arrived yet, why?",transfer_not_received_by_recipient,66
i submitted a transaction to the incorrect account.,cancel_transfer,9
i used a check check yesterday to balance my account and it isn't showing up?,balance_not_updated_after_cheque_or_cash_deposit,7
can i top-up any amount?,top_up_limits,60
how come my card doesn't work anymore?,card_not_working,15
can i see where my money came from?,verify_source_of_funds,70
i need to cancel my recent transfer as soon as possible. i made an error there. please help before it goes through.,cancel_transfer,9
tell me why my transfer is declined.,declined_transfer,28
what happened to the transfer i did?,balance_not_updated_after_bank_transfer,6
"i need to make a transfer, what will the fee be?",top_up_by_bank_transfer_charge,56
what currencies will this app exchange?,exchange_via_app,34
can i do a transfer with swift,top_up_by_bank_transfer_charge,56
"looks like my card payment was made two time by mistake. i went to pay at the store earlier which rejected once, second time it worked. app is on pending for one of the payments. can you please remove one of them as it's wrong and clearly was declined?",transaction_charged_twice,63
what are my payment options for topping off my account?,top_up_by_cash_or_cheque,58
there is a transfer not showing on my account.,balance_not_updated_after_bank_transfer,6
the expiration date of my card is approaching .,card_about_to_expire,10
help me activate my new card.,activate_my_card,1
what countries are you currently in?,country_support,25
what are disposable virtual cards?,get_disposable_virtual_card,38
why was i charged more than i should have been?,extra_charge_on_statement,35
can i use this app for any currency?,supported_cards_and_currencies,54
i did a card payment but its status is still coming as pending. please check and inform when it would complete.,pending_card_payment,46
i did a payment but the app cancelled it.,reverted_card_payment?,53
what is this cash withdrawal i don't recognize?,cash_withdrawal_not_recognised,21
how can i cancel my transfer?,cancel_transfer,9
"if someone sends me money, will i be charged?",top_up_by_bank_transfer_charge,56
what do i need to do to get a refund?,request_refund,52
is there a fee for exchanging currencies?,exchange_charge,32
is apple pay a possible top up option?,apple_pay_or_google_pay,3
"my card couldn't complete a transfer, why?",failed_transfer,36
i want to top up my account. can i do it with google pay?,apple_pay_or_google_pay,3
do the disposable cards have any restrictions?,disposable_card_limits,30
why is the payment i made still pending?,pending_card_payment,46
what forms of id should i use for verification?,verify_my_identity,69
how do i delete my account? i am dissatisfied with the service.,terminate_account,55
i want to delete my account. i'm unhappy with the service you're providing.,terminate_account,55
why is there a charged fee for debit or credit card payment?,card_payment_fee_charged,16
"if i lost my phone, how can i stop someone from accessing my account through the app?",lost_or_stolen_phone,43
what's the limit for disposable virtual cards?,disposable_card_limits,30
where can i have a virtual card,getting_virtual_card,41
does the package with my card have tracking?,card_arrival,12
"i had a cheque deposited, but i still haven't seen the cash.",balance_not_updated_after_cheque_or_cash_deposit,7
how do you verify an identity?,verify_my_identity,69
how long do money transfers take?,transfer_not_received_by_recipient,66
"transfers can take up to one day to process before departing for the beneficiary accounts. please confirm that you've entered your account details correctly. sepa transfers can take up to two working days, while swift transfers can take up to five working days.",pending_transfer,49
can i get a visa card?,visa_or_mastercard,73
does it cost extra to exchange foreign currencies?,exchange_charge,32
can i use my mastercard to add money to my account,supported_cards_and_currencies,54
can i top up using my cheque?,top_up_by_cash_or_cheque,58
i lost my phone!,lost_or_stolen_phone,43
are swift transfers available at this bank?,top_up_by_bank_transfer_charge,56
what are the restrictions on the virtual cards?,disposable_card_limits,30
how do i find the verification code for my top-up card?,verify_top_up,71
how do i report my card as lost or stolen?,lost_or_stolen_card,42
why did i only get 20 when i tried to get 100,wrong_amount_of_cash_received,75
"i used my card to top up, but the money is not there!",topping_up_by_card,62
may i choose when it's delivered?,card_delivery_estimate,13
why is my beneficiary not allowed?,beneficiary_not_allowed,8
the atm did not allow me to withdraw,declined_cash_withdrawal,27
why have i not received a virtual card yet?,getting_virtual_card,41
my credit card for was not approved for a top-up transaction. what happened?,top_up_failed,59
how come i don't see my deposit in my account yet?,balance_not_updated_after_cheque_or_cash_deposit,7
"hello, i have a pending transaction in my account due to an atm machine that wasn't working. in any case if the transaction goes through, after how long can i get my money back?",pending_cash_withdrawal,47
how long do i have to wait until the transferred money shows up?,balance_not_updated_after_bank_transfer,6
what does the bank charge for lost or stolen card replacements?,order_physical_card,44
i see a duplicate payment.,transaction_charged_twice,63
i noticed a new fee on my account. i didn't know there were fees for these payments. what is the policy?,card_payment_fee_charged,16
i just received my card and i'd like to activate it.,activate_my_card,1
"if i need delivery on a certain day, is that something that could be accommodated?",card_delivery_estimate,13
"phone is gone, what should i do",lost_or_stolen_phone,43
if i don't want a physical card can i get a virtual version?,getting_virtual_card,41
can i use my card while on vacation overseas?,card_acceptance,11
why is there a random withdrawal in my app?,cash_withdrawal_not_recognised,21
my passcode won't work.,passcode_forgotten,45
my credit card was just denied for top up! can you tell me why this happened and what's going on?,top_up_failed,59
"over the holiday i withdrew cash from the atm and it seems that i was severely overcharged. had i known that i would be charged those fees, i would not have used the atm!",wrong_exchange_rate_for_cash_withdrawal,76
how much does it cost to get more cards?,getting_spare_card,40
why are my transfers and purchases keep getting declined?,declined_transfer,28
are bank transfers immediate?,balance_not_updated_after_bank_transfer,6
"i was trying to make a transfer and got an error message telling me it was not possible to make the transfer. this has never happened before, what happened?",beneficiary_not_allowed,8
how do i find the refund on my statement?,Refund_not_showing_up,0
can this app help me exchange currencies?,exchange_via_app,34
can i obtained a visa card,visa_or_mastercard,73
i want to transfer from accounts in order to top up. what are the steps necessary.,transfer_into_account,65
i got a fee for an atm withdrawal.,cash_withdrawal_charge,20
the exchange rate for me was wrong when i was abroad.,wrong_exchange_rate_for_cash_withdrawal,76
the top-up card is verified how?,verify_top_up,71
how do i receive a virtual card?,getting_virtual_card,41
there are funds in my app that i did not receive.,cash_withdrawal_not_recognised,21
"i'm looking in the app and can't find my pin, where should i look?",get_physical_card,39
i put money in my account a week ago but its still not there?? what happened to my money?,balance_not_updated_after_cheque_or_cash_deposit,7
"hey i need help urgently. i just realised i sent my payment to the wrong account number, there is a typo! please cancel it immediately, i can't do it anymore from the app",cancel_transfer,9
i think my statement has a fraudulent charge,card_payment_not_recognised,17
i would like to transfer money from my checking account to my savings account.,transfer_into_account,65
there's a card payment with a name i don't recognize,card_payment_not_recognised,17
"when i travel, what will it cost to switch for my currency?",exchange_charge,32
why did my top-up get reverted?,top_up_reverted,61
my card hasn't came in the mail yet?,card_arrival,12
should i complete my security verification before i can use my account?,why_verify_identity,74
what is the extra 1 on my statement for?,extra_charge_on_statement,35
will a transfer incur a fee?,top_up_by_bank_transfer_charge,56
why couldn't i complete a transfer?,failed_transfer,36
can you delete the account?,terminate_account,55
why is there a fee for withdrawing?,cash_withdrawal_charge,20
how do i set my physical card pin?,get_physical_card,39
can you tell me where can change my pin?,change_pin,22
is a non-electronic card available as well,order_physical_card,44
i transferred some money to my mom 2 days ago and she has not received it. i double checked the information and it looks right. can you help me?,transfer_not_received_by_recipient,66
why can i not get cash from the atm?,declined_cash_withdrawal,27
why does it say pending cash withdrawal on my statement?,pending_cash_withdrawal,47
how many miles away is the atm?,atm_support,4
unknowingly to me the payment sent to seller has been redeposied back in my account. i do not know why it would take out the payment and then put it back in my account. can you resolve this as soon as possible?,reverted_card_payment?,53
what are all of the different steps for identity checks?,verify_my_identity,69
i tried topping up for the first time today since i am a new customer. it doesn't appear that it's working. it has been pending for at least half an hour. please take care of this.,pending_top_up,48
how do i know what exchange rate i will get?,exchange_rate,33
why isn't my top-up going through?,pending_top_up,48
a fee was charged for my recent withdrawal.,cash_withdrawal_charge,20
"the transfer keeps failing , i tried to transfer some money to friends this morning but it keeps getting rejected for some reason, would you please check the issue ?",failed_transfer,36
my card was taken by the atm.,card_swallowed,19
"everything i have was stolen yesterday making it so i don't have access to the app, what should i do?",lost_or_stolen_phone,43
how long do bank transfers usually take?,balance_not_updated_after_bank_transfer,6
please tell me why i was charged additionally when i used the card.,card_payment_fee_charged,16
i have withdrawn cash from the atm but it is showing in my account as a pending transation. why is this?,pending_cash_withdrawal,47
can i call to get my card activated?,activate_my_card,1
what currencies do you support?,fiat_currency_support,37
my salary is in gbp. do i need to configure this somewhere?,receiving_money,51
which locations can i withdraw money from?,atm_support,4
why does my payment appear as pending?,pending_card_payment,46
"hi, during online shopping payment is getting declined yesterday and today as well. please check the issue.",declined_transfer,28
what is the dollar that i have pending on my statement there?,extra_charge_on_statement,35
"hi, i tried to top up my card today and it did not work. i have tried it in the past and it worked just fine but it won't do it anymore. can you help me out?",top_up_failed,59
the incorrect rate was used in my foreign purchase,card_payment_wrong_exchange_rate,18
im not sure why im being charged an extra fee just for purchasing an item from another country? i paid for the item and the shipping why am i getting charged extra?,transfer_fee_charged,64
how can i exchange aud for gbp?,exchange_via_app,34
the atm machines keep declining my card and i don't know why. i thought i had money in my account. why is this happening?,declined_cash_withdrawal,27
when can i expect my transfer to reach my account?,transfer_timing,67
does a us transfer take long,transfer_timing,67
"when i use my card, it says decline?",declined_card_payment,26
"i've waited 2 days for a transfer to reach a retailers account, am i going to have to wait longer.",transfer_not_received_by_recipient,66
are there any sort of fees involved for top of transfers?,top_up_by_bank_transfer_charge,56
i requested a refund and it is missing.,Refund_not_showing_up,0
this rate is too low. are you sure your using the right exchange rate.,card_payment_wrong_exchange_rate,18
there is a cash withdrawal from an atm listed but i don't remember making this withdrawal.,cash_withdrawal_not_recognised,21
what can i do if my card details where stolen from my car? i think they used my card to buy gas.,compromised_card,23
how do i go about ordering a new bank card?,card_about_to_expire,10
i can't get my card to work.,card_not_working,15
"i have been charged more than i should for the presents i bought when abroad, the problem seems to be the exchange rate.",card_payment_wrong_exchange_rate,18
"can you tell me how long it would take, to make a transfer from france? i made one 2 days ago and its not there yet.",balance_not_updated_after_bank_transfer,6
i haven't received my cash yet.,wrong_amount_of_cash_received,75
"i made a bank transfer from my uk account today, but it's not showing. can you check status?",balance_not_updated_after_bank_transfer,6
"i am getting an error stating my transfer is not possible while transferring money. let me know the issue as its the first time i am getting error, earlier it used to work.",beneficiary_not_allowed,8
i tried to transfer money but it said it wasn't possible? i've done this before and it worked why isn't it working now?,beneficiary_not_allowed,8
what if my top up is reverted?,top_up_reverted,61
please help me. my card is missing.,lost_or_stolen_card,42
how many cards am i allowed?,getting_spare_card,40
"while getting cash, i was charged a fee.",cash_withdrawal_charge,20
i made a transaction but did it to the wrong account.,cancel_transfer,9
i made a payment and it is showing up twice,transaction_charged_twice,63
some cash has been withdrawn but i didn't do it.,cash_withdrawal_not_recognised,21
what are your supported countries?,country_support,25
i mistook my pin and now i am locked. can you unlock me?,pin_blocked,50
i have a canceled top-up and wanted to know about it.,top_up_reverted,61
i couldn't do a transfer to an account,beneficiary_not_allowed,8
i made the incorrect payment for my rent yesterday and this needs to be fixed by no later than tomorrow. how can you help?,cancel_transfer,9
can i reset the passcode?,passcode_forgotten,45
i have friends that would like to top-up my account is that possible?,topping_up_by_card,62
how can i add money automatically?,automatic_top_up,5
what is the function of the disposable cards?,get_disposable_virtual_card,38
i would like to receive a few more physical cards.,getting_spare_card,40
i don't recognise a card payment,card_payment_not_recognised,17
how do i see my card in the app?,card_linking,14
i withdrew cash and was charged. why?,cash_withdrawal_charge,20
"how long does it typically take a transfer to go through? i sent some money to a friend earlier today, and she really needs it. it still is a pending transfer, even though i sent it a few hours ago.",transfer_not_received_by_recipient,66
where do i find pin for my card?,pin_blocked,50
i would like to know if i can top up with google pay.,apple_pay_or_google_pay,3
why is there a direct debit set up in my name?,direct_debit_payment_not_recognised,29
salary in gbp has been received. does it need to be configured into another place?,receiving_money,51
my transfer was declined. what might the reason be?,declined_transfer,28
why did you charge me extra?,extra_charge_on_statement,35
i inadvertently completed a transaction on a wrong account.,cancel_transfer,9
what are the steps for changing my passcode?,passcode_forgotten,45
do top-ups have a limit?,top_up_limits,60
why hasn't my transaction been completed?,transfer_not_received_by_recipient,66
"i want to top up by using a credit card, which ones do you support?",supported_cards_and_currencies,54
i've been waiting for a top up to come through for over an hour and i need the funds now.,pending_top_up,48
why was i charged an extra pound?,extra_charge_on_statement,35
i am unaware of what my password is.,passcode_forgotten,45
hello. i checked my transactions and saw i was double charged on my card for a restaurant visit. i would like to get my money back.,transaction_charged_twice,63
i just had a look at my statement. why have i been changed for using the atm?,cash_withdrawal_charge,20
"i noticed a fee, while banking abroad, that seems different than any i have been charged before. what does this fee mean?",transfer_fee_charged,64
what is the highest amount i can top-up?,top_up_limits,60
why am i being asked to have an identity check,why_verify_identity,74
i think i have an extra transfer charge.,transfer_fee_charged,64
"hi need your help for getting the refund or cancel the payment of an item, i have ordered but still have not received it.",request_refund,52
"i deposited a cheque, why isn't my balance showing that i did?",balance_not_updated_after_cheque_or_cash_deposit,7
will i be charged a fee for topping up using a european card?,top_up_by_card_charge,57
there's a cash withdrawal on my account that i didn't make,cash_withdrawal_not_recognised,21
does the pin come under separate cover?,get_physical_card,39
i sent a transfer to a friend that needs it urgently. it has already been 2 hours and still hasn't come through to her. how long does it normally take?,transfer_not_received_by_recipient,66
i did a transfer and i was charged a fee that shouldn't be there!,transfer_fee_charged,64
i was just going over my transactions for the past couple of months and noticed a large type charge that i know i did not make. even though it's been a while can i please still dispute this?,direct_debit_payment_not_recognised,29
i want to change my address.,edit_personal_details,31
where to funds come from,verify_source_of_funds,70
why can't i see my topup in my wallet anymore?,topping_up_by_card,62
the app doesn't believe its me.,unable_to_verify_identity,68
card activation steps,activate_my_card,1
i moved and need to change my personal information.,edit_personal_details,31
"my card keeps getting declined when i try to use it. i would like to top-up, but it is not going though.",top_up_failed,59
is the bank the only place i can change my pin,change_pin,22
how much does it cost to top up a us-issued card?,top_up_by_card_charge,57
my transfer is still coming up as pending.,pending_transfer,49
i need to exchange foreign currency will i be charged?,exchange_charge,32
"i am having a slight problem with my american express in apple play, can you help me fix the problem with top up?",apple_pay_or_google_pay,3
why was i overcharged a pound!?,extra_charge_on_statement,35
i've deposited a check in my account but the cash isn't showing as available.,balance_not_updated_after_cheque_or_cash_deposit,7
is there a fee for withdrawing cash?,cash_withdrawal_charge,20
where can i located the auto top up function?,automatic_top_up,5
how long does it take for a card to arrive?,card_delivery_estimate,13
are there limits to top-ups?,top_up_limits,60
"there was just a withdrawal but it wasn't me, i've never even visited the town where the withdrawal happened.",cash_withdrawal_not_recognised,21
what do i do about my expired card?,card_about_to_expire,10
where can my card be used?,card_acceptance,11
i got charged fees for withdrawing cash!,cash_withdrawal_charge,20
why was there a fee when i pulled cash?,cash_withdrawal_charge,20
how can i change to my married name?,edit_personal_details,31
"i stupidly initiated a rent payment from the wrong account yesterday. it can't be paid from that account, but it really needs to get paid on time. am i able to move the payment to the right account?",cancel_transfer,9
do you offer a discount on multiple currency exchanges?,exchange_charge,32
"i no longer want to transfer funds, can we cancel that transaction?",cancel_transfer,9
"there are a couple payments with my card shown in the app that i really didn't make myself. what's going on with this, does someone has access to my card?!",card_payment_not_recognised,17
a transfer has been made in my account that i need to cancel. this was a mistake on my part and i hope we can get this resolved quickly.,cancel_transfer,9
my recipient hasn't received the money,transfer_not_received_by_recipient,66
i can't access my account.,passcode_forgotten,45
how can i change usd to gbp?,exchange_via_app,34
i'm trying to purchase a flat but i need my first payment for my mortgage to go through first. i keep getting an error. i'm not sure what is going on but i need help making this transfer.,failed_transfer,36
how long will my transfer stay pending?,pending_transfer,49
please tell me the limit to topping-up.,top_up_limits,60
"my order hasn't shown up yet, what can i do?",request_refund,52
i can't use my card because it is not working.,card_not_working,15
any place that takes mastercard would be fine.,card_acceptance,11
i think there has been a mistake with my transfer,declined_transfer,28
whats your exchange rate,exchange_charge,32
how do i validate my identity.,verify_my_identity,69
"if my account is low in funds, can i set an auto top-up?",automatic_top_up,5
my transfer to my account is missing.,balance_not_updated_after_bank_transfer,6
where is the closest atm i can use?,atm_support,4
i need this item refunded,request_refund,52
the recipient can not locate funds.,transfer_not_received_by_recipient,66
your service is bad. close my account.,terminate_account,55
can i link an existing card?,card_linking,14
"someone has copied my card. i have my card with me, but someone just made a 500 cash withdrawal. please help now.",cash_withdrawal_not_recognised,21
my atm withdrawal was declined.,declined_cash_withdrawal,27
how long will a cash withdrawal be pending?,pending_cash_withdrawal,47
how can i tell what the limit is to top-ups?,top_up_limits,60
what is the cause that the transfer shows as pending?,pending_transfer,49
my top up is not working,top_up_failed,59
i don't think i made this payment that is showing up,card_payment_not_recognised,17
can i have more than one card?,getting_spare_card,40
who else can top up my account,topping_up_by_card,62
someone used my card without my permission.,compromised_card,23
"i think my identity has been stolen, can you check on unauthorized charges?",compromised_card,23
what are weekend rates for getting cash,wrong_exchange_rate_for_cash_withdrawal,76
i have been charged twice on my statement.,transaction_charged_twice,63
"i see in the app some cash was withdrawn, but it's not mine.",cash_withdrawal_not_recognised,21
"what stopped my transfer, from being accepted?",failed_transfer,36
i completed a payment with my card a while ago. it's still showing up as pending. what time frame does this normally take? it doesn't appear to have worked.,pending_card_payment,46
i would like to know how to transfer money into my account.,transfer_into_account,65
"i may need to exchange my usd for gbp, can your app do that?",exchange_via_app,34
how much does it cost for additional cards?,getting_spare_card,40
i have a payment that i didn't make.,card_payment_not_recognised,17
please help me make a transfer. i keep receiving an error and i'm trying to make the initial mortgage payment for a flat i'm buying. what is the deal here?,failed_transfer,36
can you tell me what i need for the identity check?,verify_my_identity,69
the machine gave me the wrong amount of cash.,wrong_amount_of_cash_received,75
is my card usable anywhere?,card_acceptance,11
there is unusual activity on my account and i believe someone took my card.,compromised_card,23
which fiat currencies are supported by you?,fiat_currency_support,37
how can i reset my pin?,change_pin,22
why is my deposit still pending?,balance_not_updated_after_cheque_or_cash_deposit,7
please tell me how i verify my identity.,verify_my_identity,69
why can't i top up with a cheque?,top_up_by_cash_or_cheque,58
how do i use bank transfer to top up my account?,transfer_into_account,65
why was my top-up rejected?,top_up_failed,59
where can i go to get my pin unblocked?,pin_blocked,50
i'm pretty sure my top up is still pending.,pending_top_up,48
how long will the 1 charge show as pending?,extra_charge_on_statement,35
i haven't used my card all day but there is a payment showing in the app. please cancel it!,direct_debit_payment_not_recognised,29
the money would not transfer to a beneficiary.,beneficiary_not_allowed,8
the cast deposit from a week ago still is not in my account. why?,balance_not_updated_after_cheque_or_cash_deposit,7
i am reluctant to use atms international because i don't get an accurate exchange rate,wrong_exchange_rate_for_cash_withdrawal,76
what countries do you do business in?,country_support,25
"i tried verifying my id, but it won't let me.",unable_to_verify_identity,68
i have exceeded the number of pin attempts,pin_blocked,50
somebody used my card without my knowledge!,compromised_card,23
when are cards shipped?,card_delivery_estimate,13
can i have a duplicate second card?,getting_spare_card,40
am i able to order a new card and have it sent to me in china?,card_about_to_expire,10
fix my contactless,contactless_not_working,24
i got cash abroad and need to check the exchange rate,wrong_exchange_rate_for_cash_withdrawal,76
cancel transaction,cancel_transfer,9
can you explain how to transfer money into my account for me?,transfer_into_account,65
tell me how many transactions i can do with a disposable card.,disposable_card_limits,30
help! i can't find my card.,lost_or_stolen_card,42
is there a charge for getting my money?,top_up_by_bank_transfer_charge,56
what is the max top-up?,top_up_limits,60
i've tried looking for the auto-top up option on your website and i can't seem to find it. can you help me?,automatic_top_up,5
my transfer didn't work how come?,failed_transfer,36
my refund isn't showing up on my statement.,Refund_not_showing_up,0
can i exchange from usd to gbp?,exchange_via_app,34
need to report a change of address.,edit_personal_details,31
i need a refund on an item i have not received. am i able to simply cancel the payment? i don't know how to do this.,request_refund,52
"my american express works with my apple pay, why is top up not working?",apple_pay_or_google_pay,3
do i have an option between visa and mastercard?,visa_or_mastercard,73
what locations are you in?,country_support,25
do i have to pay more for exchanges?,exchange_charge,32
help me please! my card was stolen!,lost_or_stolen_card,42
what different ways are there for someone to send me money?,receiving_money,51
how do i track the moeney,verify_source_of_funds,70
where do my funds come from?,verify_source_of_funds,70
somebody stole my wallet and is using my card! can you do something so they can't keep taking my money?,cash_withdrawal_not_recognised,21
"hello, i see that i have been charged an extra 1 on my app. could you please provide me with a reason for this charge?",extra_charge_on_statement,35
my purchase used the wrong exchange rate,card_payment_wrong_exchange_rate,18
can both visa and mastercard be chosen?,visa_or_mastercard,73
"i thought transfers were free, why was i charged a fee?",transfer_fee_charged,64
my phone is not with me at the moment so i will not be able to access the app.,lost_or_stolen_phone,43
where is the verification code display?,verify_top_up,71
how long until the money is in my account?,transfer_timing,67
what do i do to verify my source of funds?,verify_source_of_funds,70
i'm wanting to get a visa card today.,visa_or_mastercard,73
i'd rather get a mastercard,visa_or_mastercard,73
how do i go through the process of currency exchange?,exchange_via_app,34
my top up is pending.,pending_top_up,48
what is the currency exchange fee?,exchange_charge,32
where to check top ups pending?,pending_top_up,48
how long will my transfer be pending?,pending_transfer,49
"transferred to account is not successful, help please?",balance_not_updated_after_bank_transfer,6
"i'm currently not in possession of my phone, is it still possible to go about things normally without access to the app?",lost_or_stolen_phone,43
i can't find the auto-top up option.,automatic_top_up,5
how do i find out where my funds came from?,verify_source_of_funds,70
i would like to cancel my order.,request_refund,52
i want to auto top-up.,automatic_top_up,5
where do i top up?,top_up_by_cash_or_cheque,58
i need more physical cards than i have right now!,getting_spare_card,40
"there are multiple instances where you added a fee to the payment, as well as some where you didn't. do you have an outline of when a fee will be added?",card_payment_fee_charged,16
i got charged a service fee on my account. can it be waived since i didn't know about it before?,card_payment_fee_charged,16
where can i exchange between gbp and usd,exchange_via_app,34
withdrawal pending meaning?,pending_cash_withdrawal,47
i didn't enjoy my tutor session and want a refund back. how do i go about doing this?,request_refund,52
have you started charging for cash withdrawals? i always thought it was free until i noticed this fee. how much is the fee?,cash_withdrawal_charge,20
i noticed the currency exchange rate was incorrect after paying for something in a foreign country.,card_payment_wrong_exchange_rate,18
won't let me top my card up!! who can get it sorted out for me? it's urgent! how do i find out what the problem is with my card and how else to top it up?,top_up_failed,59
what is the length of time for one of these items to come to the u.s?,card_delivery_estimate,13
what do i do if i still have not received my new card?,card_arrival,12
"my card has an issue, the payment has been deferred.",reverted_card_payment?,53
is there any discount for someone that exchanges currencies frequently?,exchange_charge,32
how can i change my account details?,edit_personal_details,31
i wish to be able to top up with cash.,top_up_by_cash_or_cheque,58
how do i know where my funds come from?,verify_source_of_funds,70
is my card actually working? it's the first time i tried using it,declined_cash_withdrawal,27
why was my top-up unsuccessful?,top_up_failed,59
the cash abroad exchange rate is applied wrong.,wrong_exchange_rate_for_cash_withdrawal,76
what is the timeframe for a transfer in europe?,transfer_timing,67
i've got a repeated tranasaction on my card.,transaction_charged_twice,63
how can i use american express to add funds to my account?,supported_cards_and_currencies,54
what are your international exchange rates?,exchange_rate,33
"i transferred a payment a couple days ago and it shows done, but it has not been received. could you please help me?",transfer_not_received_by_recipient,66
how can i top up my google pay?,apple_pay_or_google_pay,3
i cannot find my refund on my statement.,Refund_not_showing_up,0
are there any fees when exchanging to foreign currencies?,exchange_charge,32
tell me how i can order my card.,order_physical_card,44
i tried to send someone money but they haven't received it.,transfer_not_received_by_recipient,66
"i'm waiting for a transfer from the us, how much longer?",transfer_timing,67
when do i get my card pin?,get_physical_card,39
why did i get charged for a withdrawal?,cash_withdrawal_charge,20
my card payment was cancelled. why?,reverted_card_payment?,53
"i had a problem with my card payment, can you help?",declined_card_payment,26
explain the activation method for this card,activate_my_card,1
why hasn't the money transfer arrived yet?,transfer_not_received_by_recipient,66
where do i go to transfer money from one account to this one,transfer_into_account,65
why has my new card still not come?,card_arrival,12
how long does it take to show a deposit i made to my balance?,balance_not_updated_after_cheque_or_cash_deposit,7
my preference is mastercard.,visa_or_mastercard,73
i didn't know i was going to get charged to use my card.,card_payment_fee_charged,16
"while doing a transfer, it says declined.",declined_transfer,28
i got charged two times for a transaction,transaction_charged_twice,63
can i link my card i previously received?,card_linking,14
how can i find the nearest atm?,atm_support,4
how can i check the source for my funds?,verify_source_of_funds,70
whats the exchange charge,exchange_charge,32
"i need to get a card, but i live in the us.",country_support,25
why are you declining my payment? everything was fine.,declined_card_payment,26
can it automatically top-up money if there isn't much left?,automatic_top_up,5
how should i add money to my card,top_up_by_card_charge,57
"i had a cheque deposited, but i don't see my money yet?",balance_not_updated_after_cheque_or_cash_deposit,7
i think someone stole my card number and brought stuff in different places that i have never been to. i need to suspend any further purchase on my credit card.,compromised_card,23
what will i need for identity verification?,verify_my_identity,69
i can't see my latest bank transfer,balance_not_updated_after_bank_transfer,6
i am extremely unhappy with this app and want to get rid of my account?,terminate_account,55
help me locate the nearest atm.,atm_support,4
i want to use a cheque to pay.,top_up_by_cash_or_cheque,58
why was i charged a fee for my card payment?,card_payment_fee_charged,16
"hi, i have transferred money but beneficiary's account is credited with less amount. now i have transfer the difference of the amount. i think there is some issue, could you please look into this.",transfer_fee_charged,64
can i receive my card anywhere?,order_physical_card,44
my payment is in the app but hasn't gone through yet,pending_card_payment,46
my top-up was cancelled and i am writing to ask if i need to complete the 3d secure authentication section before i submit it.,top_up_reverted,61
if my transfer is from europe how long will it take?,transfer_timing,67
what is needed to prove my identity?,verify_my_identity,69
i have a reverted top up i made and wanted to know why it didn't go through.,top_up_reverted,61
i don't have a way to prove my identity.,unable_to_verify_identity,68
if i find a card i lost do i need to dispose of it? or can i re-active the card and continue to use it?,card_linking,14
my pin isn't working.,pin_blocked,50
are there any limits on where i can use my card?,card_acceptance,11
i do not see the card pin anywhere?,get_physical_card,39
i need a list of currencies you accept for exchange.,fiat_currency_support,37
does this program take swift transfers?,top_up_by_bank_transfer_charge,56
my transfer did not seem to work.,failed_transfer,36
what kind of currencies can i use to add money?,supported_cards_and_currencies,54
i would appreciate it if i could get an item refunded,request_refund,52
"my refund has not arrived, and i am unsure why. who do i contact?",Refund_not_showing_up,0
which currencies do you work with?,supported_cards_and_currencies,54
where in the app can i find out about my new pin,get_physical_card,39
"help! i'm missing money, i deposited a cheque but its not showing on my balance.",balance_not_updated_after_cheque_or_cash_deposit,7
i was charged an incorrect exchange rate for a withdrawal.,wrong_exchange_rate_for_cash_withdrawal,76
i requested a refund but can't see it.,Refund_not_showing_up,0
do i have to manually top up once i'm too low?,automatic_top_up,5
show me how to verify my identity?,verify_my_identity,69
"i am blocked now because i entered the wrong pin, need help.",pin_blocked,50
can i have it be delivered at a certain time?,card_delivery_estimate,13
why is there a fee added to my statement?,extra_charge_on_statement,35
is there a charge for getting cash?,cash_withdrawal_charge,20
terminate my account please,terminate_account,55
how can i check the source of my fund?,verify_source_of_funds,70
i disagree with a charge,card_payment_not_recognised,17
my card still hasn't arrived after 2 weeks. is it lost?,card_arrival,12
how can i find the top-up verification code?,verify_top_up,71
my card is being declined online. could you tell me what might be broken or wrong with the account?,declined_transfer,28
"i am attempting to make a purchase online, but my card is not working. i know there are funds available, is this an issue on the banks end?",reverted_card_payment?,53
can i get a card if i don't reside in the uk?,country_support,25
i left my phone somewhere and can't use the app.,lost_or_stolen_phone,43
can i order a virtual card?,getting_virtual_card,41
there is a charge on my card that i did not make,card_payment_not_recognised,17
the atm won't give me my card back.,card_swallowed,19
"i am worried about the amount of my cheque, which should be credited to my account few days before. as i have already sent you the cheque.",balance_not_updated_after_cheque_or_cash_deposit,7
what do i do? the atm took my card!,card_swallowed,19
i topped up my account but the app failed to process it.,top_up_failed,59
i did a transfer and was charged a fee that i shouldn't have been!,transfer_fee_charged,64
should my cash withdrawal still be pending?,pending_cash_withdrawal,47
approximately how long will an urgent transfer from china take?,transfer_timing,67
how to get card pin?,get_physical_card,39
will my card work at all merchant locations?,card_acceptance,11
"it is still pending, i am still waiting. your system just shows my top-up as pending. what is happening?",pending_top_up,48
why was i chaged twice for the same thing?,transaction_charged_twice,63
i made a bank transfer but it doesn't seem to have gone through?,balance_not_updated_after_bank_transfer,6
why is the exchange rate so high? this should have been a much higher amount of cash for that to apply.,wrong_exchange_rate_for_cash_withdrawal,76
still need to get card pin,get_physical_card,39
how do you determine the exchange rate?,exchange_rate,33
why was my top-up declined?,top_up_reverted,61
so i just put my top-up into the card and it hasn't changed.,pending_top_up,48
why do you require so many identity details?,why_verify_identity,74
what is the time frame for european transfers?,transfer_timing,67
how do i request more physical cards?,getting_spare_card,40
i want to close my account,terminate_account,55
what atms use this card?,atm_support,4
"someone attacked me yesterday and took my things, so i am unable to use the app. i am in need of some help.",lost_or_stolen_phone,43
"i just finished sending money, but it's not logging on the recipient side.",transfer_not_received_by_recipient,66
why can't i topup my account?,top_up_failed,59
"hello, i went ahead and checked my account details to be sure, and they are definitely correct. i've had a transfer pending for a while, and i can't understand why it hasn't gone through yet.",pending_transfer,49
i requested a refund but am unable to see it in my account. why is that?,Refund_not_showing_up,0
i got charged and extra fee when i transferred money so why was i charged?,transfer_fee_charged,64
is there a reason my refund isn't showing on my statement?,Refund_not_showing_up,0
i updated by balance with a cheque yesterday but it isn't showing on my account. did something go wrong?,balance_not_updated_after_cheque_or_cash_deposit,7
where do i link the new card?,card_linking,14
"i'm stuck here at your broken atm and i don't know what to do next. asked for 30 pounds, got 10. atm said i got 30. something very wrong here and i want my money now!",wrong_amount_of_cash_received,75
how do i dispute a direct debit on my account?,direct_debit_payment_not_recognised,29
"i cannot find my phone, what should i do?",lost_or_stolen_phone,43
"i have a disposable card, how many transactions can i make?",disposable_card_limits,30
im not paying this transfer fee,transfer_fee_charged,64
are top-ups unlimited?,top_up_limits,60
why do you guys need to verify my identity?,why_verify_identity,74
help me check where the funds came from.,verify_source_of_funds,70
i was not distributed all of cash that i requested,wrong_amount_of_cash_received,75
my card payment has had the status of pending forever. what is the issue? it should have gone through at some point.,pending_card_payment,46
why was there a fee for paying by card?,card_payment_fee_charged,16
it looks like a payment i've made hasn't made it through yet.,pending_card_payment,46
the atm sucked my card in.,card_swallowed,19
can you explain the transfer fee that i was charged?,transfer_fee_charged,64
please help me figure out the reason for the odd withdrawal amount from my account?,cash_withdrawal_not_recognised,21
do you support other currencies?,fiat_currency_support,37
i want to delete my account. how do i do this?,terminate_account,55
where do i find how to top off with a check?,top_up_by_cash_or_cheque,58
i need to know what your exchange rates are.,exchange_rate,33
i would like my card activated.,activate_my_card,1
what documents are required for proof of identity?,verify_my_identity,69
are contactless payments enabled on my new card?,contactless_not_working,24
please help me! i need to cancel a transaction.,cancel_transfer,9
i'm happy with mastercard and want to stick with just that credit card.,visa_or_mastercard,73
my card doesn't work. i can't get cash out at an atm,declined_cash_withdrawal,27
do i need to go to an office to change my pin?,change_pin,22
can i order a card?,order_physical_card,44
why has my transfer been declined?,declined_transfer,28
help! i need to transfer something to china.,transfer_timing,67
is my transfer pending?,pending_transfer,49
can you tell me the limits for top ups?,top_up_limits,60
will i be charged for transfers?,transfer_fee_charged,64
what are the reasons why you would not be able to process a payment,beneficiary_not_allowed,8
where do i order a virtual card?,getting_virtual_card,41
how long will it take for my transferred money to show up?,balance_not_updated_after_bank_transfer,6
what cards and currencies can i use to top up my account?,supported_cards_and_currencies,54
who do i make a check out to if i want to top off my account?,top_up_by_cash_or_cheque,58
why did my card payment get declined?,declined_card_payment,26
where can i get my card pin?,get_physical_card,39
i don't see my top up in my wallet.,topping_up_by_card,62
how often can i top up my account?,top_up_limits,60
do you support all fiat currencies?,fiat_currency_support,37
"i might need aud instead of gbp, how to change?",exchange_via_app,34
i tried to transfer cryptocurrency into my account but was denied,beneficiary_not_allowed,8
how many physical cards am i allowed to have?,getting_spare_card,40
why does my statement show various transaction times?,transaction_charged_twice,63
my top up may have been reverted,top_up_reverted,61
do you know what your exchange rates are?,exchange_rate,33
what does a pending transaction mean?,pending_card_payment,46
my card isn't working anymore.,card_not_working,15
can i change my pin if i want to?,change_pin,22
when my card expires do you send a new card?,card_about_to_expire,10
tell me how to change my details.,edit_personal_details,31
does it matter which card i use,visa_or_mastercard,73
